"행정구역","2021년01월_총인구수","2021년01월_세대수","2021년01월_세대당 인구","2021년01월_남자 인구수","2021년01월_여자 인구수","2021년01월_남여 비율","2021년02월_총인구수","2021년02월_세대수","2021년02월_세대당 인구","2021년02월_남자 인구수","2021년02월_여자 인구수","2021년02월_남여 비율","2021년03월_총인구수","2021년03월_세대수","2021년03월_세대당 인구","2021년03월_남자 인구수","2021년03월_여자 인구수","2021년03월_남여 비율","2021년04월_총인구수","2021년04월_세대수","2021년04월_세대당 인구","2021년04월_남자 인구수","2021년04월_여자 인구수","2021년04월_남여 비율","2021년05월_총인구수","2021년05월_세대수","2021년05월_세대당 인구","2021년05월_남자 인구수","2021년05월_여자 인구수","2021년05월_남여 비율","2021년06월_총인구수","2021년06월_세대수","2021년06월_세대당 인구","2021년06월_남자 인구수","2021년06월_여자 인구수","2021년06월_남여 비율","2021년07월_총인구수","2021년07월_세대수","2021년07월_세대당 인구","2021년07월_남자 인구수","2021년07월_여자 인구수","2021년07월_남여 비율","2021년08월_총인구수","2021년08월_세대수","2021년08월_세대당 인구","2021년08월_남자 인구수","2021년08월_여자 인구수","2021년08월_남여 비율","2021년09월_총인구수","2021년09월_세대수","2021년09월_세대당 인구","2021년09월_남자 인구수","2021년09월_여자 인구수","2021년09월_남여 비율","2021년10월_총인구수","2021년10월_세대수","2021년10월_세대당 인구","2021년10월_남자 인구수","2021년10월_여자 인구수","2021년10월_남여 비율","2021년11월_총인구수","2021년11월_세대수","2021년11월_세대당 인구","2021년11월_남자 인구수","2021년11월_여자 인구수","2021년11월_남여 비율","2021년12월_총인구수","2021년12월_세대수","2021년12월_세대당 인구","2021년12월_남자 인구수","2021년12월_여자 인구수","2021년12월_남여 비율","2022년01월_총인구수","2022년01월_세대수","2022년01월_세대당 인구","2022년01월_남자 인구수","2022년01월_여자 인구수","2022년01월_남여 비율","2022년02월_총인구수","2022년02월_세대수","2022년02월_세대당 인구","2022년02월_남자 인구수","2022년02월_여자 인구수","2022년02월_남여 비율","2022년03월_총인구수","2022년03월_세대수","2022년03월_세대당 인구","2022년03월_남자 인구수","2022년03월_여자 인구수","2022년03월_남여 비율","2022년04월_총인구수","2022년04월_세대수","2022년04월_세대당 인구","2022년04월_남자 인구수","2022년04월_여자 인구수","2022년04월_남여 비율","2022년05월_총인구수","2022년05월_세대수","2022년05월_세대당 인구","2022년05월_남자 인구수","2022년05월_여자 인구수","2022년05월_남여 비율","2022년06월_총인구수","2022년06월_세대수","2022년06월_세대당 인구","2022년06월_남자 인구수","2022년06월_여자 인구수","2022년06월_남여 비율","2022년07월_총인구수","2022년07월_세대수","2022년07월_세대당 인구","2022년07월_남자 인구수","2022년07월_여자 인구수","2022년07월_남여 비율","2022년08월_총인구수","2022년08월_세대수","2022년08월_세대당 인구","2022년08월_남자 인구수","2022년08월_여자 인구수","2022년08월_남여 비율","2022년09월_총인구수","2022년09월_세대수","2022년09월_세대당 인구","2022년09월_남자 인구수","2022년09월_여자 인구수","2022년09월_남여 비율","2022년10월_총인구수","2022년10월_세대수","2022년10월_세대당 인구","2022년10월_남자 인구수","2022년10월_여자 인구수","2022년10월_남여 비율","2022년11월_총인구수","2022년11월_세대수","2022년11월_세대당 인구","2022년11월_남자 인구수","2022년11월_여자 인구수","2022년11월_남여 비율","2022년12월_총인구수","2022년12월_세대수","2022년12월_세대당 인구","2022년12월_남자 인구수","2022년12월_여자 인구수","2022년12월_남여 비율","2023년01월_총인구수","2023년01월_세대수","2023년01월_세대당 인구","2023년01월_남자 인구수","2023년01월_여자 인구수","2023년01월_남여 비율"
"서울특별시  (1100000000)","9,657,969","4,421,022","          2.18","4,695,999","4,961,970","          0.95","9,648,606","4,427,814","          2.18","4,690,282","4,958,324","          0.95","9,598,484","4,400,403","          2.18","4,667,524","4,930,960","          0.95","9,588,711","4,403,263","          2.18","4,661,711","4,927,000","          0.95","9,575,355","4,403,381","          2.17","4,654,720","4,920,635","          0.95","9,565,990","4,405,638","          2.17","4,649,442","4,916,548","          0.95","9,558,153","4,409,964","          2.17","4,645,177","4,912,976","          0.95","9,550,227","4,416,816","          2.16","4,640,740","4,909,487","          0.95","9,542,256","4,421,143","          2.16","4,636,069","4,906,187","          0.94","9,532,428","4,422,587","          2.16","4,630,630","4,901,798","          0.94","9,520,880","4,424,222","          2.15","4,624,290","4,896,590","          0.94","9,509,458","4,426,007","          2.15","4,618,040","4,891,418","          0.94","9,505,926","4,430,541","          2.15","4,615,631","4,890,295","          0.94","9,508,451","4,442,586","          2.14","4,615,823","4,892,628","          0.94","9,506,778","4,451,444","          2.14","4,613,910","4,892,868","          0.94","9,500,480","4,455,106","          2.13","4,610,082","4,890,398","          0.94","9,496,887","4,460,604","          2.13","4,607,440","4,889,447","          0.94","9,494,807","4,464,840","          2.13","4,605,655","4,889,152","          0.94","9,493,211","4,469,392","          2.12","4,604,405","4,888,806","          0.94","9,488,454","4,472,975","          2.12","4,601,295","4,887,159","          0.94","9,450,768","4,450,525","          2.12","4,582,361","4,868,407","          0.94","9,443,722","4,450,389","          2.12","4,578,459","4,865,263","          0.94","9,436,836","4,448,660","          2.12","4,574,781","4,862,055","          0.94","9,428,372","4,446,296","          2.12","4,570,048","4,858,324","          0.94","9,424,873","4,447,861","          2.12","4,567,739","4,857,134","          0.94"
"서울특별시 종로구 (1111000000)","149,125","75,060","          1.99","72,528","76,597","          0.95","148,884","75,112","          1.98","72,372","76,512","          0.95","147,296","74,113","          1.99","71,644","75,652","          0.95","147,113","74,178","          1.98","71,567","75,546","          0.95","146,377","73,712","          1.99","71,204","75,173","          0.95","146,029","73,525","          1.99","70,985","75,044","          0.95","145,692","73,453","          1.98","70,810","74,882","          0.95","145,551","73,580","          1.98","70,715","74,836","          0.94","145,512","73,652","          1.98","70,666","74,846","          0.94","145,346","73,613","          1.97","70,552","74,794","          0.94","145,073","73,586","          1.97","70,393","74,680","          0.94","144,683","73,494","          1.97","70,183","74,500","          0.94","144,543","73,541","          1.97","70,117","74,426","          0.94","144,575","73,763","          1.96","70,092","74,483","          0.94","144,275","73,766","          1.96","69,911","74,364","          0.94","144,005","73,773","          1.95","69,722","74,283","          0.94","143,850","73,822","          1.95","69,638","74,212","          0.94","143,624","73,728","          1.95","69,513","74,111","          0.94","143,547","73,756","          1.95","69,463","74,084","          0.94","143,499","73,866","          1.94","69,408","74,091","          0.94","141,978","72,797","          1.95","68,652","73,326","          0.94","141,861","72,758","          1.95","68,601","73,260","          0.94","141,650","72,666","          1.95","68,488","73,162","          0.94","141,379","72,524","          1.95","68,395","72,984","          0.94","141,223","72,479","          1.95","68,314","72,909","          0.94"
"서울특별시 중구 (1114000000)","125,038","63,707","          1.96","61,122","63,916","          0.96","124,836","63,789","          1.96","61,018","63,818","          0.96","124,552","63,746","          1.95","60,851","63,701","          0.96","124,477","63,851","          1.95","60,787","63,690","          0.95","123,133","62,847","          1.96","60,106","63,027","          0.95","123,016","62,897","          1.96","60,019","62,997","          0.95","122,951","63,001","          1.95","59,945","63,006","          0.95","122,852","63,130","          1.95","59,868","62,984","          0.95","122,858","63,267","          1.94","59,853","63,005","          0.95","122,781","63,409","          1.94","59,802","62,979","          0.95","122,673","63,493","          1.93","59,743","62,930","          0.95","122,499","63,519","          1.93","59,630","62,869","          0.95","122,315","63,520","          1.93","59,510","62,805","          0.95","122,167","63,644","          1.92","59,446","62,721","          0.95","122,173","63,767","          1.92","59,448","62,725","          0.95","122,087","63,834","          1.91","59,417","62,670","          0.95","122,054","63,880","          1.91","59,368","62,686","          0.95","122,088","63,958","          1.91","59,364","62,724","          0.95","122,138","64,040","          1.91","59,360","62,778","          0.95","121,960","64,011","          1.91","59,309","62,651","          0.95","120,969","63,300","          1.91","58,812","62,157","          0.95","120,648","63,206","          1.91","58,643","62,005","          0.95","120,545","63,167","          1.91","58,610","61,935","          0.95","120,437","63,139","          1.91","58,563","61,874","          0.95","120,317","63,123","          1.91","58,443","61,874","          0.94"
"서울특별시 용산구 (1117000000)","230,045","113,267","          2.03","110,700","119,345","          0.93","230,113","113,600","          2.03","110,646","119,467","          0.93","229,013","112,881","          2.03","110,181","118,832","          0.93","228,755","112,940","          2.03","110,038","118,717","          0.93","227,515","112,275","          2.03","109,494","118,021","          0.93","226,378","111,650","          2.03","108,948","117,430","          0.93","225,977","111,635","          2.02","108,709","117,268","          0.93","224,977","111,419","          2.02","108,220","116,757","          0.93","224,145","111,177","          2.02","107,801","116,344","          0.93","223,713","111,067","          2.01","107,607","116,106","          0.93","223,442","111,126","          2.01","107,486","115,956","          0.93","222,953","111,036","          2.01","107,210","115,743","          0.93","222,573","111,010","          2.00","107,050","115,523","          0.93","222,413","111,134","          2.00","106,881","115,532","          0.93","222,169","111,207","          2.00","106,735","115,434","          0.92","222,009","111,293","          1.99","106,645","115,364","          0.92","222,083","111,508","          1.99","106,666","115,417","          0.92","222,263","111,860","          1.99","106,743","115,520","          0.92","222,262","111,948","          1.99","106,743","115,519","          0.92","222,230","112,074","          1.98","106,686","115,544","          0.92","219,275","109,954","          1.99","105,385","113,890","          0.93","219,102","109,936","          1.99","105,303","113,799","          0.93","218,945","109,905","          1.99","105,222","113,723","          0.93","218,650","109,805","          1.99","105,087","113,563","          0.93","218,412","109,734","          1.99","104,974","113,438","          0.93"
"서울특별시 성동구 (1120000000)","293,103","135,862","          2.16","143,151","149,952","          0.95","292,537","135,958","          2.15","142,904","149,633","          0.96","291,906","135,883","          2.15","142,506","149,400","          0.95","291,534","135,884","          2.15","142,277","149,257","          0.95","289,656","134,664","          2.15","141,358","148,298","          0.95","289,162","134,542","          2.15","141,042","148,120","          0.95","288,703","134,493","          2.15","140,811","147,892","          0.95","288,214","134,507","          2.14","140,517","147,697","          0.95","287,820","134,620","          2.14","140,290","147,530","          0.95","287,174","134,517","          2.13","139,958","147,216","          0.95","286,599","134,400","          2.13","139,709","146,890","          0.95","285,990","134,233","          2.13","139,380","146,610","          0.95","285,516","134,126","          2.13","139,135","146,381","          0.95","285,137","134,286","          2.12","138,866","146,271","          0.95","285,073","134,533","          2.12","138,847","146,226","          0.95","284,573","134,437","          2.12","138,581","145,992","          0.95","284,173","134,357","          2.12","138,373","145,800","          0.95","283,821","134,327","          2.11","138,162","145,659","          0.95","283,618","134,387","          2.11","138,046","145,572","          0.95","283,603","134,616","          2.11","138,050","145,553","          0.95","282,250","133,819","          2.11","137,351","144,899","          0.95","281,694","133,599","          2.11","137,075","144,619","          0.95","281,370","133,435","          2.11","136,901","144,469","          0.95","281,000","133,305","          2.11","136,633","144,367","          0.95","280,707","133,293","          2.11","136,442","144,265","          0.95"
"서울특별시 광진구 (1121500000)","346,067","167,561","          2.07","166,964","179,103","          0.93","345,248","167,677","          2.06","166,535","178,713","          0.93","343,392","166,638","          2.06","165,747","177,645","          0.93","343,006","166,666","          2.06","165,555","177,451","          0.93","342,812","166,866","          2.05","165,461","177,351","          0.93","342,481","166,957","          2.05","165,233","177,248","          0.93","342,111","167,057","          2.05","165,039","177,072","          0.93","341,505","167,233","          2.04","164,748","176,757","          0.93","341,112","167,438","          2.04","164,553","176,559","          0.93","340,814","167,559","          2.03","164,425","176,389","          0.93","340,339","167,661","          2.03","164,212","176,127","          0.93","339,996","167,949","          2.02","164,058","175,938","          0.93","340,002","168,238","          2.02","163,993","176,009","          0.93","340,494","168,975","          2.02","164,226","176,268","          0.93","340,707","169,483","          2.01","164,346","176,361","          0.93","340,396","169,638","          2.01","164,191","176,205","          0.93","340,062","169,769","          2.00","164,091","175,971","          0.93","339,893","169,856","          2.00","163,920","175,973","          0.93","339,853","169,985","          2.00","163,882","175,971","          0.93","339,567","170,014","          2.00","163,692","175,875","          0.93","338,257","169,338","          2.00","163,038","175,219","          0.93","337,900","169,382","          1.99","162,844","175,056","          0.93","337,713","169,376","          1.99","162,699","175,014","          0.93","337,416","169,291","          1.99","162,541","174,875","          0.93","337,258","169,416","          1.99","162,460","174,798","          0.93"
"서울특별시 동대문구 (1123000000)","342,034","167,524","          2.04","169,337","172,697","          0.98","341,756","167,854","          2.04","169,139","172,617","          0.98","338,875","165,924","          2.04","167,895","170,980","          0.98","338,480","166,000","          2.04","167,643","170,837","          0.98","338,233","166,197","          2.04","167,463","170,770","          0.98","338,040","166,372","          2.03","167,335","170,705","          0.98","337,946","166,670","          2.03","167,252","170,694","          0.98","337,857","167,136","          2.02","167,140","170,717","          0.98","337,846","167,591","          2.02","167,083","170,763","          0.98","337,538","167,754","          2.01","166,842","170,696","          0.98","337,316","167,960","          2.01","166,591","170,725","          0.98","337,400","168,219","          2.01","166,646","170,754","          0.98","337,419","168,435","          2.00","166,657","170,762","          0.98","337,881","169,211","          2.00","166,852","171,029","          0.98","337,982","169,695","          1.99","166,823","171,159","          0.97","337,570","169,650","          1.99","166,554","171,016","          0.97","337,443","169,815","          1.99","166,447","170,996","          0.97","337,330","169,931","          1.99","166,348","170,982","          0.97","337,198","170,066","          1.98","166,236","170,962","          0.97","337,233","170,413","          1.98","166,170","171,063","          0.97","337,106","170,068","          1.98","166,051","171,055","          0.97","337,273","170,169","          1.98","166,113","171,160","          0.97","337,241","170,154","          1.98","166,070","171,171","          0.97","336,644","169,873","          1.98","165,755","170,889","          0.97","336,415","169,716","          1.98","165,657","170,758","          0.97"
"서울특별시 중랑구 (1126000000)","394,532","186,225","          2.12","194,990","199,542","          0.98","393,933","186,457","          2.11","194,665","199,268","          0.98","392,041","185,506","          2.11","193,752","198,289","          0.98","391,502","185,458","          2.11","193,444","198,058","          0.98","390,476","185,026","          2.11","192,923","197,553","          0.98","389,972","185,073","          2.11","192,688","197,284","          0.98","389,428","185,131","          2.10","192,355","197,073","          0.98","388,911","185,333","          2.10","192,060","196,851","          0.98","388,554","185,497","          2.09","191,832","196,722","          0.98","388,218","185,505","          2.09","191,601","196,617","          0.97","387,667","185,514","          2.09","191,305","196,362","          0.97","387,350","185,712","          2.09","191,112","196,238","          0.97","387,598","186,076","          2.08","191,221","196,377","          0.97","388,606","187,004","          2.08","191,682","196,924","          0.97","389,043","187,693","          2.07","191,835","197,208","          0.97","388,941","187,953","          2.07","191,741","197,200","          0.97","388,736","188,134","          2.07","191,575","197,161","          0.97","388,509","188,188","          2.06","191,433","197,076","          0.97","388,307","188,269","          2.06","191,193","197,114","          0.97","387,840","188,283","          2.06","190,931","196,909","          0.97","386,390","187,513","          2.06","190,115","196,275","          0.97","385,976","187,467","          2.06","189,869","196,107","          0.97","385,638","187,418","          2.06","189,747","195,891","          0.97","385,318","187,413","          2.06","189,537","195,781","          0.97","385,097","187,489","          2.05","189,367","195,730","          0.97"
"서울특별시 성북구 (1129000000)","437,684","195,703","          2.24","211,123","226,561","          0.93","437,961","196,066","          2.23","211,283","226,678","          0.93","434,826","193,965","          2.24","209,902","224,924","          0.93","434,383","194,136","          2.24","209,667","224,716","          0.93","433,988","194,304","          2.23","209,407","224,581","          0.93","433,658","194,364","          2.23","209,210","224,448","          0.93","433,361","194,528","          2.23","209,004","224,357","          0.93","432,815","194,774","          2.22","208,711","224,104","          0.93","432,628","195,099","          2.22","208,592","224,036","          0.93","432,081","195,126","          2.21","208,308","223,773","          0.93","431,313","195,064","          2.21","207,979","223,334","          0.93","430,528","195,017","          2.21","207,578","222,950","          0.93","430,074","194,981","          2.21","207,333","222,741","          0.93","431,892","196,281","          2.20","208,211","223,681","          0.93","433,150","197,296","          2.20","208,691","224,459","          0.93","433,331","197,566","          2.19","208,762","224,569","          0.93","433,531","197,884","          2.19","208,802","224,729","          0.93","433,559","198,089","          2.19","208,790","224,769","          0.93","433,583","198,258","          2.19","208,745","224,838","          0.93","433,386","198,452","          2.18","208,575","224,811","          0.93","431,827","197,588","          2.19","207,715","224,112","          0.93","431,581","197,535","          2.18","207,584","223,997","          0.93","431,047","197,354","          2.18","207,269","223,778","          0.93","430,397","197,082","          2.18","206,961","223,436","          0.93","429,967","196,936","          2.18","206,716","223,251","          0.93"
"서울특별시 강북구 (1130500000)","307,487","145,934","          2.11","149,822","157,665","          0.95","306,639","145,962","          2.10","149,427","157,212","          0.95","304,078","144,410","          2.11","148,306","155,772","          0.95","303,622","144,472","          2.10","148,033","155,589","          0.95","303,154","144,545","          2.10","147,824","155,330","          0.95","302,645","144,525","          2.09","147,542","155,103","          0.95","302,113","144,563","          2.09","147,237","154,876","          0.95","301,430","144,610","          2.08","146,919","154,511","          0.95","300,887","144,573","          2.08","146,613","154,274","          0.95","300,278","144,501","          2.08","146,240","154,038","          0.95","299,792","144,569","          2.07","146,000","153,792","          0.95","299,182","144,536","          2.07","145,705","153,477","          0.95","298,727","144,529","          2.07","145,500","153,227","          0.95","298,074","144,658","          2.06","145,066","153,008","          0.95","297,384","144,725","          2.05","144,643","152,741","          0.95","296,942","144,709","          2.05","144,395","152,547","          0.95","296,726","144,866","          2.05","144,228","152,498","          0.95","296,653","145,048","          2.05","144,154","152,499","          0.95","296,489","145,198","          2.04","144,107","152,382","          0.95","296,073","145,204","          2.04","143,861","152,212","          0.95","294,876","144,577","          2.04","143,219","151,657","          0.94","294,429","144,552","          2.04","143,000","151,429","          0.94","293,984","144,415","          2.04","142,776","151,208","          0.94","293,660","144,313","          2.03","142,567","151,093","          0.94","293,313","144,275","          2.03","142,435","150,878","          0.94"
"서울특별시 도봉구 (1132000000)","324,281","138,984","          2.33","158,103","166,178","          0.95","323,431","138,974","          2.33","157,603","165,828","          0.95","321,717","138,120","          2.33","156,810","164,907","          0.95","321,227","138,160","          2.33","156,570","164,657","          0.95","320,687","138,213","          2.32","156,282","164,405","          0.95","320,365","138,387","          2.31","156,080","164,285","          0.95","319,893","138,490","          2.31","155,869","164,024","          0.95","319,211","138,495","          2.30","155,523","163,688","          0.95","318,718","138,582","          2.30","155,212","163,506","          0.95","318,299","138,655","          2.30","154,970","163,329","          0.95","317,943","138,645","          2.29","154,794","163,149","          0.95","317,366","138,656","          2.29","154,487","162,879","          0.95","317,150","138,695","          2.29","154,326","162,824","          0.95","316,631","138,748","          2.28","154,046","162,585","          0.95","316,098","138,836","          2.28","153,716","162,382","          0.95","315,522","138,879","          2.27","153,445","162,077","          0.95","315,162","138,951","          2.27","153,252","161,910","          0.95","314,791","139,076","          2.26","153,014","161,777","          0.95","314,662","139,225","          2.26","152,937","161,725","          0.95","313,835","138,975","          2.26","152,495","161,340","          0.95","312,788","138,541","          2.26","152,019","160,769","          0.95","312,427","138,521","          2.26","151,811","160,616","          0.95","312,053","138,439","          2.25","151,562","160,491","          0.94","311,694","138,356","          2.25","151,398","160,296","          0.94","311,260","138,331","          2.25","151,168","160,092","          0.94"
"서울특별시 노원구 (1135000000)","521,852","218,213","          2.39","251,763","270,089","          0.93","520,366","218,184","          2.38","250,929","269,437","          0.93","518,278","217,272","          2.39","249,942","268,336","          0.93","517,417","217,238","          2.38","249,522","267,895","          0.93","516,552","217,201","          2.38","249,029","267,523","          0.93","515,997","217,322","          2.37","248,719","267,278","          0.93","515,198","217,310","          2.37","248,250","266,948","          0.93","514,050","217,324","          2.37","247,676","266,374","          0.93","513,053","217,269","          2.36","247,118","265,935","          0.93","512,129","217,201","          2.36","246,650","265,479","          0.93","511,275","217,215","          2.35","246,182","265,093","          0.93","510,956","217,378","          2.35","246,053","264,903","          0.93","510,805","217,660","          2.35","245,896","264,909","          0.93","510,527","218,249","          2.34","245,744","264,783","          0.93","510,486","219,065","          2.33","245,663","264,823","          0.93","509,658","219,011","          2.33","245,222","264,436","          0.93","508,867","218,955","          2.32","244,807","264,060","          0.93","508,066","218,637","          2.32","244,387","263,679","          0.93","507,575","218,652","          2.32","244,138","263,437","          0.93","507,076","218,649","          2.32","243,842","263,234","          0.93","505,503","217,952","          2.32","243,071","262,432","          0.93","505,058","217,956","          2.32","242,826","262,232","          0.93","504,609","217,860","          2.32","242,634","261,975","          0.93","503,734","217,540","          2.32","242,145","261,589","          0.93","502,835","217,160","          2.32","241,694","261,141","          0.93"
"서울특별시 은평구 (1138000000)","479,223","214,099","          2.24","229,827","249,396","          0.92","478,336","214,288","          2.23","229,318","249,018","          0.92","475,501","212,725","          2.24","227,910","247,591","          0.92","474,843","212,764","          2.23","227,446","247,397","          0.92","475,143","213,270","          2.23","227,496","247,647","          0.92","475,371","213,662","          2.22","227,584","247,787","          0.92","475,008","213,889","          2.22","227,339","247,669","          0.92","474,414","214,004","          2.22","226,964","247,450","          0.92","474,062","214,181","          2.21","226,833","247,229","          0.92","473,369","214,126","          2.21","226,514","246,855","          0.92","473,468","214,494","          2.21","226,555","246,913","          0.92","473,307","214,711","          2.20","226,458","246,849","          0.92","473,122","214,827","          2.20","226,269","246,853","          0.92","472,640","215,001","          2.20","225,941","246,699","          0.92","472,259","215,178","          2.19","225,640","246,619","          0.91","473,131","215,600","          2.19","226,009","247,122","          0.91","473,669","216,169","          2.19","226,182","247,487","          0.91","473,674","216,455","          2.19","226,148","247,526","          0.91","473,529","216,671","          2.19","226,065","247,464","          0.91","472,954","216,698","          2.18","225,732","247,222","          0.91","470,289","215,225","          2.19","224,424","245,865","          0.91","468,988","214,702","          2.18","223,764","245,224","          0.91","467,851","214,243","          2.18","223,198","244,653","          0.91","466,746","213,876","          2.18","222,592","244,154","          0.91","466,237","213,924","          2.18","222,263","243,974","          0.91"
"서울특별시 서대문구 (1141000000)","311,720","144,808","          2.15","149,211","162,509","          0.92","311,132","144,891","          2.15","148,908","162,224","          0.92","308,482","143,180","          2.15","147,655","160,827","          0.92","307,825","143,087","          2.15","147,264","160,561","          0.92","307,406","143,112","          2.15","147,056","160,350","          0.92","307,070","143,226","          2.14","146,844","160,226","          0.92","306,839","143,274","          2.14","146,724","160,115","          0.92","306,472","143,521","          2.14","146,553","159,919","          0.92","306,249","143,712","          2.13","146,388","159,861","          0.92","305,840","143,723","          2.13","146,208","159,632","          0.92","305,443","143,720","          2.13","145,990","159,453","          0.92","304,819","143,647","          2.12","145,694","159,125","          0.92","305,113","143,948","          2.12","145,759","159,354","          0.91","305,793","144,717","          2.11","146,045","159,748","          0.91","305,866","145,044","          2.11","145,958","159,908","          0.91","305,721","145,246","          2.10","145,839","159,882","          0.91","305,615","145,397","          2.10","145,681","159,934","          0.91","305,623","145,517","          2.10","145,663","159,960","          0.91","305,716","145,662","          2.10","145,711","160,005","          0.91","306,253","146,054","          2.10","145,948","160,305","          0.91","305,149","145,285","          2.10","145,374","159,775","          0.91","305,113","145,325","          2.10","145,287","159,826","          0.91","305,541","145,542","          2.10","145,442","160,099","          0.91","306,337","145,797","          2.10","145,816","160,521","          0.91","307,277","146,183","          2.10","146,294","160,983","          0.91"
"서울특별시 마포구 (1144000000)","371,492","178,543","          2.08","174,958","196,534","          0.89","371,200","178,815","          2.08","174,741","196,459","          0.89","368,518","177,170","          2.08","173,624","194,894","          0.89","369,577","177,796","          2.08","174,050","195,527","          0.89","369,970","178,245","          2.08","174,194","195,776","          0.89","370,132","178,625","          2.07","174,200","195,932","          0.89","370,185","179,007","          2.07","174,291","195,894","          0.89","370,053","179,471","          2.06","174,204","195,849","          0.89","369,903","179,541","          2.06","174,119","195,784","          0.89","369,695","179,571","          2.06","173,985","195,710","          0.89","369,238","179,657","          2.06","173,725","195,513","          0.89","368,905","179,861","          2.05","173,504","195,401","          0.89","368,617","179,969","          2.05","173,323","195,294","          0.89","368,560","180,457","          2.04","173,282","195,278","          0.89","368,331","180,702","          2.04","173,073","195,258","          0.89","367,613","180,696","          2.03","172,724","194,889","          0.89","367,474","180,978","          2.03","172,574","194,900","          0.89","367,584","181,138","          2.03","172,569","195,015","          0.88","367,473","181,340","          2.03","172,551","194,922","          0.89","367,190","181,463","          2.02","172,317","194,873","          0.88","365,266","180,085","          2.03","171,345","193,921","          0.88","364,698","179,959","          2.03","171,062","193,636","          0.88","364,374","179,892","          2.03","170,915","193,459","          0.88","364,638","180,084","          2.02","171,043","193,595","          0.88","364,938","180,302","          2.02","171,114","193,824","          0.88"
"서울특별시 양천구 (1147000000)","453,382","180,677","          2.51","222,417","230,965","          0.96","454,270","181,363","          2.50","222,789","231,481","          0.96","452,677","180,682","          2.51","222,010","230,667","          0.96","452,112","180,783","          2.50","221,708","230,404","          0.96","451,541","180,961","          2.50","221,431","230,110","          0.96","450,992","181,012","          2.49","221,140","229,852","          0.96","450,431","181,098","          2.49","220,815","229,616","          0.96","449,603","181,191","          2.48","220,421","229,182","          0.96","449,010","181,281","          2.48","220,075","228,935","          0.96","448,634","181,434","          2.47","219,862","228,772","          0.96","448,061","181,439","          2.47","219,606","228,455","          0.96","447,302","181,404","          2.47","219,214","228,088","          0.96","446,895","181,482","          2.46","219,023","227,872","          0.96","446,478","181,603","          2.46","218,786","227,692","          0.96","446,182","181,765","          2.45","218,554","227,628","          0.96","445,662","181,921","          2.45","218,298","227,364","          0.96","444,925","181,921","          2.45","217,920","227,005","          0.96","444,548","181,987","          2.44","217,704","226,844","          0.96","444,213","182,095","          2.44","217,475","226,738","          0.96","443,847","182,220","          2.44","217,268","226,579","          0.96","442,145","181,353","          2.44","216,359","225,786","          0.96","441,749","181,370","          2.44","216,133","225,616","          0.96","441,550","181,335","          2.43","216,070","225,480","          0.96","440,881","181,187","          2.43","215,682","225,199","          0.96","440,631","181,189","          2.43","215,557","225,074","          0.96"
"서울특별시 강서구 (1150000000)","579,176","267,162","          2.17","279,458","299,718","          0.93","579,082","268,129","          2.16","279,269","299,813","          0.93","577,320","267,442","          2.16","278,444","298,876","          0.93","577,580","268,133","          2.15","278,466","299,114","          0.93","577,484","268,636","          2.15","278,408","299,076","          0.93","577,519","269,276","          2.14","278,360","299,159","          0.93","577,058","269,653","          2.14","278,142","298,916","          0.93","576,361","269,976","          2.13","277,705","298,656","          0.93","575,875","270,389","          2.13","277,388","298,487","          0.93","575,370","270,623","          2.13","277,041","298,329","          0.93","574,789","270,877","          2.12","276,624","298,165","          0.93","574,315","271,175","          2.12","276,292","298,023","          0.93","574,001","271,576","          2.11","276,132","297,869","          0.93","573,531","272,216","          2.11","275,710","297,821","          0.93","573,046","272,572","          2.10","275,422","297,624","          0.93","572,648","273,025","          2.10","275,101","297,547","          0.92","572,959","273,756","          2.09","275,199","297,760","          0.92","573,045","274,301","          2.09","275,233","297,812","          0.92","572,814","274,595","          2.09","275,140","297,674","          0.92","572,230","274,551","          2.08","274,771","297,459","          0.92","570,368","273,691","          2.08","273,820","296,548","          0.92","570,011","273,776","          2.08","273,644","296,367","          0.92","569,456","273,650","          2.08","273,357","296,099","          0.92","569,166","273,697","          2.08","273,203","295,963","          0.92","568,805","273,804","          2.08","272,926","295,879","          0.92"
"서울특별시 구로구 (1153000000)","403,518","180,620","          2.23","199,243","204,275","          0.98","402,642","180,861","          2.23","198,687","203,955","          0.97","401,074","180,027","          2.23","198,034","203,040","          0.98","400,399","180,042","          2.22","197,653","202,746","          0.97","399,950","180,196","          2.22","197,398","202,552","          0.97","399,266","180,258","          2.21","197,034","202,232","          0.97","398,744","180,324","          2.21","196,713","202,031","          0.97","397,887","180,322","          2.21","196,249","201,638","          0.97","397,506","180,424","          2.20","196,027","201,479","          0.97","397,330","180,541","          2.20","195,909","201,421","          0.97","397,058","180,726","          2.20","195,741","201,317","          0.97","396,754","180,929","          2.19","195,537","201,217","          0.97","396,515","181,240","          2.19","195,351","201,164","          0.97","396,221","181,612","          2.18","195,164","201,057","          0.97","396,017","181,916","          2.18","195,002","201,015","          0.97","395,555","181,966","          2.17","194,763","200,792","          0.97","395,146","182,113","          2.17","194,518","200,628","          0.97","394,850","182,172","          2.17","194,304","200,546","          0.97","394,745","182,427","          2.16","194,211","200,534","          0.97","394,246","182,464","          2.16","193,935","200,311","          0.97","393,181","181,950","          2.16","193,323","199,858","          0.97","394,212","182,789","          2.16","193,834","200,378","          0.97","394,811","183,210","          2.15","194,067","200,744","          0.97","395,315","183,655","          2.15","194,274","201,041","          0.97","395,461","183,910","          2.15","194,304","201,157","          0.97"
"서울특별시 금천구 (1154500000)","231,634","114,955","          2.01","117,141","114,493","          1.02","231,290","115,161","          2.01","116,950","114,340","          1.02","229,844","114,402","          2.01","116,322","113,522","          1.02","229,639","114,538","          2.00","116,211","113,428","          1.02","229,823","114,949","          2.00","116,292","113,531","          1.02","230,168","115,358","          2.00","116,491","113,677","          1.02","230,665","115,910","          1.99","116,699","113,966","          1.02","230,759","116,308","          1.98","116,714","114,045","          1.02","230,644","116,545","          1.98","116,588","114,056","          1.02","230,740","116,935","          1.97","116,588","114,152","          1.02","230,839","117,326","          1.97","116,574","114,265","          1.02","230,811","117,595","          1.96","116,527","114,284","          1.02","230,881","117,935","          1.96","116,487","114,394","          1.02","230,856","118,271","          1.95","116,449","114,407","          1.02","231,098","118,697","          1.95","116,568","114,530","          1.02","231,150","118,977","          1.94","116,598","114,552","          1.02","231,427","119,315","          1.94","116,756","114,671","          1.02","231,565","119,627","          1.94","116,811","114,754","          1.02","231,522","119,809","          1.93","116,766","114,756","          1.02","231,356","119,913","          1.93","116,653","114,703","          1.02","230,504","119,587","          1.93","116,209","114,295","          1.02","230,156","119,572","          1.92","116,062","114,094","          1.02","229,890","119,561","          1.92","115,934","113,956","          1.02","229,642","119,583","          1.92","115,786","113,856","          1.02","229,499","119,672","          1.92","115,743","113,756","          1.02"
"서울특별시 영등포구 (1156000000)","380,169","185,331","          2.05","187,960","192,209","          0.98","380,443","185,969","          2.05","188,029","192,414","          0.98","377,590","184,133","          2.05","186,692","190,898","          0.98","377,696","184,525","          2.05","186,652","191,044","          0.98","377,577","184,824","          2.04","186,564","191,013","          0.98","377,421","185,025","          2.04","186,482","190,939","          0.98","377,408","185,467","          2.03","186,432","190,976","          0.98","377,655","186,135","          2.03","186,526","191,129","          0.98","377,536","186,360","          2.03","186,414","191,122","          0.98","377,524","186,585","          2.02","186,390","191,134","          0.98","377,048","186,774","          2.02","186,047","191,001","          0.97","376,837","187,020","          2.01","185,926","190,911","          0.97","376,949","187,375","          2.01","185,964","190,985","          0.97","376,884","187,834","          2.01","185,824","191,060","          0.97","376,740","188,193","          2.00","185,696","191,044","          0.97","376,465","188,377","          2.00","185,520","190,945","          0.97","376,290","188,506","          2.00","185,354","190,936","          0.97","376,437","188,759","          1.99","185,460","190,977","          0.97","376,661","189,037","          1.99","185,518","191,143","          0.97","377,295","189,541","          1.99","185,754","191,541","          0.97","376,216","188,768","          1.99","185,099","191,117","          0.97","375,849","188,734","          1.99","184,845","191,004","          0.97","375,785","188,756","          1.99","184,766","191,019","          0.97","375,675","188,832","          1.99","184,660","191,015","          0.97","376,141","189,396","          1.99","184,840","191,301","          0.97"
"서울특별시 동작구 (1159000000)","390,433","184,098","          2.12","188,743","201,690","          0.94","389,754","184,171","          2.12","188,428","201,326","          0.94","388,730","183,579","          2.12","188,045","200,685","          0.94","388,672","183,826","          2.11","188,032","200,640","          0.94","388,396","183,959","          2.11","187,942","200,454","          0.94","387,847","183,859","          2.11","187,617","200,230","          0.94","387,810","184,175","          2.11","187,614","200,196","          0.94","387,558","184,556","          2.10","187,510","200,048","          0.94","387,117","184,825","          2.09","187,286","199,831","          0.94","386,246","184,598","          2.09","186,863","199,383","          0.94","386,051","184,775","          2.09","186,710","199,341","          0.94","385,483","184,812","          2.09","186,426","199,057","          0.94","385,478","185,059","          2.08","186,452","199,026","          0.94","385,490","185,688","          2.08","186,397","199,093","          0.94","386,017","186,419","          2.07","186,648","199,369","          0.94","385,982","186,696","          2.07","186,558","199,424","          0.94","385,755","186,948","          2.06","186,455","199,300","          0.94","385,898","187,380","          2.06","186,506","199,392","          0.94","385,746","187,656","          2.06","186,466","199,280","          0.94","385,379","187,962","          2.05","186,268","199,111","          0.94","383,637","186,966","          2.05","185,490","198,147","          0.94","382,747","186,655","          2.05","185,098","197,649","          0.94","381,704","186,197","          2.05","184,596","197,108","          0.94","380,596","185,773","          2.05","184,030","196,566","          0.94","379,979","185,659","          2.05","183,746","196,233","          0.94"
"서울특별시 관악구 (1162000000)","494,175","274,910","          1.80","247,853","246,322","          1.01","493,374","275,301","          1.79","247,472","245,902","          1.01","490,352","273,736","          1.79","246,097","244,255","          1.01","489,464","273,751","          1.79","245,666","243,798","          1.01","489,160","274,141","          1.78","245,552","243,608","          1.01","488,800","274,565","          1.78","245,404","243,396","          1.01","488,525","274,975","          1.78","245,370","243,155","          1.01","488,304","275,732","          1.77","245,308","242,996","          1.01","488,029","276,182","          1.77","245,220","242,809","          1.01","487,357","276,315","          1.76","244,844","242,513","          1.01","486,427","276,400","          1.76","244,367","242,060","          1.01","485,699","276,597","          1.76","243,991","241,708","          1.01","485,610","277,135","          1.75","243,967","241,643","          1.01","486,209","278,497","          1.75","244,287","241,922","          1.01","486,375","279,353","          1.74","244,409","241,966","          1.01","486,361","279,822","          1.74","244,499","241,862","          1.01","486,686","280,657","          1.73","244,628","242,058","          1.01","486,946","281,423","          1.73","244,722","242,224","          1.01","487,172","282,141","          1.73","244,925","242,247","          1.01","487,629","283,092","          1.72","245,176","242,453","          1.01","486,787","282,806","          1.72","244,810","241,977","          1.01","487,201","283,378","          1.72","244,980","242,221","          1.01","487,038","283,538","          1.72","244,969","242,069","          1.01","486,752","283,623","          1.72","244,748","242,004","          1.01","486,863","284,025","          1.71","244,740","242,123","          1.01"
"서울특별시 서초구 (1165000000)","424,707","173,514","          2.45","203,097","221,610","          0.92","423,829","173,414","          2.44","202,692","221,137","          0.92","421,315","172,181","          2.45","201,619","219,696","          0.92","420,318","171,947","          2.44","201,075","219,243","          0.92","419,121","171,736","          2.44","200,485","218,636","          0.92","418,407","171,574","          2.44","200,163","218,244","          0.92","418,294","171,743","          2.44","200,107","218,187","          0.92","417,568","171,860","          2.43","199,722","217,846","          0.92","416,285","171,497","          2.43","199,068","217,217","          0.92","415,083","171,083","          2.43","198,470","216,613","          0.92","413,363","170,521","          2.42","197,606","215,757","          0.92","412,279","170,244","          2.42","197,034","215,245","          0.92","411,539","170,096","          2.42","196,611","214,928","          0.91","410,682","169,979","          2.42","196,211","214,471","          0.91","409,823","169,895","          2.41","195,806","214,017","          0.91","408,918","169,740","          2.41","195,389","213,529","          0.92","408,133","169,642","          2.41","195,056","213,077","          0.92","407,672","169,518","          2.40","194,819","212,853","          0.92","407,346","169,560","          2.40","194,627","212,719","          0.91","406,565","169,217","          2.40","194,249","212,316","          0.91","405,076","168,175","          2.41","193,548","211,528","          0.91","404,902","168,146","          2.41","193,465","211,437","          0.92","404,704","168,025","          2.41","193,333","211,371","          0.91","404,325","167,749","          2.41","193,159","211,166","          0.91","404,594","167,876","          2.41","193,221","211,373","          0.91"
"서울특별시 강남구 (1168000000)","538,536","234,688","          2.29","257,647","280,889","          0.92","537,879","234,776","          2.29","257,231","280,648","          0.92","534,796","233,363","          2.29","255,880","278,916","          0.92","533,579","233,203","          2.29","255,243","278,336","          0.92","532,296","232,936","          2.29","254,558","277,738","          0.92","531,375","232,707","          2.28","254,139","277,236","          0.92","530,529","232,642","          2.28","253,799","276,730","          0.92","532,818","233,815","          2.28","254,936","277,882","          0.92","533,359","234,218","          2.28","255,264","278,095","          0.92","533,878","234,533","          2.28","255,473","278,405","          0.92","533,557","234,463","          2.28","255,319","278,238","          0.92","533,042","234,233","          2.28","255,047","277,995","          0.92","533,173","234,383","          2.27","255,107","278,066","          0.92","533,286","234,634","          2.27","255,159","278,127","          0.92","532,577","234,612","          2.27","254,866","277,711","          0.92","532,049","234,607","          2.27","254,517","277,532","          0.92","531,744","234,833","          2.26","254,347","277,397","          0.92","531,777","234,885","          2.26","254,333","277,444","          0.92","532,198","235,147","          2.26","254,498","277,700","          0.92","532,500","235,409","          2.26","254,730","277,770","          0.92","530,103","233,687","          2.27","253,628","276,475","          0.92","529,946","233,474","          2.27","253,570","276,376","          0.92","529,698","233,287","          2.27","253,449","276,249","          0.92","529,102","232,777","          2.27","253,072","276,030","          0.92","528,899","232,732","          2.27","252,977","275,922","          0.92"
"서울특별시 송파구 (1171000000)","667,222","282,125","          2.36","321,948","345,274","          0.93","665,463","282,003","          2.36","320,991","344,472","          0.93","661,411","280,237","          2.36","319,047","342,364","          0.93","660,160","280,324","          2.35","318,374","341,786","          0.93","659,446","280,635","          2.35","317,981","341,465","          0.93","658,670","280,707","          2.35","317,531","341,139","          0.93","658,093","280,881","          2.34","317,209","340,884","          0.93","658,991","281,593","          2.34","317,635","341,356","          0.93","659,385","282,018","          2.34","317,784","341,601","          0.93","659,239","282,185","          2.34","317,773","341,466","          0.93","658,841","282,296","          2.33","317,596","341,245","          0.93","658,338","282,417","          2.33","317,346","340,992","          0.93","658,859","282,940","          2.33","317,556","341,303","          0.93","661,452","284,218","          2.33","318,851","342,601","          0.93","662,607","285,106","          2.32","319,407","343,200","          0.93","662,963","285,532","          2.32","319,535","343,428","          0.93","662,960","285,939","          2.32","319,461","343,499","          0.93","662,961","286,119","          2.32","319,397","343,564","          0.93","663,070","286,381","          2.32","319,423","343,647","          0.93","662,599","286,514","          2.31","319,164","343,435","          0.93","660,211","285,175","          2.32","317,972","342,239","          0.93","659,788","285,087","          2.31","317,743","342,045","          0.93","659,381","284,952","          2.31","317,464","341,917","          0.93","658,801","284,853","          2.31","317,180","341,621","          0.93","658,604","284,928","          2.31","317,063","341,541","          0.93"
"서울특별시 강동구 (1174000000)","461,334","197,452","          2.34","226,893","234,441","          0.97","464,208","199,039","          2.33","228,256","235,952","          0.97","464,900","199,088","          2.34","228,609","236,291","          0.97","465,331","199,561","          2.33","228,768","236,563","          0.97","465,459","199,931","          2.33","228,812","236,647","          0.97","465,209","200,170","          2.32","228,652","236,557","          0.97","465,191","200,595","          2.32","228,642","236,549","          0.97","464,411","200,791","          2.31","228,196","236,215","          0.97","464,163","201,205","          2.31","228,002","236,161","          0.97","463,752","201,428","          2.30","227,755","235,997","          0.97","463,265","201,521","          2.30","227,436","235,829","          0.96","462,664","201,613","          2.29","227,002","235,662","          0.96","462,452","201,765","          2.29","226,892","235,560","          0.96","461,972","201,906","          2.29","226,605","235,367","          0.96","461,300","201,926","          2.28","226,203","235,097","          0.96","461,228","202,158","          2.28","226,057","235,171","          0.96","461,417","202,489","          2.28","226,062","235,355","          0.96","461,630","202,861","          2.28","226,158","235,472","          0.96","461,774","203,087","          2.27","226,179","235,595","          0.96","462,109","203,320","          2.27","226,311","235,798","          0.96","460,617","202,325","          2.28","225,532","235,085","          0.96","460,413","202,341","          2.28","225,303","235,110","          0.96","460,258","202,283","          2.28","225,243","235,015","          0.96","460,067","202,169","          2.28","225,221","234,846","          0.96","460,141","202,309","          2.27","225,281","234,860","          0.96"
"부산광역시  (2600000000)","3,389,388","1,532,700","          2.21","1,659,527","1,729,861","          0.96","3,387,761","1,536,242","          2.21","1,658,540","1,729,221","          0.96","3,372,399","1,527,830","          2.21","1,651,804","1,720,595","          0.96","3,369,704","1,529,794","          2.20","1,650,252","1,719,452","          0.96","3,367,334","1,532,053","          2.20","1,648,965","1,718,369","          0.96","3,364,358","1,533,514","          2.19","1,647,291","1,717,067","          0.96","3,361,781","1,535,294","          2.19","1,645,794","1,715,987","          0.96","3,359,527","1,537,395","          2.19","1,644,378","1,715,149","          0.96","3,358,763","1,540,342","          2.18","1,643,690","1,715,073","          0.96","3,356,311","1,541,975","          2.18","1,642,368","1,713,943","          0.96","3,353,627","1,543,438","          2.17","1,640,867","1,712,760","          0.96","3,350,380","1,544,663","          2.17","1,639,044","1,711,336","          0.96","3,348,874","1,546,414","          2.17","1,638,207","1,710,667","          0.96","3,347,396","1,549,967","          2.16","1,637,111","1,710,285","          0.96","3,343,504","1,551,767","          2.15","1,634,958","1,708,546","          0.96","3,340,214","1,553,032","          2.15","1,633,170","1,707,044","          0.96","3,338,167","1,555,326","          2.15","1,631,825","1,706,342","          0.96","3,336,737","1,556,938","          2.14","1,630,944","1,705,793","          0.96","3,334,595","1,558,052","          2.14","1,629,643","1,704,952","          0.96","3,331,444","1,559,462","          2.14","1,627,821","1,703,623","          0.96","3,323,826","1,555,449","          2.14","1,623,784","1,700,042","          0.96","3,322,286","1,556,293","          2.13","1,622,749","1,699,537","          0.95","3,320,276","1,555,836","          2.13","1,621,486","1,698,790","          0.95","3,317,812","1,555,867","          2.13","1,619,915","1,697,897","          0.95","3,316,107","1,556,086","          2.13","1,618,749","1,697,358","          0.95"
"부산광역시 중구 (2611000000)","41,549","23,923","          1.74","20,269","21,280","          0.95","41,551","24,010","          1.73","20,262","21,289","          0.95","41,370","23,951","          1.73","20,169","21,201","          0.95","41,311","24,006","          1.72","20,122","21,189","          0.95","41,209","24,022","          1.72","20,065","21,144","          0.95","40,561","23,583","          1.72","19,799","20,762","          0.95","40,666","23,714","          1.71","19,862","20,804","          0.95","40,713","23,820","          1.71","19,862","20,851","          0.95","40,708","23,878","          1.70","19,863","20,845","          0.95","40,676","23,909","          1.70","19,838","20,838","          0.95","40,556","23,898","          1.70","19,777","20,779","          0.95","40,524","23,925","          1.69","19,755","20,769","          0.95","40,537","23,979","          1.69","19,762","20,775","          0.95","40,582","24,129","          1.68","19,756","20,826","          0.95","40,596","24,218","          1.68","19,754","20,842","          0.95","40,585","24,269","          1.67","19,745","20,840","          0.95","40,537","24,303","          1.67","19,739","20,798","          0.95","40,455","24,304","          1.66","19,695","20,760","          0.95","40,342","24,275","          1.66","19,633","20,709","          0.95","40,297","24,265","          1.66","19,602","20,695","          0.95","40,117","24,107","          1.66","19,503","20,614","          0.95","39,936","24,056","          1.66","19,377","20,559","          0.94","39,840","24,012","          1.66","19,323","20,517","          0.94","39,689","23,960","          1.66","19,239","20,450","          0.94","39,627","23,965","          1.65","19,188","20,439","          0.94"
"부산광역시 서구 (2614000000)","107,978","53,881","          2.00","52,295","55,683","          0.94","107,824","53,962","          2.00","52,194","55,630","          0.94","106,451","52,876","          2.01","51,583","54,868","          0.94","106,545","53,018","          2.01","51,621","54,924","          0.94","106,556","53,115","          2.01","51,591","54,965","          0.94","106,422","53,133","          2.00","51,510","54,912","          0.94","106,314","53,159","          2.00","51,476","54,838","          0.94","105,996","53,095","          2.00","51,308","54,688","          0.94","105,813","53,097","          1.99","51,212","54,601","          0.94","105,557","53,038","          1.99","51,084","54,473","          0.94","105,406","53,019","          1.99","50,990","54,416","          0.94","105,164","52,960","          1.99","50,853","54,311","          0.94","104,863","52,853","          1.98","50,735","54,128","          0.94","104,618","52,900","          1.98","50,597","54,021","          0.94","104,323","52,895","          1.97","50,454","53,869","          0.94","103,961","52,822","          1.97","50,263","53,698","          0.94","103,810","52,852","          1.96","50,156","53,654","          0.93","104,340","53,109","          1.96","50,385","53,955","          0.93","104,755","53,342","          1.96","50,588","54,167","          0.93","105,386","53,667","          1.96","50,904","54,482","          0.93","105,380","53,621","          1.97","50,917","54,463","          0.93","105,358","53,657","          1.96","50,911","54,447","          0.94","105,286","53,648","          1.96","50,866","54,420","          0.93","105,192","53,626","          1.96","50,801","54,391","          0.93","105,036","53,592","          1.96","50,701","54,335","          0.93"
"부산광역시 동구 (2617000000)","88,763","46,081","          1.93","43,462","45,301","          0.96","88,639","46,128","          1.92","43,370","45,269","          0.96","88,218","45,786","          1.93","43,213","45,005","          0.96","88,159","45,865","          1.92","43,185","44,974","          0.96","88,080","45,918","          1.92","43,109","44,971","          0.96","87,916","45,911","          1.91","43,012","44,904","          0.96","87,764","45,930","          1.91","42,907","44,857","          0.96","87,585","45,914","          1.91","42,817","44,768","          0.96","87,595","46,046","          1.90","42,854","44,741","          0.96","87,705","46,123","          1.90","42,908","44,797","          0.96","87,770","46,243","          1.90","42,946","44,824","          0.96","87,679","46,362","          1.89","42,877","44,802","          0.96","87,906","46,597","          1.89","42,975","44,931","          0.96","88,245","46,829","          1.88","43,132","45,113","          0.96","88,283","46,938","          1.88","43,152","45,131","          0.96","88,257","46,970","          1.88","43,114","45,143","          0.96","88,222","47,024","          1.88","43,073","45,149","          0.95","88,087","47,052","          1.87","43,010","45,077","          0.95","87,851","46,982","          1.87","42,888","44,963","          0.95","87,701","47,011","          1.87","42,811","44,890","          0.95","87,103","46,553","          1.87","42,590","44,513","          0.96","86,948","46,535","          1.87","42,512","44,436","          0.96","86,670","46,402","          1.87","42,381","44,289","          0.96","86,462","46,349","          1.87","42,249","44,213","          0.96","86,349","46,322","          1.86","42,199","44,150","          0.96"
"부산광역시 영도구 (2620000000)","113,048","54,905","          2.06","55,697","57,351","          0.97","112,809","54,936","          2.05","55,571","57,238","          0.97","111,507","54,048","          2.06","54,997","56,510","          0.97","111,387","54,141","          2.06","54,958","56,429","          0.97","111,574","54,388","          2.05","55,016","56,558","          0.97","111,685","54,568","          2.05","55,061","56,624","          0.97","111,580","54,643","          2.04","54,999","56,581","          0.97","111,386","54,681","          2.04","54,888","56,498","          0.97","111,210","54,701","          2.03","54,786","56,424","          0.97","111,111","54,721","          2.03","54,707","56,404","          0.97","110,901","54,721","          2.03","54,612","56,289","          0.97","110,638","54,659","          2.02","54,471","56,167","          0.97","110,425","54,609","          2.02","54,372","56,053","          0.97","109,991","54,560","          2.02","54,185","55,806","          0.97","109,660","54,518","          2.01","54,032","55,628","          0.97","109,407","54,478","          2.01","53,883","55,524","          0.97","109,460","54,650","          2.00","53,912","55,548","          0.97","109,395","54,700","          2.00","53,890","55,505","          0.97","109,327","54,725","          2.00","53,854","55,473","          0.97","109,131","54,711","          1.99","53,773","55,358","          0.97","108,699","54,474","          2.00","53,519","55,180","          0.97","108,505","54,440","          1.99","53,391","55,114","          0.97","108,294","54,362","          1.99","53,300","54,994","          0.97","108,156","54,342","          1.99","53,223","54,933","          0.97","107,964","54,304","          1.99","53,123","54,841","          0.97"
"부산광역시 부산진구 (2623000000)","359,978","173,746","          2.07","173,861","186,117","          0.93","360,025","174,327","          2.07","173,763","186,262","          0.93","357,645","172,683","          2.07","172,703","184,942","          0.93","357,193","172,771","          2.07","172,498","184,695","          0.93","356,706","172,912","          2.06","172,228","184,478","          0.93","356,091","172,864","          2.06","171,921","184,170","          0.93","355,589","172,962","          2.06","171,638","183,951","          0.93","355,138","173,084","          2.05","171,257","183,881","          0.93","354,924","173,279","          2.05","171,079","183,845","          0.93","354,428","173,300","          2.05","170,785","183,643","          0.93","353,769","173,278","          2.04","170,491","183,278","          0.93","353,159","173,353","          2.04","170,181","182,978","          0.93","352,462","173,327","          2.03","169,873","182,589","          0.93","351,764","173,496","          2.03","169,496","182,268","          0.93","351,154","173,573","          2.02","169,185","181,969","          0.93","351,022","173,947","          2.02","169,057","181,965","          0.93","350,977","174,306","          2.01","168,938","182,039","          0.93","350,999","174,624","          2.01","168,924","182,075","          0.93","351,436","175,150","          2.01","169,171","182,265","          0.93","351,682","175,696","          2.00","169,220","182,462","          0.93","351,125","175,448","          2.00","168,896","182,229","          0.93","353,568","176,765","          2.00","170,113","183,455","          0.93","355,302","177,576","          2.00","170,933","184,369","          0.93","355,917","178,049","          2.00","171,141","184,776","          0.93","356,361","178,397","          2.00","171,314","185,047","          0.93"
"부산광역시 동래구 (2626000000)","270,695","115,221","          2.35","131,698","138,997","          0.95","270,678","115,476","          2.34","131,712","138,966","          0.95","269,497","114,936","          2.34","131,207","138,290","          0.95","268,996","114,977","          2.34","130,880","138,116","          0.95","268,616","115,078","          2.33","130,672","137,944","          0.95","268,391","115,173","          2.33","130,542","137,849","          0.95","267,994","115,239","          2.33","130,335","137,659","          0.95","267,672","115,276","          2.32","130,155","137,517","          0.95","267,425","115,356","          2.32","130,024","137,401","          0.95","266,912","115,301","          2.31","129,758","137,154","          0.95","266,570","115,310","          2.31","129,568","137,002","          0.95","266,866","115,718","          2.31","129,681","137,185","          0.95","270,338","117,211","          2.31","131,400","138,938","          0.95","273,802","118,748","          2.31","132,969","140,833","          0.94","274,134","119,112","          2.30","133,108","141,026","          0.94","273,976","119,227","          2.30","132,996","140,980","          0.94","273,996","119,446","          2.29","132,891","141,105","          0.94","274,491","119,772","          2.29","133,105","141,386","          0.94","274,769","120,011","          2.29","133,237","141,532","          0.94","274,638","119,984","          2.29","133,118","141,520","          0.94","274,136","119,696","          2.29","132,849","141,287","          0.94","273,790","119,629","          2.29","132,632","141,158","          0.94","273,447","119,508","          2.29","132,440","141,007","          0.94","273,226","119,503","          2.29","132,296","140,930","          0.94","273,177","119,557","          2.28","132,253","140,924","          0.94"
"부산광역시 남구 (2629000000)","267,351","117,885","          2.27","130,792","136,559","          0.96","266,989","118,052","          2.26","130,623","136,366","          0.96","265,759","117,391","          2.26","130,080","135,679","          0.96","265,194","117,426","          2.26","129,786","135,408","          0.96","264,679","117,429","          2.25","129,523","135,156","          0.96","264,098","117,410","          2.25","129,199","134,899","          0.96","263,764","117,384","          2.25","128,982","134,782","          0.96","263,333","117,494","          2.24","128,710","134,623","          0.96","263,262","117,793","          2.23","128,663","134,599","          0.96","263,236","118,005","          2.23","128,616","134,620","          0.96","262,856","117,987","          2.23","128,411","134,445","          0.96","262,069","117,821","          2.22","127,955","134,114","          0.95","261,209","117,619","          2.22","127,568","133,641","          0.95","260,624","117,815","          2.21","127,295","133,329","          0.95","260,581","118,153","          2.21","127,279","133,302","          0.95","260,617","118,406","          2.20","127,312","133,305","          0.96","260,261","118,544","          2.20","127,119","133,142","          0.95","259,735","118,480","          2.19","126,854","132,881","          0.95","259,135","118,358","          2.19","126,545","132,590","          0.95","258,660","118,468","          2.18","126,282","132,378","          0.95","257,934","118,179","          2.18","125,901","132,033","          0.95","257,147","117,964","          2.18","125,514","131,633","          0.95","256,647","117,707","          2.18","125,279","131,368","          0.95","256,333","117,601","          2.18","125,118","131,215","          0.95","256,190","117,668","          2.18","125,016","131,174","          0.95"
"부산광역시 북구 (2632000000)","283,452","120,728","          2.35","140,245","143,207","          0.98","282,799","120,741","          2.34","139,828","142,971","          0.98","281,851","120,370","          2.34","139,355","142,496","          0.98","282,073","120,807","          2.33","139,491","142,582","          0.98","283,138","121,596","          2.33","140,032","143,106","          0.98","283,612","122,023","          2.32","140,238","143,374","          0.98","283,696","122,336","          2.32","140,241","143,455","          0.98","283,901","122,676","          2.31","140,302","143,599","          0.98","283,937","122,950","          2.31","140,255","143,682","          0.98","283,766","123,090","          2.31","140,183","143,583","          0.98","283,584","123,283","          2.30","140,023","143,561","          0.98","283,211","123,316","          2.30","139,795","143,416","          0.97","282,535","123,247","          2.29","139,412","143,123","          0.97","281,749","123,263","          2.29","139,012","142,737","          0.97","281,198","123,286","          2.28","138,719","142,479","          0.97","280,852","123,330","          2.28","138,535","142,317","          0.97","280,647","123,469","          2.27","138,423","142,224","          0.97","280,511","123,579","          2.27","138,319","142,192","          0.97","280,268","123,626","          2.27","138,159","142,109","          0.97","280,116","123,788","          2.26","138,068","142,048","          0.97","279,964","123,761","          2.26","137,948","142,016","          0.97","279,770","123,831","          2.26","137,808","141,962","          0.97","279,303","123,693","          2.26","137,544","141,759","          0.97","278,857","123,569","          2.26","137,274","141,583","          0.97","278,575","123,569","          2.25","137,095","141,480","          0.97"
"부산광역시 해운대구 (2635000000)","401,710","171,528","          2.34","193,341","208,369","          0.93","401,280","171,770","          2.34","193,072","208,208","          0.93","400,083","171,352","          2.33","192,576","207,507","          0.93","399,821","171,558","          2.33","192,392","207,429","          0.93","399,222","171,558","          2.33","192,102","207,120","          0.93","399,015","171,791","          2.32","191,985","207,030","          0.93","398,645","171,911","          2.32","191,773","206,872","          0.93","398,117","172,076","          2.31","191,483","206,634","          0.93","397,918","172,237","          2.31","191,304","206,614","          0.93","397,516","172,349","          2.31","191,154","206,362","          0.93","397,071","172,455","          2.30","190,933","206,138","          0.93","396,438","172,397","          2.30","190,624","205,814","          0.93","395,788","172,327","          2.30","190,236","205,552","          0.93","394,792","172,279","          2.29","189,702","205,090","          0.92","393,809","172,227","          2.29","189,199","204,610","          0.92","393,130","172,217","          2.28","188,911","204,219","          0.93","392,110","172,126","          2.28","188,341","203,769","          0.92","391,311","171,960","          2.28","187,906","203,405","          0.92","390,782","172,005","          2.27","187,632","203,150","          0.92","389,841","171,837","          2.27","187,116","202,725","          0.92","388,393","170,998","          2.27","186,392","202,001","          0.92","387,840","170,828","          2.27","186,088","201,752","          0.92","387,297","170,637","          2.27","185,775","201,522","          0.92","386,785","170,435","          2.27","185,514","201,271","          0.92","386,289","170,261","          2.27","185,295","200,994","          0.92"
"부산광역시 사하구 (2638000000)","311,052","138,852","          2.24","154,893","156,159","          0.99","310,740","139,159","          2.23","154,760","155,980","          0.99","309,302","138,478","          2.23","154,063","155,239","          0.99","308,684","138,475","          2.23","153,718","154,966","          0.99","308,036","138,530","          2.22","153,413","154,623","          0.99","307,559","138,589","          2.22","153,124","154,435","          0.99","306,866","138,547","          2.21","152,755","154,111","          0.99","306,885","138,893","          2.21","152,766","154,119","          0.99","306,843","139,174","          2.20","152,726","154,117","          0.99","306,605","139,393","          2.20","152,569","154,036","          0.99","306,421","139,558","          2.20","152,471","153,950","          0.99","306,003","139,604","          2.19","152,197","153,806","          0.99","305,922","139,856","          2.19","152,112","153,810","          0.99","306,098","140,385","          2.18","152,207","153,891","          0.99","305,762","140,594","          2.17","152,051","153,711","          0.99","305,556","140,807","          2.17","151,933","153,623","          0.99","305,393","140,991","          2.17","151,882","153,511","          0.99","305,008","141,003","          2.16","151,650","153,358","          0.99","304,583","141,082","          2.16","151,431","153,152","          0.99","304,029","141,176","          2.15","151,136","152,893","          0.99","303,143","140,869","          2.15","150,648","152,495","          0.99","302,844","140,904","          2.15","150,467","152,377","          0.99","302,450","140,839","          2.15","150,279","152,171","          0.99","301,987","140,778","          2.15","150,009","151,978","          0.99","301,912","140,814","          2.14","149,972","151,940","          0.99"
"부산광역시 금정구 (2641000000)","231,959","107,415","          2.16","113,238","118,721","          0.95","231,743","107,710","          2.15","113,219","118,524","          0.96","230,605","107,184","          2.15","112,741","117,864","          0.96","230,204","107,157","          2.15","112,515","117,689","          0.96","229,704","107,158","          2.14","112,308","117,396","          0.96","229,222","107,165","          2.14","112,056","117,166","          0.96","229,228","107,360","          2.14","112,049","117,179","          0.96","229,240","107,559","          2.13","112,060","117,180","          0.96","229,350","107,990","          2.12","112,095","117,255","          0.96","229,148","108,131","          2.12","111,981","117,167","          0.96","228,936","108,257","          2.11","111,882","117,054","          0.96","228,049","108,070","          2.11","111,513","116,536","          0.96","226,875","107,737","          2.11","110,929","115,946","          0.96","226,029","107,785","          2.10","110,501","115,528","          0.96","225,608","107,916","          2.09","110,301","115,307","          0.96","225,033","107,856","          2.09","110,036","114,997","          0.96","224,746","107,900","          2.08","109,848","114,898","          0.96","224,173","107,827","          2.08","109,562","114,611","          0.96","223,713","107,729","          2.08","109,328","114,385","          0.96","223,430","107,887","          2.07","109,221","114,209","          0.96","222,783","107,535","          2.07","108,883","113,900","          0.96","222,264","107,403","          2.07","108,623","113,641","          0.96","221,647","107,061","          2.07","108,294","113,353","          0.96","221,256","106,950","          2.07","108,085","113,171","          0.96","220,567","106,606","          2.07","107,694","112,873","          0.95"
"부산광역시 강서구 (2644000000)","138,610","58,512","          2.37","71,620","66,990","          1.07","139,088","58,905","          2.36","71,882","67,206","          1.07","139,239","58,879","          2.36","72,000","67,239","          1.07","139,652","59,236","          2.36","72,239","67,413","          1.07","140,215","59,598","          2.35","72,541","67,674","          1.07","140,720","59,954","          2.35","72,824","67,896","          1.07","141,226","60,289","          2.34","73,100","68,126","          1.07","141,688","60,574","          2.34","73,380","68,308","          1.07","142,104","60,878","          2.33","73,623","68,481","          1.08","142,444","61,157","          2.33","73,811","68,633","          1.08","142,768","61,397","          2.33","73,971","68,797","          1.08","142,918","61,502","          2.32","74,047","68,871","          1.08","143,098","61,711","          2.32","74,123","68,975","          1.07","143,227","61,929","          2.31","74,161","69,066","          1.07","143,429","62,135","          2.31","74,223","69,206","          1.07","143,638","62,285","          2.31","74,360","69,278","          1.07","143,914","62,530","          2.30","74,534","69,380","          1.07","144,047","62,674","          2.30","74,626","69,421","          1.07","144,071","62,758","          2.30","74,610","69,461","          1.07","143,925","62,728","          2.29","74,559","69,366","          1.07","143,727","62,645","          2.29","74,511","69,216","          1.08","143,611","62,601","          2.29","74,470","69,141","          1.08","143,360","62,497","          2.29","74,332","69,028","          1.08","143,207","62,426","          2.29","74,248","68,959","          1.08","143,066","62,358","          2.29","74,168","68,898","          1.08"
"부산광역시 연제구 (2647000000)","208,900","92,694","          2.25","100,563","108,337","          0.93","208,743","92,851","          2.25","100,450","108,293","          0.93","207,419","92,104","          2.25","99,948","107,471","          0.93","206,979","92,091","          2.25","99,693","107,286","          0.93","206,547","92,100","          2.24","99,464","107,083","          0.93","206,239","92,165","          2.24","99,280","106,959","          0.93","205,936","92,192","          2.23","99,089","106,847","          0.93","205,700","92,236","          2.23","99,010","106,690","          0.93","205,676","92,451","          2.22","99,000","106,676","          0.93","205,607","92,572","          2.22","98,989","106,618","          0.93","205,742","92,850","          2.22","99,042","106,700","          0.93","207,144","93,606","          2.21","99,761","107,383","          0.93","207,342","93,890","          2.21","99,861","107,481","          0.93","207,178","94,026","          2.20","99,714","107,464","          0.93","206,932","94,091","          2.20","99,549","107,383","          0.93","206,677","94,123","          2.20","99,362","107,315","          0.93","206,506","94,182","          2.19","99,264","107,242","          0.93","206,145","94,167","          2.19","99,094","107,051","          0.93","205,895","94,147","          2.19","98,940","106,955","          0.93","205,515","94,136","          2.18","98,721","106,794","          0.92","204,869","93,840","          2.18","98,338","106,531","          0.92","204,377","93,706","          2.18","98,070","106,307","          0.92","203,871","93,581","          2.18","97,791","106,080","          0.92","203,536","93,557","          2.18","97,604","105,932","          0.92","203,197","93,490","          2.17","97,434","105,763","          0.92"
"부산광역시 수영구 (2650000000)","176,742","84,460","          2.09","83,514","93,228","          0.90","176,703","84,736","          2.09","83,512","93,191","          0.90","176,145","84,569","          2.08","83,280","92,865","          0.90","176,276","84,717","          2.08","83,320","92,956","          0.90","176,062","84,790","          2.08","83,210","92,852","          0.90","175,877","84,948","          2.07","83,071","92,806","          0.90","175,722","85,083","          2.07","83,010","92,712","          0.90","175,815","85,343","          2.06","83,040","92,775","          0.90","175,799","85,573","          2.05","83,017","92,782","          0.89","175,583","85,693","          2.05","82,913","92,670","          0.89","175,389","85,830","          2.04","82,790","92,599","          0.89","175,095","85,896","          2.04","82,609","92,486","          0.89","174,867","86,014","          2.03","82,492","92,375","          0.89","174,838","86,261","          2.03","82,451","92,387","          0.89","174,661","86,445","          2.02","82,299","92,362","          0.89","174,633","86,584","          2.02","82,285","92,348","          0.89","174,665","86,829","          2.01","82,297","92,368","          0.89","174,739","86,992","          2.01","82,321","92,418","          0.89","174,709","87,128","          2.01","82,270","92,439","          0.89","174,596","87,245","          2.00","82,182","92,414","          0.89","174,275","87,065","          2.00","82,009","92,266","          0.89","174,694","87,311","          2.00","82,180","92,514","          0.89","174,907","87,360","          2.00","82,218","92,689","          0.89","174,806","87,361","          2.00","82,144","92,662","          0.89","174,911","87,487","          2.00","82,152","92,759","          0.89"
"부산광역시 사상구 (2653000000)","212,173","97,687","          2.17","107,191","104,982","          1.02","212,038","97,946","          2.16","107,128","104,910","          1.02","211,252","97,727","          2.16","106,717","104,535","          1.02","210,943","97,841","          2.16","106,530","104,413","          1.02","210,579","98,003","          2.15","106,324","104,255","          1.02","210,333","98,179","          2.14","106,185","104,148","          1.02","210,005","98,304","          2.14","106,013","103,992","          1.02","209,547","98,305","          2.13","105,794","103,753","          1.02","209,410","98,505","          2.13","105,690","103,720","          1.02","209,138","98,616","          2.12","105,543","103,595","          1.02","208,727","98,627","          2.12","105,299","103,428","          1.02","208,298","98,621","          2.11","105,034","103,264","          1.02","207,772","98,536","          2.11","104,769","103,003","          1.02","207,138","98,603","          2.10","104,446","102,692","          1.02","206,804","98,651","          2.10","104,217","102,587","          1.02","206,365","98,618","          2.09","103,983","102,382","          1.02","206,099","98,702","          2.09","103,841","102,258","          1.02","205,765","98,741","          2.08","103,672","102,093","          1.02","205,287","98,690","          2.08","103,386","101,901","          1.01","204,769","98,694","          2.07","103,106","101,663","          1.01","203,957","98,256","          2.08","102,656","101,301","          1.01","203,331","98,135","          2.07","102,331","101,000","          1.01","203,496","98,324","          2.07","102,404","101,092","          1.01","203,789","98,625","          2.07","102,544","101,245","          1.01","203,796","98,779","          2.06","102,511","101,285","          1.01"
"부산광역시 기장군 (2671000000)","175,428","75,182","          2.33","86,848","88,580","          0.98","176,112","75,533","          2.33","87,194","88,918","          0.98","176,056","75,496","          2.33","87,172","88,884","          0.98","176,287","75,708","          2.33","87,304","88,983","          0.98","176,411","75,858","          2.33","87,367","89,044","          0.98","176,617","76,058","          2.32","87,484","89,133","          0.98","176,786","76,241","          2.32","87,565","89,221","          0.98","176,811","76,369","          2.32","87,546","89,265","          0.98","176,789","76,434","          2.31","87,499","89,290","          0.98","176,879","76,577","          2.31","87,529","89,350","          0.98","177,161","76,725","          2.31","87,661","89,500","          0.98","177,125","76,853","          2.30","87,691","89,434","          0.98","176,935","76,901","          2.30","87,588","89,347","          0.98","176,721","76,959","          2.30","87,487","89,234","          0.98","176,570","77,015","          2.29","87,436","89,134","          0.98","176,505","77,093","          2.29","87,395","89,110","          0.98","176,824","77,472","          2.28","87,567","89,257","          0.98","177,536","77,954","          2.28","87,931","89,605","          0.98","177,672","78,044","          2.28","87,971","89,701","          0.98","177,728","78,169","          2.27","88,002","89,726","          0.98","178,221","78,402","          2.27","88,224","89,997","          0.98","178,303","78,528","          2.27","88,262","90,041","          0.98","178,459","78,629","          2.27","88,327","90,132","          0.98","178,614","78,736","          2.27","88,426","90,188","          0.98","179,090","78,917","          2.27","88,634","90,456","          0.98"
"대구광역시  (2700000000)","2,415,813","1,058,117","          2.28","1,191,656","1,224,157","          0.97","2,413,191","1,059,963","          2.28","1,190,244","1,222,947","          0.97","2,408,875","1,060,866","          2.27","1,188,070","1,220,805","          0.97","2,406,296","1,061,829","          2.27","1,186,663","1,219,633","          0.97","2,402,940","1,061,872","          2.26","1,184,977","1,217,963","          0.97","2,397,646","1,059,826","          2.26","1,182,380","1,215,266","          0.97","2,395,749","1,060,394","          2.26","1,181,351","1,214,398","          0.97","2,393,626","1,061,159","          2.26","1,180,223","1,213,403","          0.97","2,392,787","1,062,536","          2.25","1,179,640","1,213,147","          0.97","2,390,721","1,062,993","          2.25","1,178,486","1,212,235","          0.97","2,388,230","1,063,241","          2.25","1,177,136","1,211,094","          0.97","2,385,412","1,063,893","          2.24","1,175,632","1,209,780","          0.97","2,383,858","1,064,438","          2.24","1,174,667","1,209,191","          0.97","2,381,095","1,065,477","          2.23","1,173,039","1,208,056","          0.97","2,380,494","1,068,557","          2.23","1,172,632","1,207,862","          0.97","2,378,573","1,069,411","          2.22","1,171,451","1,207,122","          0.97","2,376,676","1,070,212","          2.22","1,170,309","1,206,367","          0.97","2,375,306","1,070,705","          2.22","1,169,571","1,205,735","          0.97","2,374,120","1,071,366","          2.22","1,168,845","1,205,275","          0.97","2,371,936","1,072,018","          2.21","1,167,564","1,204,372","          0.97","2,367,735","1,070,482","          2.21","1,165,326","1,202,409","          0.97","2,366,852","1,070,874","          2.21","1,164,728","1,202,124","          0.97","2,365,619","1,070,839","          2.21","1,164,024","1,201,595","          0.97","2,363,691","1,070,873","          2.21","1,162,865","1,200,826","          0.97","2,362,880","1,071,182","          2.21","1,162,217","1,200,663","          0.97"
"대구광역시 중구 (2711000000)","76,382","39,096","          1.95","36,724","39,658","          0.93","76,159","39,055","          1.95","36,586","39,573","          0.92","75,647","38,816","          1.95","36,334","39,313","          0.92","75,366","38,699","          1.95","36,199","39,167","          0.92","75,133","38,635","          1.94","36,106","39,027","          0.93","74,727","38,368","          1.95","35,922","38,805","          0.93","74,433","38,274","          1.94","35,757","38,676","          0.92","74,125","38,189","          1.94","35,580","38,545","          0.92","74,032","38,164","          1.94","35,535","38,497","          0.92","74,682","38,354","          1.95","35,858","38,824","          0.92","74,793","38,328","          1.95","35,927","38,866","          0.92","74,791","38,370","          1.95","35,948","38,843","          0.93","74,786","38,415","          1.95","35,926","38,860","          0.92","74,710","38,485","          1.94","35,870","38,840","          0.92","75,704","38,989","          1.94","36,335","39,369","          0.92","77,842","39,913","          1.95","37,357","40,485","          0.92","78,703","40,289","          1.95","37,767","40,936","          0.92","78,984","40,377","          1.96","37,920","41,064","          0.92","79,014","40,398","          1.96","37,950","41,064","          0.92","78,923","40,349","          1.96","37,880","41,043","          0.92","78,768","40,186","          1.96","37,802","40,966","          0.92","79,241","40,414","          1.96","38,004","41,237","          0.92","79,722","40,554","          1.97","38,215","41,507","          0.92","80,199","40,749","          1.97","38,460","41,739","          0.92","81,015","41,163","          1.97","38,868","42,147","          0.92"
"대구광역시 동구 (2714000000)","341,498","156,051","          2.19","168,218","173,280","          0.97","341,661","156,467","          2.18","168,276","173,385","          0.97","342,656","157,330","          2.18","168,722","173,934","          0.97","342,468","157,572","          2.17","168,584","173,884","          0.97","341,730","157,398","          2.17","168,209","173,521","          0.97","340,693","156,866","          2.17","167,668","173,025","          0.97","340,426","156,966","          2.17","167,503","172,923","          0.97","340,242","157,069","          2.17","167,453","172,789","          0.97","340,024","157,218","          2.16","167,322","172,702","          0.97","340,575","157,655","          2.16","167,505","173,070","          0.97","341,114","158,045","          2.16","167,733","173,381","          0.97","341,436","158,423","          2.16","167,888","173,548","          0.97","341,710","158,708","          2.15","167,954","173,756","          0.97","341,730","159,020","          2.15","167,994","173,736","          0.97","341,498","159,077","          2.15","167,817","173,681","          0.97","341,142","159,221","          2.14","167,669","173,473","          0.97","341,070","159,446","          2.14","167,633","173,437","          0.97","341,126","159,570","          2.14","167,608","173,518","          0.97","340,847","159,585","          2.14","167,446","173,401","          0.97","340,440","159,541","          2.13","167,192","173,248","          0.97","340,171","159,413","          2.13","167,111","173,060","          0.97","340,213","159,551","          2.13","167,121","173,092","          0.97","340,050","159,565","          2.13","167,053","172,997","          0.97","339,530","159,422","          2.13","166,741","172,789","          0.96","339,236","159,368","          2.13","166,516","172,720","          0.96"
"대구광역시 서구 (2717000000)","170,383","83,536","          2.04","85,396","84,987","          1.00","170,005","83,630","          2.03","85,148","84,857","          1.00","169,432","83,610","          2.03","84,873","84,559","          1.00","169,022","83,568","          2.02","84,624","84,398","          1.00","168,704","83,584","          2.02","84,423","84,281","          1.00","167,773","83,089","          2.02","83,975","83,798","          1.00","167,270","82,983","          2.02","83,659","83,611","          1.00","166,878","82,935","          2.01","83,453","83,425","          1.00","166,406","82,789","          2.01","83,187","83,219","          1.00","165,862","82,669","          2.01","82,929","82,933","          1.00","165,208","82,516","          2.00","82,574","82,634","          1.00","164,528","82,301","          2.00","82,241","82,287","          1.00","164,127","82,231","          2.00","82,007","82,120","          1.00","163,588","82,132","          1.99","81,680","81,908","          1.00","163,042","82,008","          1.99","81,419","81,623","          1.00","162,325","81,771","          1.99","81,051","81,274","          1.00","161,790","81,656","          1.98","80,748","81,042","          1.00","161,542","81,622","          1.98","80,623","80,919","          1.00","161,928","81,856","          1.98","80,783","81,145","          1.00","161,802","81,854","          1.98","80,685","81,117","          0.99","161,169","81,517","          1.98","80,344","80,825","          0.99","160,802","81,411","          1.98","80,125","80,677","          0.99","160,343","81,246","          1.97","79,869","80,474","          0.99","159,827","81,116","          1.97","79,580","80,247","          0.99","159,420","81,019","          1.97","79,358","80,062","          0.99"
"대구광역시 남구 (2720000000)","146,428","76,702","          1.91","70,355","76,073","          0.92","146,255","76,836","          1.90","70,279","75,976","          0.93","146,006","76,901","          1.90","70,169","75,837","          0.93","146,188","77,118","          1.90","70,219","75,969","          0.92","146,066","77,226","          1.89","70,118","75,948","          0.92","145,105","76,594","          1.89","69,755","75,350","          0.93","144,889","76,583","          1.89","69,663","75,226","          0.93","144,564","76,531","          1.89","69,510","75,054","          0.93","144,484","76,607","          1.89","69,457","75,027","          0.93","144,119","76,518","          1.88","69,287","74,832","          0.93","143,645","76,384","          1.88","69,066","74,579","          0.93","143,175","76,256","          1.88","68,799","74,376","          0.93","142,753","76,108","          1.88","68,566","74,187","          0.92","142,558","76,102","          1.87","68,464","74,094","          0.92","142,437","76,375","          1.86","68,361","74,076","          0.92","141,805","76,195","          1.86","68,045","73,760","          0.92","141,520","76,179","          1.86","67,867","73,653","          0.92","141,285","76,153","          1.86","67,750","73,535","          0.92","141,586","76,317","          1.86","67,857","73,729","          0.92","141,643","76,424","          1.85","67,896","73,747","          0.92","141,590","76,326","          1.86","67,896","73,694","          0.92","141,822","76,458","          1.85","67,971","73,851","          0.92","141,773","76,455","          1.85","67,967","73,806","          0.92","141,519","76,401","          1.85","67,842","73,677","          0.92","141,547","76,438","          1.85","67,809","73,738","          0.92"
"대구광역시 북구 (2723000000)","439,906","187,741","          2.34","218,975","220,931","          0.99","439,218","188,089","          2.34","218,625","220,593","          0.99","438,365","188,447","          2.33","218,197","220,168","          0.99","438,248","188,800","          2.32","218,144","220,104","          0.99","437,892","188,832","          2.32","218,036","219,856","          0.99","437,333","188,730","          2.32","217,669","219,664","          0.99","437,083","188,937","          2.31","217,540","219,543","          0.99","436,827","189,208","          2.31","217,339","219,488","          0.99","437,146","189,803","          2.30","217,543","219,603","          0.99","436,499","189,829","          2.30","217,197","219,302","          0.99","436,567","190,304","          2.29","217,189","219,378","          0.99","437,008","190,956","          2.29","217,420","219,588","          0.99","437,023","191,251","          2.29","217,416","219,607","          0.99","436,613","191,571","          2.28","217,176","219,437","          0.99","437,284","193,063","          2.26","217,599","219,685","          0.99","436,386","193,046","          2.26","217,065","219,321","          0.99","435,869","193,185","          2.26","216,758","219,111","          0.99","435,131","193,026","          2.25","216,414","218,717","          0.99","434,250","192,883","          2.25","215,982","218,268","          0.99","433,551","192,947","          2.25","215,620","217,931","          0.99","432,558","192,708","          2.24","215,056","217,502","          0.99","432,087","192,692","          2.24","214,817","217,270","          0.99","431,703","192,785","          2.24","214,593","217,110","          0.99","430,912","192,697","          2.24","214,151","216,761","          0.99","430,056","192,331","          2.24","213,664","216,392","          0.99"
"대구광역시 수성구 (2726000000)","424,112","171,145","          2.48","205,210","218,902","          0.94","423,937","171,457","          2.47","205,155","218,782","          0.94","422,759","171,462","          2.47","204,586","218,173","          0.94","421,840","171,479","          2.46","204,076","217,764","          0.94","420,820","171,310","          2.46","203,573","217,247","          0.94","419,979","171,025","          2.46","203,195","216,784","          0.94","420,048","171,224","          2.45","203,235","216,813","          0.94","419,837","171,489","          2.45","203,120","216,717","          0.94","419,536","171,605","          2.44","202,912","216,624","          0.94","418,833","171,473","          2.44","202,574","216,259","          0.94","418,014","171,298","          2.44","202,137","215,877","          0.94","417,097","171,239","          2.44","201,689","215,408","          0.94","416,706","171,288","          2.43","201,531","215,175","          0.94","416,496","171,549","          2.43","201,368","215,128","          0.94","415,829","171,789","          2.42","201,055","214,774","          0.94","415,694","171,998","          2.42","200,938","214,756","          0.94","415,306","172,201","          2.41","200,715","214,591","          0.94","414,917","172,281","          2.41","200,508","214,409","          0.94","414,439","172,297","          2.41","200,275","214,164","          0.94","413,675","172,244","          2.40","199,865","213,810","          0.93","412,775","171,895","          2.40","199,411","213,364","          0.93","412,302","171,782","          2.40","199,183","213,119","          0.93","411,794","171,546","          2.40","198,904","212,890","          0.93","411,553","171,480","          2.40","198,731","212,822","          0.93","411,330","171,479","          2.40","198,618","212,712","          0.93"
"대구광역시 달서구 (2729000000)","557,404","235,490","          2.37","274,911","282,493","          0.97","555,948","235,649","          2.36","274,175","281,773","          0.97","554,177","235,439","          2.35","273,311","280,866","          0.97","552,975","235,435","          2.35","272,745","280,230","          0.97","552,192","235,532","          2.34","272,325","279,867","          0.97","551,490","235,588","          2.34","271,953","279,537","          0.97","550,640","235,545","          2.34","271,525","279,115","          0.97","549,494","235,425","          2.33","270,975","278,519","          0.97","548,694","235,505","          2.33","270,482","278,212","          0.97","547,340","235,328","          2.33","269,775","277,565","          0.97","545,983","235,032","          2.32","269,093","276,890","          0.97","544,926","234,950","          2.32","268,498","276,428","          0.97","544,366","234,907","          2.32","268,134","276,232","          0.97","543,469","235,076","          2.31","267,631","275,838","          0.97","542,328","235,374","          2.30","267,015","275,313","          0.97","540,693","235,134","          2.30","266,123","274,570","          0.97","539,528","234,979","          2.30","265,471","274,057","          0.97","539,024","235,090","          2.29","265,202","273,822","          0.97","538,838","235,359","          2.29","265,089","273,749","          0.97","538,727","235,828","          2.28","264,982","273,745","          0.97","537,705","235,612","          2.28","264,360","273,345","          0.97","537,179","235,591","          2.28","264,106","273,073","          0.97","536,927","235,564","          2.28","263,940","272,987","          0.97","536,989","235,883","          2.28","263,961","273,028","          0.97","537,140","236,185","          2.27","263,958","273,182","          0.97"
"대구광역시 달성군 (2771000000)","259,700","108,356","          2.40","131,867","127,833","          1.03","260,008","108,780","          2.39","132,000","128,008","          1.03","259,833","108,861","          2.39","131,878","127,955","          1.03","260,189","109,158","          2.38","132,072","128,117","          1.03","260,403","109,355","          2.38","132,187","128,216","          1.03","260,546","109,566","          2.38","132,243","128,303","          1.03","260,960","109,882","          2.37","132,469","128,491","          1.03","261,659","110,313","          2.37","132,793","128,866","          1.03","262,465","110,845","          2.37","133,202","129,263","          1.03","262,811","111,167","          2.36","133,361","129,450","          1.03","262,906","111,334","          2.36","133,417","129,489","          1.03","262,451","111,398","          2.36","133,149","129,302","          1.03","262,387","111,530","          2.35","133,133","129,254","          1.03","261,931","111,542","          2.35","132,856","129,075","          1.03","262,372","111,882","          2.35","133,031","129,341","          1.03","262,686","112,133","          2.34","133,203","129,483","          1.03","262,890","112,277","          2.34","133,350","129,540","          1.03","263,297","112,586","          2.34","133,546","129,751","          1.03","263,218","112,671","          2.34","133,463","129,755","          1.03","263,175","112,831","          2.33","133,444","129,731","          1.03","262,999","112,825","          2.33","133,346","129,653","          1.03","263,206","112,975","          2.33","133,401","129,805","          1.03","263,307","113,124","          2.33","133,483","129,824","          1.03","263,162","113,125","          2.33","133,399","129,763","          1.03","263,136","113,199","          2.32","133,426","129,710","          1.03"
"인천광역시  (2800000000)","2,942,452","1,270,669","          2.32","1,473,639","1,468,813","          1.00","2,941,705","1,273,377","          2.31","1,473,245","1,468,460","          1.00","2,936,461","1,272,361","          2.31","1,470,750","1,465,711","          1.00","2,936,214","1,275,194","          2.30","1,470,490","1,465,724","          1.00","2,936,382","1,277,842","          2.30","1,470,528","1,465,854","          1.00","2,936,367","1,280,291","          2.29","1,470,544","1,465,823","          1.00","2,937,440","1,283,524","          2.29","1,470,985","1,466,455","          1.00","2,938,429","1,286,458","          2.28","1,471,347","1,467,082","          1.00","2,941,795","1,290,829","          2.28","1,472,963","1,468,832","          1.00","2,945,009","1,294,158","          2.28","1,474,536","1,470,473","          1.00","2,946,319","1,296,517","          2.27","1,475,245","1,471,074","          1.00","2,948,375","1,298,647","          2.27","1,476,373","1,472,002","          1.00","2,949,150","1,300,292","          2.27","1,476,663","1,472,487","          1.00","2,950,978","1,303,227","          2.26","1,477,432","1,473,546","          1.00","2,952,699","1,306,725","          2.26","1,478,272","1,474,427","          1.00","2,953,260","1,308,777","          2.26","1,478,514","1,474,746","          1.00","2,955,167","1,311,588","          2.25","1,479,428","1,475,739","          1.00","2,957,066","1,313,975","          2.25","1,480,432","1,476,634","          1.00","2,960,580","1,317,046","          2.25","1,482,177","1,478,403","          1.00","2,963,117","1,319,683","          2.25","1,483,370","1,479,747","          1.00","2,960,097","1,318,437","          2.25","1,481,896","1,478,201","          1.00","2,962,388","1,320,238","          2.24","1,483,026","1,479,362","          1.00","2,964,820","1,321,231","          2.24","1,484,103","1,480,717","          1.00","2,967,314","1,322,632","          2.24","1,485,175","1,482,139","          1.00","2,969,502","1,324,140","          2.24","1,486,300","1,483,202","          1.00"
"인천광역시 중구 (2811000000)","139,762","68,487","          2.04","72,524","67,238","          1.08","139,776","68,623","          2.04","72,561","67,215","          1.08","139,325","68,322","          2.04","72,400","66,925","          1.08","139,548","68,527","          2.04","72,529","67,019","          1.08","139,930","68,763","          2.03","72,745","67,185","          1.08","140,175","68,940","          2.03","72,886","67,289","          1.08","140,641","69,295","          2.03","73,107","67,534","          1.08","141,341","69,724","          2.03","73,472","67,869","          1.08","142,053","70,171","          2.02","73,787","68,266","          1.08","142,618","70,478","          2.02","74,127","68,491","          1.08","143,052","70,748","          2.02","74,366","68,686","          1.08","143,633","71,061","          2.02","74,679","68,954","          1.08","144,088","71,282","          2.02","74,902","69,186","          1.08","144,935","71,696","          2.02","75,334","69,601","          1.08","145,672","72,111","          2.02","75,700","69,972","          1.08","146,380","72,548","          2.02","76,038","70,342","          1.08","147,093","72,990","          2.02","76,413","70,680","          1.08","147,705","73,401","          2.01","76,777","70,928","          1.08","148,626","73,918","          2.01","77,212","71,414","          1.08","149,164","74,300","          2.01","77,481","71,683","          1.08","150,353","74,838","          2.01","78,068","72,285","          1.08","151,310","75,294","          2.01","78,591","72,719","          1.08","152,265","75,682","          2.01","79,050","73,215","          1.08","152,931","75,960","          2.01","79,359","73,572","          1.08","153,421","76,141","          2.01","79,598","73,823","          1.08"
"인천광역시 중구영종출장소 (2811400000)","0","0","          0.00","0","0","          0.00","0","0","          0.00","0","0","          0.00","0","0","          0.00","0","0","          0.00","0","0","          0.00","0","0","          0.00","0","0","          0.00","0","0","          0.00","0","0","          0.00","0","0","          0.00","0","0","          0.00","0","0","          0.00","0","0","          0.00","0","0","          0.00","0","0","          0.00","0","0","          0.00","0","0","          0.00","0","0","          0.00","0","0","          0.00","0","0","          0.00","0","0","          0.00","0","0","          0.00","0","0","          0.00","0","0","          0.00","0","0","          0.00","0","0","          0.00","0","0","          0.00","0","0","          0.00","0","0","          0.00","0","0","          0.00","0","0","          0.00","0","0","          0.00","0","0","          0.00","0","0","          0.00","0","0","          0.00","0","0","          0.00","0","0","          0.00","0","0","          0.00","0","0","          0.00","0","0","          0.00","0","0","          0.00","0","0","          0.00","0","0","          0.00","0","0","          0.00","0","0","          0.00","0","0","          0.00","0","0","          0.00","0","0","          0.00"
"인천광역시 중구용유출장소 (2811800000)","0","0","          0.00","0","0","          0.00","0","0","          0.00","0","0","          0.00","0","0","          0.00","0","0","          0.00","0","0","          0.00","0","0","          0.00","0","0","          0.00","0","0","          0.00","0","0","          0.00","0","0","          0.00","0","0","          0.00","0","0","          0.00","0","0","          0.00","0","0","          0.00","0","0","          0.00","0","0","          0.00","0","0","          0.00","0","0","          0.00","0","0","          0.00","0","0","          0.00","0","0","          0.00","0","0","          0.00","0","0","          0.00","0","0","          0.00","0","0","          0.00","0","0","          0.00","0","0","          0.00","0","0","          0.00","0","0","          0.00","0","0","          0.00","0","0","          0.00","0","0","          0.00","0","0","          0.00","0","0","          0.00","0","0","          0.00","0","0","          0.00","0","0","          0.00","0","0","          0.00","0","0","          0.00","0","0","          0.00","0","0","          0.00","0","0","          0.00","0","0","          0.00","0","0","          0.00","0","0","          0.00","0","0","          0.00","0","0","          0.00","0","0","          0.00"
"인천광역시 동구 (2814000000)","62,485","28,838","          2.17","31,549","30,936","          1.02","62,381","28,854","          2.16","31,515","30,866","          1.02","61,755","28,383","          2.18","31,200","30,555","          1.02","61,680","28,398","          2.17","31,159","30,521","          1.02","61,530","28,393","          2.17","31,066","30,464","          1.02","61,436","28,420","          2.16","31,040","30,396","          1.02","62,258","28,930","          2.15","31,461","30,797","          1.02","62,410","29,007","          2.15","31,517","30,893","          1.02","62,244","28,973","          2.15","31,417","30,827","          1.02","61,977","28,876","          2.15","31,266","30,711","          1.02","61,716","28,772","          2.15","31,120","30,596","          1.02","61,486","28,681","          2.14","30,998","30,488","          1.02","61,222","28,572","          2.14","30,841","30,381","          1.02","60,848","28,448","          2.14","30,647","30,201","          1.01","60,382","28,254","          2.14","30,427","29,955","          1.02","59,856","27,989","          2.14","30,149","29,707","          1.01","59,322","27,783","          2.14","29,892","29,430","          1.02","59,017","27,648","          2.13","29,742","29,275","          1.02","58,819","27,572","          2.13","29,646","29,173","          1.02","58,612","27,528","          2.13","29,538","29,074","          1.02","58,423","27,359","          2.14","29,421","29,002","          1.01","58,574","27,428","          2.14","29,502","29,072","          1.01","58,809","27,524","          2.14","29,603","29,206","          1.01","58,999","27,618","          2.14","29,691","29,308","          1.01","59,238","27,757","          2.13","29,807","29,431","          1.01"
"인천광역시 미추홀구 (2817700000)","404,843","188,840","          2.14","203,854","200,989","          1.01","405,125","189,349","          2.14","204,002","201,123","          1.01","404,175","189,013","          2.14","203,664","200,511","          1.02","403,999","189,331","          2.13","203,495","200,504","          1.01","404,236","189,754","          2.13","203,564","200,672","          1.01","404,618","190,300","          2.13","203,742","200,876","          1.01","404,560","190,636","          2.12","203,720","200,840","          1.01","405,811","191,537","          2.12","204,357","201,454","          1.01","406,482","192,332","          2.11","204,758","201,724","          1.02","406,789","192,769","          2.11","204,898","201,891","          1.01","407,010","193,113","          2.11","205,009","202,001","          1.01","407,464","193,561","          2.11","205,283","202,181","          1.02","407,353","193,778","          2.10","205,146","202,207","          1.01","407,131","194,065","          2.10","205,029","202,102","          1.01","406,943","194,357","          2.09","204,926","202,017","          1.01","406,835","194,542","          2.09","204,830","202,005","          1.01","407,253","194,998","          2.09","205,062","202,191","          1.01","407,180","195,162","          2.09","204,996","202,184","          1.01","406,892","195,308","          2.08","204,857","202,035","          1.01","407,874","195,955","          2.08","205,350","202,524","          1.01","407,167","195,391","          2.08","204,987","202,180","          1.01","407,190","195,400","          2.08","204,936","202,254","          1.01","406,723","195,153","          2.08","204,666","202,057","          1.01","406,004","194,841","          2.08","204,354","201,650","          1.01","405,298","194,564","          2.08","204,000","201,298","          1.01"
"인천광역시 연수구 (2818500000)","388,409","152,940","          2.54","193,006","195,403","          0.99","389,527","153,591","          2.54","193,548","195,979","          0.99","390,477","154,672","          2.52","194,069","196,408","          0.99","390,807","155,069","          2.52","194,282","196,525","          0.99","390,971","155,402","          2.52","194,351","196,620","          0.99","390,827","155,462","          2.51","194,215","196,612","          0.99","390,638","155,510","          2.51","194,088","196,550","          0.99","390,107","155,528","          2.51","193,801","196,306","          0.99","389,977","155,816","          2.50","193,641","196,336","          0.99","389,926","155,914","          2.50","193,568","196,358","          0.99","389,638","155,950","          2.50","193,434","196,204","          0.99","389,644","155,984","          2.50","193,417","196,227","          0.99","389,263","155,932","          2.50","193,216","196,047","          0.99","388,461","155,844","          2.49","192,816","195,645","          0.99","388,732","156,689","          2.48","192,994","195,738","          0.99","388,284","156,787","          2.48","192,852","195,432","          0.99","387,789","156,685","          2.47","192,562","195,227","          0.99","387,303","156,489","          2.47","192,281","195,022","          0.99","386,740","156,288","          2.47","192,010","194,730","          0.99","386,257","156,230","          2.47","191,747","194,510","          0.99","385,910","156,301","          2.47","191,607","194,303","          0.99","385,884","156,362","          2.47","191,609","194,275","          0.99","385,955","156,282","          2.47","191,595","194,360","          0.99","385,796","156,047","          2.47","191,405","194,391","          0.98","385,573","155,845","          2.47","191,253","194,320","          0.98"
"인천광역시 남동구 (2820000000)","524,800","225,780","          2.32","260,654","264,146","          0.99","524,004","226,114","          2.32","260,227","263,777","          0.99","522,713","225,916","          2.31","259,545","263,168","          0.99","522,330","226,346","          2.31","259,335","262,995","          0.99","521,719","226,567","          2.30","259,035","262,684","          0.99","521,340","226,911","          2.30","258,876","262,464","          0.99","520,683","227,202","          2.29","258,582","262,101","          0.99","519,667","227,340","          2.29","258,080","261,587","          0.99","518,988","227,628","          2.28","257,803","261,185","          0.99","518,662","227,888","          2.28","257,616","261,046","          0.99","518,372","228,131","          2.27","257,523","260,849","          0.99","518,272","228,442","          2.27","257,468","260,804","          0.99","517,894","228,599","          2.27","257,279","260,615","          0.99","516,859","228,723","          2.26","256,765","260,094","          0.99","516,176","228,854","          2.26","256,441","259,735","          0.99","515,474","228,876","          2.25","256,042","259,432","          0.99","513,965","228,517","          2.25","255,275","258,690","          0.99","512,645","228,231","          2.25","254,637","258,008","          0.99","511,709","228,195","          2.24","254,161","257,548","          0.99","509,710","227,612","          2.24","253,164","256,546","          0.99","508,213","227,139","          2.24","252,454","255,759","          0.99","507,567","227,114","          2.23","252,102","255,465","          0.99","506,911","226,903","          2.23","251,761","255,150","          0.99","506,181","226,763","          2.23","251,394","254,787","          0.99","505,213","226,589","          2.23","250,954","254,259","          0.99"
"인천광역시 부평구 (2823700000)","494,487","211,686","          2.34","244,412","250,075","          0.98","493,610","211,995","          2.33","243,934","249,676","          0.98","491,370","211,070","          2.33","242,817","248,553","          0.98","490,968","211,464","          2.32","242,605","248,363","          0.98","490,970","212,042","          2.32","242,647","248,323","          0.98","490,609","212,435","          2.31","242,460","248,149","          0.98","490,138","212,758","          2.30","242,133","248,005","          0.98","489,178","212,846","          2.30","241,608","247,570","          0.98","488,683","213,128","          2.29","241,313","247,370","          0.98","488,092","213,289","          2.29","240,990","247,102","          0.98","487,201","213,286","          2.28","240,572","246,629","          0.98","486,765","213,372","          2.28","240,348","246,417","          0.98","486,445","213,484","          2.28","240,164","246,281","          0.98","485,656","213,598","          2.27","239,739","245,917","          0.97","484,844","213,637","          2.27","239,260","245,584","          0.97","484,125","213,620","          2.27","238,881","245,244","          0.97","486,216","215,100","          2.26","239,886","246,330","          0.97","488,095","216,391","          2.26","240,774","247,321","          0.97","489,374","217,299","          2.25","241,434","247,940","          0.97","490,558","218,240","          2.25","242,032","248,526","          0.97","489,286","217,634","          2.25","241,410","247,876","          0.97","489,329","217,859","          2.25","241,434","247,895","          0.97","489,137","217,825","          2.25","241,344","247,793","          0.97","489,118","217,924","          2.24","241,285","247,833","          0.97","489,903","218,449","          2.24","241,652","248,251","          0.97"
"인천광역시 계양구 (2824500000)","296,200","124,514","          2.38","147,690","148,510","          0.99","296,534","125,072","          2.37","147,871","148,663","          0.99","296,771","125,430","          2.37","147,987","148,784","          0.99","296,947","125,874","          2.36","147,993","148,954","          0.99","296,705","126,118","          2.35","147,864","148,841","          0.99","296,442","126,314","          2.35","147,719","148,723","          0.99","296,173","126,611","          2.34","147,557","148,616","          0.99","295,492","126,666","          2.33","147,178","148,314","          0.99","294,668","126,668","          2.33","146,737","147,931","          0.99","294,852","127,170","          2.32","146,853","147,999","          0.99","295,462","127,761","          2.31","147,171","148,291","          0.99","295,696","127,984","          2.31","147,316","148,380","          0.99","295,450","128,068","          2.31","147,196","148,254","          0.99","294,795","128,063","          2.30","146,824","147,971","          0.99","294,201","128,073","          2.30","146,537","147,664","          0.99","293,734","128,079","          2.29","146,343","147,391","          0.99","293,506","128,214","          2.29","146,230","147,276","          0.99","292,985","128,181","          2.29","145,966","147,019","          0.99","292,437","128,172","          2.28","145,702","146,735","          0.99","291,779","128,134","          2.28","145,342","146,437","          0.99","290,559","127,618","          2.28","144,736","145,823","          0.99","290,068","127,534","          2.27","144,500","145,568","          0.99","289,520","127,352","          2.27","144,233","145,287","          0.99","288,856","127,201","          2.27","143,881","144,975","          0.99","288,210","127,056","          2.27","143,560","144,650","          0.99"
"인천광역시 서구 (2826000000)","541,823","223,655","          2.42","273,693","268,130","          1.02","541,164","223,792","          2.42","273,369","267,795","          1.02","540,532","223,727","          2.42","273,008","267,524","          1.02","540,532","224,252","          2.41","273,007","267,525","          1.02","540,790","224,746","          2.41","273,106","267,684","          1.02","541,304","225,337","          2.40","273,411","267,893","          1.02","542,635","226,279","          2.40","274,060","268,575","          1.02","544,726","227,473","          2.39","275,064","269,662","          1.02","549,053","229,709","          2.39","277,255","271,798","          1.02","552,338","231,257","          2.39","278,877","273,461","          1.02","553,962","232,113","          2.39","279,621","274,341","          1.02","555,380","232,834","          2.39","280,398","274,982","          1.02","557,342","233,802","          2.38","281,427","275,915","          1.02","562,119","235,870","          2.38","283,761","278,358","          1.02","565,436","237,705","          2.38","285,395","280,041","          1.02","568,102","239,146","          2.38","286,713","281,389","          1.02","569,494","239,984","          2.37","287,422","282,072","          1.02","571,547","241,083","          2.37","288,573","282,974","          1.02","575,323","242,783","          2.37","290,424","284,899","          1.02","578,529","244,140","          2.37","291,993","286,536","          1.02","579,650","244,591","          2.37","292,503","287,147","          1.02","581,974","245,695","          2.37","293,656","288,318","          1.02","585,036","246,944","          2.37","295,159","289,877","          1.02","589,013","248,741","          2.37","297,120","291,893","          1.02","592,298","250,209","          2.37","298,805","293,493","          1.02"
"인천광역시 서구검단출장소 (2826500000)","0","0","          0.00","0","0","          0.00","0","0","          0.00","0","0","          0.00","0","0","          0.00","0","0","          0.00","0","0","          0.00","0","0","          0.00","0","0","          0.00","0","0","          0.00","0","0","          0.00","0","0","          0.00","0","0","          0.00","0","0","          0.00","0","0","          0.00","0","0","          0.00","0","0","          0.00","0","0","          0.00","0","0","          0.00","0","0","          0.00","0","0","          0.00","0","0","          0.00","0","0","          0.00","0","0","          0.00","0","0","          0.00","0","0","          0.00","0","0","          0.00","0","0","          0.00","0","0","          0.00","0","0","          0.00","0","0","          0.00","0","0","          0.00","0","0","          0.00","0","0","          0.00","0","0","          0.00","0","0","          0.00","0","0","          0.00","0","0","          0.00","0","0","          0.00","0","0","          0.00","0","0","          0.00","0","0","          0.00","0","0","          0.00","0","0","          0.00","0","0","          0.00","0","0","          0.00","0","0","          0.00","0","0","          0.00","0","0","          0.00","0","0","          0.00"
"인천광역시 강화군 (2871000000)","69,245","33,972","          2.04","34,664","34,581","          1.00","69,236","34,029","          2.03","34,655","34,581","          1.00","69,008","33,880","          2.04","34,519","34,489","          1.00","69,089","33,984","          2.03","34,557","34,532","          1.00","69,212","34,095","          2.03","34,626","34,586","          1.00","69,285","34,180","          2.03","34,644","34,641","          1.00","69,326","34,252","          2.02","34,681","34,645","          1.00","69,324","34,305","          2.02","34,679","34,645","          1.00","69,302","34,374","          2.02","34,660","34,642","          1.00","69,351","34,433","          2.01","34,698","34,653","          1.00","69,502","34,533","          2.01","34,782","34,720","          1.00","69,693","34,667","          2.01","34,868","34,825","          1.00","69,748","34,713","          2.01","34,896","34,852","          1.00","69,801","34,825","          2.00","34,923","34,878","          1.00","69,780","34,881","          2.00","34,932","34,848","          1.00","69,881","34,952","          2.00","34,963","34,918","          1.00","69,940","35,058","          1.99","34,993","34,947","          1.00","70,033","35,124","          1.99","35,006","35,027","          1.00","70,064","35,170","          1.99","35,021","35,043","          1.00","70,014","35,178","          1.99","34,990","35,024","          1.00","69,897","35,147","          1.99","34,946","34,951","          1.00","69,809","35,119","          1.99","34,899","34,910","          1.00","69,805","35,126","          1.99","34,904","34,901","          1.00","69,803","35,114","          1.99","34,918","34,885","          1.00","69,763","35,105","          1.99","34,920","34,843","          1.00"
"인천광역시 옹진군 (2872000000)","20,398","11,957","          1.71","11,593","8,805","          1.32","20,348","11,958","          1.70","11,563","8,785","          1.32","20,335","11,948","          1.70","11,541","8,794","          1.31","20,314","11,949","          1.70","11,528","8,786","          1.31","20,319","11,962","          1.70","11,524","8,795","          1.31","20,331","11,992","          1.70","11,551","8,780","          1.32","20,388","12,051","          1.69","11,596","8,792","          1.32","20,373","12,032","          1.69","11,591","8,782","          1.32","20,345","12,030","          1.69","11,592","8,753","          1.32","20,404","12,084","          1.69","11,643","8,761","          1.33","20,404","12,110","          1.68","11,647","8,757","          1.33","20,342","12,061","          1.69","11,598","8,744","          1.33","20,345","12,062","          1.69","11,596","8,749","          1.33","20,373","12,095","          1.68","11,594","8,779","          1.32","20,533","12,164","          1.69","11,660","8,873","          1.31","20,589","12,238","          1.68","11,703","8,886","          1.32","20,589","12,259","          1.68","11,693","8,896","          1.31","20,556","12,265","          1.68","11,680","8,876","          1.32","20,596","12,341","          1.67","11,710","8,886","          1.32","20,620","12,366","          1.67","11,733","8,887","          1.32","20,639","12,419","          1.66","11,764","8,875","          1.33","20,683","12,433","          1.66","11,797","8,886","          1.33","20,659","12,440","          1.66","11,788","8,871","          1.33","20,613","12,423","          1.66","11,768","8,845","          1.33","20,585","12,425","          1.66","11,751","8,834","          1.33"
"광주광역시  (2900000000)","1,449,115","634,859","          2.28","716,929","732,186","          0.98","1,447,953","635,999","          2.28","716,331","731,622","          0.98","1,445,473","636,160","          2.27","715,226","730,247","          0.98","1,444,787","637,169","          2.27","714,834","729,953","          0.98","1,443,154","637,364","          2.26","714,101","729,053","          0.98","1,442,647","638,270","          2.26","713,793","728,854","          0.98","1,442,482","639,333","          2.26","713,626","728,856","          0.98","1,441,970","640,836","          2.25","713,286","728,684","          0.98","1,442,827","642,726","          2.24","713,666","729,161","          0.98","1,442,454","643,841","          2.24","713,483","728,971","          0.98","1,442,138","644,972","          2.24","713,292","728,846","          0.98","1,441,611","645,712","          2.23","713,015","728,596","          0.98","1,441,636","646,429","          2.23","713,037","728,599","          0.98","1,440,032","647,419","          2.22","712,199","727,833","          0.98","1,438,463","648,252","          2.22","711,289","727,174","          0.98","1,436,916","648,653","          2.22","710,524","726,392","          0.98","1,436,012","649,454","          2.21","710,062","725,950","          0.98","1,435,378","650,131","          2.21","709,685","725,693","          0.98","1,434,703","650,708","          2.20","709,305","725,398","          0.98","1,434,397","652,050","          2.20","709,090","725,307","          0.98","1,432,856","652,047","          2.20","708,248","724,608","          0.98","1,432,651","652,598","          2.20","708,119","724,532","          0.98","1,432,049","652,435","          2.19","707,815","724,234","          0.98","1,431,050","652,355","          2.19","707,299","723,751","          0.98","1,429,816","652,374","          2.19","706,724","723,092","          0.98"
"광주광역시 동구 (2911000000)","102,877","51,058","          2.01","50,789","52,088","          0.98","102,745","51,095","          2.01","50,674","52,071","          0.97","102,467","50,983","          2.01","50,577","51,890","          0.97","102,939","51,274","          2.01","50,783","52,156","          0.97","103,007","51,282","          2.01","50,853","52,154","          0.98","103,146","51,414","          2.01","50,926","52,220","          0.98","103,185","51,550","          2.00","50,938","52,247","          0.97","103,333","51,795","          2.00","50,981","52,352","          0.97","103,544","51,994","          1.99","51,073","52,471","          0.97","103,443","52,059","          1.99","51,016","52,427","          0.97","103,396","52,259","          1.98","51,002","52,394","          0.97","103,470","52,362","          1.98","51,046","52,424","          0.97","103,466","52,436","          1.97","51,014","52,452","          0.97","103,299","52,514","          1.97","50,943","52,356","          0.97","103,081","52,484","          1.96","50,834","52,247","          0.97","102,984","52,481","          1.96","50,780","52,204","          0.97","102,936","52,540","          1.96","50,776","52,160","          0.97","103,233","52,717","          1.96","50,901","52,332","          0.97","103,432","52,868","          1.96","51,019","52,413","          0.97","105,137","53,722","          1.96","51,904","53,233","          0.98","105,688","53,959","          1.96","52,173","53,515","          0.97","105,798","54,006","          1.96","52,235","53,563","          0.98","105,845","54,050","          1.96","52,287","53,558","          0.98","105,909","54,072","          1.96","52,305","53,604","          0.98","105,887","54,094","          1.96","52,295","53,592","          0.98"
"광주광역시 서구 (2914000000)","296,036","131,644","          2.25","145,049","150,987","          0.96","295,368","131,791","          2.24","144,682","150,686","          0.96","294,691","131,813","          2.24","144,373","150,318","          0.96","294,128","131,827","          2.23","144,117","150,011","          0.96","293,364","131,724","          2.23","143,812","149,552","          0.96","293,088","131,850","          2.22","143,635","149,453","          0.96","292,724","131,981","          2.22","143,459","149,265","          0.96","292,400","132,214","          2.21","143,271","149,129","          0.96","292,180","132,468","          2.21","143,177","149,003","          0.96","291,705","132,548","          2.20","142,908","148,797","          0.96","291,411","132,663","          2.20","142,783","148,628","          0.96","291,231","132,808","          2.19","142,721","148,510","          0.96","291,235","132,931","          2.19","142,697","148,538","          0.96","290,550","132,949","          2.19","142,303","148,247","          0.96","289,789","133,049","          2.18","141,932","147,857","          0.96","289,341","133,103","          2.17","141,697","147,644","          0.96","288,703","133,119","          2.17","141,389","147,314","          0.96","288,120","133,066","          2.17","141,070","147,050","          0.96","287,748","133,081","          2.16","140,896","146,852","          0.96","288,100","133,511","          2.16","141,100","147,000","          0.96","288,043","133,647","          2.16","141,076","146,967","          0.96","287,720","133,602","          2.15","140,932","146,788","          0.96","287,607","133,548","          2.15","140,850","146,757","          0.96","287,401","133,554","          2.15","140,726","146,675","          0.96","287,347","133,676","          2.15","140,696","146,651","          0.96"
"광주광역시 남구 (2915500000)","214,532","93,493","          2.29","103,192","111,340","          0.93","214,579","93,632","          2.29","103,263","111,316","          0.93","213,776","93,243","          2.29","102,891","110,885","          0.93","213,698","93,377","          2.29","102,854","110,844","          0.93","213,717","93,621","          2.28","102,803","110,914","          0.93","213,910","93,908","          2.28","102,885","111,025","          0.93","214,111","94,256","          2.27","102,933","111,178","          0.93","214,051","94,476","          2.27","102,881","111,170","          0.93","214,295","94,824","          2.26","102,962","111,333","          0.92","215,043","95,293","          2.26","103,318","111,725","          0.92","215,527","95,625","          2.25","103,559","111,968","          0.92","215,575","95,722","          2.25","103,542","112,033","          0.92","215,739","95,849","          2.25","103,653","112,086","          0.92","215,454","95,954","          2.25","103,497","111,957","          0.92","215,008","95,963","          2.24","103,265","111,743","          0.92","214,848","96,146","          2.23","103,227","111,621","          0.92","215,251","96,486","          2.23","103,427","111,824","          0.92","215,274","96,646","          2.23","103,419","111,855","          0.92","215,129","96,704","          2.22","103,306","111,823","          0.92","214,411","96,559","          2.22","102,917","111,494","          0.92","213,653","96,295","          2.22","102,536","111,117","          0.92","213,079","96,133","          2.22","102,250","110,829","          0.92","212,701","96,005","          2.22","102,042","110,659","          0.92","212,379","95,868","          2.22","101,881","110,498","          0.92","212,028","95,741","          2.21","101,737","110,291","          0.92"
"광주광역시 북구 (2917000000)","430,516","192,588","          2.24","213,745","216,771","          0.99","430,209","193,047","          2.23","213,621","216,588","          0.99","429,600","193,362","          2.22","213,257","216,343","          0.99","429,159","193,669","          2.22","213,032","216,127","          0.99","428,262","193,544","          2.21","212,637","215,625","          0.99","427,858","193,705","          2.21","212,433","215,425","          0.99","428,040","194,047","          2.21","212,537","215,503","          0.99","427,773","194,452","          2.20","212,410","215,363","          0.99","428,082","195,081","          2.19","212,526","215,556","          0.99","427,684","195,305","          2.19","212,370","215,314","          0.99","427,463","195,568","          2.19","212,180","215,283","          0.99","427,114","195,695","          2.18","211,999","215,115","          0.99","426,877","195,811","          2.18","211,893","214,984","          0.99","427,139","196,446","          2.17","211,986","215,153","          0.99","427,178","196,919","          2.17","211,901","215,277","          0.98","426,745","196,995","          2.17","211,625","215,120","          0.98","426,329","197,158","          2.16","211,436","214,893","          0.98","426,053","197,373","          2.16","211,247","214,806","          0.98","425,881","197,542","          2.16","211,137","214,744","          0.98","424,715","197,556","          2.15","210,550","214,165","          0.98","423,743","197,341","          2.15","209,989","213,754","          0.98","424,720","198,023","          2.14","210,413","214,307","          0.98","425,001","198,058","          2.15","210,566","214,435","          0.98","424,707","198,085","          2.14","210,416","214,291","          0.98","424,326","198,068","          2.14","210,178","214,148","          0.98"
"광주광역시 광산구 (2920000000)","405,154","166,076","          2.44","204,154","201,000","          1.02","405,052","166,434","          2.43","204,091","200,961","          1.02","404,939","166,759","          2.43","204,128","200,811","          1.02","404,863","167,022","          2.42","204,048","200,815","          1.02","404,804","167,193","          2.42","203,996","200,808","          1.02","404,645","167,393","          2.42","203,914","200,731","          1.02","404,422","167,499","          2.41","203,759","200,663","          1.02","404,413","167,899","          2.41","203,743","200,670","          1.02","404,726","168,359","          2.40","203,928","200,798","          1.02","404,579","168,636","          2.40","203,871","200,708","          1.02","404,341","168,857","          2.39","203,768","200,573","          1.02","404,221","169,125","          2.39","203,707","200,514","          1.02","404,319","169,402","          2.39","203,780","200,539","          1.02","403,590","169,556","          2.38","203,470","200,120","          1.02","403,407","169,837","          2.38","203,357","200,050","          1.02","402,998","169,928","          2.37","203,195","199,803","          1.02","402,793","170,151","          2.37","203,034","199,759","          1.02","402,698","170,329","          2.36","203,048","199,650","          1.02","402,513","170,513","          2.36","202,947","199,566","          1.02","402,034","170,702","          2.36","202,619","199,415","          1.02","401,729","170,805","          2.35","202,474","199,255","          1.02","401,334","170,834","          2.35","202,289","199,045","          1.02","400,895","170,774","          2.35","202,070","198,825","          1.02","400,654","170,776","          2.35","201,971","198,683","          1.02","400,228","170,795","          2.34","201,818","198,410","          1.02"
"대전광역시  (3000000000)","1,463,291","654,078","          2.24","730,396","732,895","          1.00","1,462,064","655,842","          2.23","729,663","732,401","          1.00","1,458,463","655,196","          2.23","728,075","730,388","          1.00","1,457,619","656,007","          2.22","727,522","730,097","          1.00","1,457,161","657,087","          2.22","727,279","729,882","          1.00","1,456,107","657,781","          2.21","726,666","729,441","          1.00","1,455,300","658,831","          2.21","726,281","729,019","          1.00","1,454,679","659,978","          2.20","725,956","728,723","          1.00","1,455,058","661,948","          2.20","726,142","728,916","          1.00","1,454,228","662,615","          2.19","725,742","728,486","          1.00","1,453,675","663,621","          2.19","725,406","728,269","          1.00","1,452,251","664,417","          2.19","724,626","727,625","          1.00","1,451,272","664,804","          2.18","724,026","727,246","          1.00","1,450,862","666,643","          2.18","723,812","727,050","          1.00","1,450,057","667,934","          2.17","723,361","726,696","          1.00","1,449,360","668,599","          2.17","723,063","726,297","          1.00","1,448,933","669,589","          2.16","722,840","726,093","          1.00","1,448,401","670,279","          2.16","722,517","725,884","          1.00","1,448,182","671,127","          2.16","722,366","725,816","          1.00","1,448,240","672,491","          2.15","722,486","725,754","          1.00","1,446,602","672,212","          2.15","721,604","724,998","          1.00","1,446,863","673,098","          2.15","721,745","725,118","          1.00","1,446,749","673,163","          2.15","721,609","725,140","          1.00","1,446,072","673,429","          2.15","721,245","724,827","          1.00","1,445,806","673,759","          2.15","721,037","724,769","          0.99"
"대전광역시 동구 (3011000000)","223,727","106,232","          2.11","112,794","110,933","          1.02","224,103","106,813","          2.10","113,026","111,077","          1.02","223,469","106,511","          2.10","112,726","110,743","          1.02","223,358","106,636","          2.09","112,660","110,698","          1.02","223,353","106,836","          2.09","112,656","110,697","          1.02","223,245","106,961","          2.09","112,571","110,674","          1.02","223,198","107,104","          2.08","112,539","110,659","          1.02","223,206","107,368","          2.08","112,538","110,668","          1.02","223,409","107,763","          2.07","112,638","110,771","          1.02","223,384","107,958","          2.07","112,624","110,760","          1.02","223,038","108,026","          2.06","112,408","110,630","          1.02","222,222","107,832","          2.06","111,953","110,269","          1.02","221,592","107,558","          2.06","111,632","109,960","          1.02","221,300","107,803","          2.05","111,522","109,778","          1.02","220,860","107,833","          2.05","111,261","109,599","          1.02","220,313","107,663","          2.05","110,985","109,328","          1.02","220,920","108,142","          2.04","111,265","109,655","          1.01","221,043","108,403","          2.04","111,349","109,694","          1.02","220,889","108,514","          2.04","111,260","109,629","          1.01","220,724","108,585","          2.03","111,184","109,540","          1.02","220,511","108,647","          2.03","111,038","109,473","          1.01","220,286","108,670","          2.03","110,918","109,368","          1.01","220,102","108,677","          2.03","110,788","109,314","          1.01","219,751","108,640","          2.02","110,590","109,161","          1.01","219,508","108,512","          2.02","110,470","109,038","          1.01"
"대전광역시 중구 (3014000000)","235,164","107,645","          2.18","116,032","119,132","          0.97","234,654","107,796","          2.18","115,744","118,910","          0.97","233,601","107,299","          2.18","115,273","118,328","          0.97","233,213","107,294","          2.17","114,991","118,222","          0.97","233,067","107,418","          2.17","114,905","118,162","          0.97","232,841","107,537","          2.17","114,783","118,058","          0.97","232,627","107,576","          2.16","114,663","117,964","          0.97","232,309","107,582","          2.16","114,475","117,834","          0.97","232,077","107,704","          2.15","114,361","117,716","          0.97","231,852","107,794","          2.15","114,258","117,594","          0.97","231,306","107,755","          2.15","113,977","117,329","          0.97","230,341","107,609","          2.14","113,507","116,834","          0.97","229,555","107,538","          2.13","113,073","116,482","          0.97","229,283","107,714","          2.13","112,856","116,427","          0.97","229,497","108,026","          2.12","112,944","116,553","          0.97","229,531","108,236","          2.12","112,971","116,560","          0.97","229,089","108,179","          2.12","112,787","116,302","          0.97","229,570","108,467","          2.12","112,994","116,576","          0.97","229,712","108,618","          2.11","113,004","116,708","          0.97","229,092","108,552","          2.11","112,685","116,407","          0.97","228,198","108,110","          2.11","112,165","116,033","          0.97","227,934","108,078","          2.11","112,058","115,876","          0.97","227,500","107,819","          2.11","111,878","115,622","          0.97","227,108","107,692","          2.11","111,703","115,405","          0.97","226,780","107,578","          2.11","111,502","115,278","          0.97"
"대전광역시 서구 (3017000000)","477,326","210,281","          2.27","234,832","242,494","          0.97","476,945","210,829","          2.26","234,558","242,387","          0.97","475,685","210,776","          2.26","233,968","241,717","          0.97","475,622","211,190","          2.25","233,902","241,720","          0.97","475,406","211,476","          2.25","233,764","241,642","          0.97","474,934","211,670","          2.24","233,513","241,421","          0.97","474,653","212,022","          2.24","233,371","241,282","          0.97","474,504","212,402","          2.23","233,278","241,226","          0.97","474,444","212,915","          2.23","233,248","241,196","          0.97","474,046","213,020","          2.23","233,068","240,978","          0.97","473,952","213,343","          2.22","233,010","240,942","          0.97","473,365","213,592","          2.22","232,714","240,651","          0.97","473,019","213,780","          2.21","232,482","240,537","          0.97","472,935","214,326","          2.21","232,428","240,507","          0.97","472,417","214,721","          2.20","232,247","240,170","          0.97","471,907","214,965","          2.20","231,995","239,912","          0.97","471,247","215,087","          2.19","231,667","239,580","          0.97","470,332","215,066","          2.19","231,167","239,165","          0.97","469,987","215,229","          2.18","230,978","239,009","          0.97","471,029","216,074","          2.18","231,500","239,529","          0.97","470,852","216,214","          2.18","231,448","239,404","          0.97","471,112","216,618","          2.17","231,541","239,571","          0.97","471,033","216,592","          2.17","231,423","239,610","          0.97","470,374","216,539","          2.17","230,998","239,376","          0.97","470,105","216,667","          2.17","230,849","239,256","          0.96"
"대전광역시 유성구 (3020000000)","350,875","151,606","          2.31","177,175","173,700","          1.02","350,374","151,939","          2.31","176,852","173,522","          1.02","350,136","152,199","          2.30","176,765","173,371","          1.02","350,017","152,372","          2.30","176,715","173,302","          1.02","350,046","152,717","          2.29","176,750","173,296","          1.02","349,927","152,860","          2.29","176,644","173,283","          1.02","349,836","153,197","          2.28","176,651","173,185","          1.02","349,809","153,591","          2.28","176,672","173,137","          1.02","350,337","154,407","          2.27","176,991","173,346","          1.02","350,284","154,560","          2.27","176,936","173,348","          1.02","351,049","155,165","          2.26","177,352","173,697","          1.02","351,277","155,450","          2.26","177,463","173,814","          1.02","351,622","155,677","          2.26","177,638","173,984","          1.02","351,887","156,347","          2.25","177,825","174,062","          1.02","351,989","156,792","          2.24","177,768","174,221","          1.02","352,557","157,164","          2.24","178,115","174,442","          1.02","352,826","157,541","          2.24","178,219","174,607","          1.02","352,844","157,723","          2.24","178,251","174,593","          1.02","353,151","158,092","          2.23","178,438","174,713","          1.02","353,263","158,563","          2.23","178,602","174,661","          1.02","353,449","158,770","          2.23","178,734","174,715","          1.02","354,066","159,260","          2.22","179,101","174,965","          1.02","354,845","159,670","          2.22","179,518","175,327","          1.02","356,093","160,305","          2.22","180,166","175,927","          1.02","357,147","160,881","          2.22","180,678","176,469","          1.02"
"대전광역시 대덕구 (3023000000)","176,199","78,314","          2.25","89,563","86,636","          1.03","175,988","78,465","          2.24","89,483","86,505","          1.03","175,572","78,411","          2.24","89,343","86,229","          1.04","175,409","78,515","          2.23","89,254","86,155","          1.04","175,289","78,640","          2.23","89,204","86,085","          1.04","175,160","78,753","          2.22","89,155","86,005","          1.04","174,986","78,932","          2.22","89,057","85,929","          1.04","174,851","79,035","          2.21","88,993","85,858","          1.04","174,791","79,159","          2.21","88,904","85,887","          1.04","174,662","79,283","          2.20","88,856","85,806","          1.04","174,330","79,332","          2.20","88,659","85,671","          1.03","175,046","79,934","          2.19","88,989","86,057","          1.03","175,484","80,251","          2.19","89,201","86,283","          1.03","175,457","80,453","          2.18","89,181","86,276","          1.03","175,294","80,562","          2.18","89,141","86,153","          1.03","175,052","80,571","          2.17","88,997","86,055","          1.03","174,851","80,640","          2.17","88,902","85,949","          1.03","174,612","80,620","          2.17","88,756","85,856","          1.03","174,443","80,674","          2.16","88,686","85,757","          1.03","174,132","80,717","          2.16","88,515","85,617","          1.03","173,592","80,471","          2.16","88,219","85,373","          1.03","173,465","80,472","          2.16","88,127","85,338","          1.03","173,269","80,405","          2.15","88,002","85,267","          1.03","172,746","80,253","          2.15","87,788","84,958","          1.03","172,266","80,121","          2.15","87,538","84,728","          1.03"
"울산광역시  (3100000000)","1,135,370","478,531","          2.37","583,402","551,968","          1.06","1,132,953","479,441","          2.36","582,190","550,763","          1.06","1,129,254","478,528","          2.36","580,424","548,830","          1.06","1,128,163","478,865","          2.36","579,853","548,310","          1.06","1,127,175","479,362","          2.35","579,316","547,859","          1.06","1,126,369","479,971","          2.35","578,924","547,445","          1.06","1,125,727","480,623","          2.34","578,511","547,216","          1.06","1,124,459","480,951","          2.34","577,806","546,653","          1.06","1,123,236","481,483","          2.33","577,093","546,143","          1.06","1,122,566","481,811","          2.33","576,723","545,843","          1.06","1,122,495","482,287","          2.33","576,636","545,859","          1.06","1,121,592","482,650","          2.32","576,217","545,375","          1.06","1,121,100","482,917","          2.32","575,939","545,161","          1.06","1,119,446","483,490","          2.32","575,165","544,281","          1.06","1,118,010","484,122","          2.31","574,444","543,566","          1.06","1,117,204","484,641","          2.31","573,984","543,220","          1.06","1,116,482","485,349","          2.30","573,619","542,863","          1.06","1,115,609","485,652","          2.30","573,152","542,457","          1.06","1,114,753","485,759","          2.29","572,615","542,138","          1.06","1,113,458","486,060","          2.29","571,867","541,591","          1.06","1,112,191","485,838","          2.29","571,248","540,943","          1.06","1,111,707","486,070","          2.29","570,960","540,747","          1.06","1,111,371","486,101","          2.29","570,756","540,615","          1.06","1,110,663","486,143","          2.28","570,368","540,295","          1.06","1,110,074","486,281","          2.28","570,113","539,961","          1.06"
"울산광역시 중구 (3111000000)","217,191","93,408","          2.33","109,997","107,194","          1.03","216,523","93,473","          2.32","109,644","106,879","          1.03","215,276","92,963","          2.32","109,045","106,231","          1.03","214,901","92,991","          2.31","108,828","106,073","          1.03","214,775","93,121","          2.31","108,746","106,029","          1.03","214,779","93,379","          2.30","108,776","106,003","          1.03","214,584","93,552","          2.29","108,678","105,906","          1.03","214,280","93,583","          2.29","108,516","105,764","          1.03","213,833","93,590","          2.28","108,235","105,598","          1.02","213,579","93,658","          2.28","108,103","105,476","          1.02","213,441","93,706","          2.28","108,044","105,397","          1.03","212,883","93,633","          2.27","107,736","105,147","          1.02","212,502","93,580","          2.27","107,574","104,928","          1.03","211,948","93,574","          2.27","107,338","104,610","          1.03","211,523","93,628","          2.26","107,106","104,417","          1.03","211,249","93,673","          2.26","106,981","104,268","          1.03","210,786","93,658","          2.25","106,713","104,073","          1.03","210,354","93,624","          2.25","106,499","103,855","          1.03","210,115","93,624","          2.24","106,362","103,753","          1.03","209,642","93,554","          2.24","106,090","103,552","          1.02","209,120","93,324","          2.24","105,786","103,334","          1.02","208,846","93,309","          2.24","105,633","103,213","          1.02","208,508","93,155","          2.24","105,430","103,078","          1.02","208,132","93,055","          2.24","105,257","102,875","          1.02","207,790","92,948","          2.24","105,089","102,701","          1.02"
"울산광역시 남구 (3114000000)","319,780","138,310","          2.31","163,120","156,660","          1.04","319,189","138,625","          2.30","162,809","156,380","          1.04","318,059","138,374","          2.30","162,292","155,767","          1.04","317,672","138,416","          2.30","162,114","155,558","          1.04","317,184","138,485","          2.29","161,841","155,343","          1.04","316,716","138,521","          2.29","161,614","155,102","          1.04","316,241","138,583","          2.28","161,343","154,898","          1.04","315,599","138,513","          2.28","160,976","154,623","          1.04","315,118","138,660","          2.27","160,693","154,425","          1.04","314,706","138,607","          2.27","160,481","154,225","          1.04","314,331","138,559","          2.27","160,282","154,049","          1.04","313,819","138,512","          2.27","160,055","153,764","          1.04","313,427","138,421","          2.26","159,866","153,561","          1.04","312,885","138,537","          2.26","159,629","153,256","          1.04","312,328","138,654","          2.25","159,320","153,008","          1.04","312,148","138,903","          2.25","159,223","152,925","          1.04","312,230","139,223","          2.24","159,332","152,898","          1.04","312,159","139,415","          2.24","159,220","152,939","          1.04","311,849","139,474","          2.24","158,978","152,871","          1.04","311,396","139,534","          2.23","158,726","152,670","          1.04","310,955","139,441","          2.23","158,484","152,471","          1.04","310,784","139,532","          2.23","158,411","152,373","          1.04","310,737","139,527","          2.23","158,441","152,296","          1.04","310,638","139,525","          2.23","158,374","152,264","          1.04","310,633","139,583","          2.23","158,390","152,243","          1.04"
"울산광역시 동구 (3117000000)","156,596","65,971","          2.37","81,834","74,762","          1.09","156,209","66,102","          2.36","81,652","74,557","          1.10","155,753","65,948","          2.36","81,412","74,341","          1.10","155,511","65,934","          2.36","81,246","74,265","          1.09","155,284","65,941","          2.35","81,102","74,182","          1.09","155,129","66,005","          2.35","81,003","74,126","          1.09","154,922","66,011","          2.35","80,868","74,054","          1.09","154,705","66,062","          2.34","80,767","73,938","          1.09","154,566","66,167","          2.34","80,683","73,883","          1.09","154,501","66,210","          2.33","80,618","73,883","          1.09","154,383","66,205","          2.33","80,551","73,832","          1.09","154,096","66,201","          2.33","80,417","73,679","          1.09","153,975","66,250","          2.32","80,358","73,617","          1.09","153,592","66,313","          2.32","80,173","73,419","          1.09","153,330","66,377","          2.31","80,087","73,243","          1.09","153,164","66,393","          2.31","79,975","73,189","          1.09","152,971","66,449","          2.30","79,863","73,108","          1.09","152,691","66,415","          2.30","79,728","72,963","          1.09","152,560","66,404","          2.30","79,643","72,917","          1.09","152,322","66,420","          2.29","79,515","72,807","          1.09","152,008","66,280","          2.29","79,373","72,635","          1.09","151,986","66,297","          2.29","79,365","72,621","          1.09","151,945","66,318","          2.29","79,337","72,608","          1.09","151,711","66,282","          2.29","79,162","72,549","          1.09","151,486","66,293","          2.29","79,012","72,474","          1.09"
"울산광역시 북구 (3120000000)","219,175","84,294","          2.60","113,499","105,676","          1.07","218,774","84,466","          2.59","113,324","105,450","          1.07","218,481","84,535","          2.58","113,172","105,309","          1.07","218,410","84,655","          2.58","113,162","105,248","          1.08","218,303","84,744","          2.58","113,119","105,184","          1.08","218,131","84,776","          2.57","113,009","105,122","          1.08","218,065","84,895","          2.57","112,942","105,123","          1.07","217,920","85,017","          2.56","112,835","105,085","          1.07","217,736","85,073","          2.56","112,757","104,979","          1.07","217,750","85,176","          2.56","112,783","104,967","          1.07","218,258","85,484","          2.55","113,003","105,255","          1.07","218,735","85,815","          2.55","113,265","105,470","          1.07","219,121","86,067","          2.55","113,418","105,703","          1.07","219,067","86,287","          2.54","113,338","105,729","          1.07","219,052","86,522","          2.53","113,319","105,733","          1.07","218,947","86,602","          2.53","113,264","105,683","          1.07","218,738","86,626","          2.53","113,111","105,627","          1.07","218,742","86,706","          2.52","113,131","105,611","          1.07","218,637","86,722","          2.52","113,082","105,555","          1.07","218,489","86,784","          2.52","112,951","105,538","          1.07","218,447","86,856","          2.52","112,939","105,508","          1.07","218,539","86,956","          2.51","112,940","105,599","          1.07","218,635","87,058","          2.51","112,961","105,674","          1.07","218,670","87,153","          2.51","112,993","105,677","          1.07","218,729","87,274","          2.51","113,079","105,650","          1.07"
"울산광역시 울주군 (3171000000)","222,628","96,548","          2.31","114,952","107,676","          1.07","222,258","96,775","          2.30","114,761","107,497","          1.07","221,685","96,708","          2.29","114,503","107,182","          1.07","221,669","96,869","          2.29","114,503","107,166","          1.07","221,629","97,071","          2.28","114,508","107,121","          1.07","221,614","97,290","          2.28","114,522","107,092","          1.07","221,915","97,582","          2.27","114,680","107,235","          1.07","221,955","97,776","          2.27","114,712","107,243","          1.07","221,983","97,993","          2.27","114,725","107,258","          1.07","222,030","98,160","          2.26","114,738","107,292","          1.07","222,082","98,333","          2.26","114,756","107,326","          1.07","222,059","98,489","          2.25","114,744","107,315","          1.07","222,075","98,599","          2.25","114,723","107,352","          1.07","221,954","98,779","          2.25","114,687","107,267","          1.07","221,777","98,941","          2.24","114,612","107,165","          1.07","221,696","99,070","          2.24","114,541","107,155","          1.07","221,757","99,393","          2.23","114,600","107,157","          1.07","221,663","99,492","          2.23","114,574","107,089","          1.07","221,592","99,535","          2.23","114,550","107,042","          1.07","221,609","99,768","          2.22","114,585","107,024","          1.07","221,661","99,937","          2.22","114,666","106,995","          1.07","221,552","99,976","          2.22","114,611","106,941","          1.07","221,546","100,043","          2.21","114,587","106,959","          1.07","221,512","100,128","          2.21","114,582","106,930","          1.07","221,436","100,183","          2.21","114,543","106,893","          1.07"
"세종특별자치시  (3600000000)","357,871","145,403","          2.46","178,656","179,215","          1.00","359,569","146,323","          2.46","179,528","180,041","          1.00","360,462","146,763","          2.46","180,030","180,432","          1.00","361,396","147,292","          2.45","180,462","180,934","          1.00","362,036","147,848","          2.45","180,778","181,258","          1.00","362,995","148,604","          2.44","181,328","181,667","          1.00","364,364","149,580","          2.44","181,996","182,368","          1.00","365,309","150,077","          2.43","182,430","182,879","          1.00","366,560","150,841","          2.43","183,044","183,516","          1.00","368,276","151,639","          2.43","183,879","184,397","          1.00","369,465","152,301","          2.43","184,441","185,024","          1.00","371,895","153,649","          2.42","185,678","186,217","          1.00","374,377","154,890","          2.42","186,907","187,470","          1.00","376,399","155,990","          2.41","187,858","188,541","          1.00","377,296","156,696","          2.41","188,356","188,940","          1.00","378,196","157,270","          2.40","188,778","189,418","          1.00","379,340","157,846","          2.40","189,302","190,038","          1.00","380,215","158,258","          2.40","189,723","190,492","          1.00","380,889","158,495","          2.40","190,038","190,851","          1.00","381,439","158,798","          2.40","190,276","191,163","          1.00","381,925","159,036","          2.40","190,541","191,384","          1.00","382,258","159,129","          2.40","190,683","191,575","          1.00","382,770","159,150","          2.41","190,987","191,783","          1.00","383,591","159,386","          2.41","191,389","192,202","          1.00","384,496","159,556","          2.41","191,769","192,727","          1.00"
"세종특별자치시  (3611000000)","357,871","145,403","          2.46","178,656","179,215","          1.00","359,569","146,323","          2.46","179,528","180,041","          1.00","360,462","146,763","          2.46","180,030","180,432","          1.00","361,396","147,292","          2.45","180,462","180,934","          1.00","362,036","147,848","          2.45","180,778","181,258","          1.00","362,995","148,604","          2.44","181,328","181,667","          1.00","364,364","149,580","          2.44","181,996","182,368","          1.00","365,309","150,077","          2.43","182,430","182,879","          1.00","366,560","150,841","          2.43","183,044","183,516","          1.00","368,276","151,639","          2.43","183,879","184,397","          1.00","369,465","152,301","          2.43","184,441","185,024","          1.00","371,895","153,649","          2.42","185,678","186,217","          1.00","374,377","154,890","          2.42","186,907","187,470","          1.00","376,399","155,990","          2.41","187,858","188,541","          1.00","377,296","156,696","          2.41","188,356","188,940","          1.00","378,196","157,270","          2.40","188,778","189,418","          1.00","379,340","157,846","          2.40","189,302","190,038","          1.00","380,215","158,258","          2.40","189,723","190,492","          1.00","380,889","158,495","          2.40","190,038","190,851","          1.00","381,439","158,798","          2.40","190,276","191,163","          1.00","381,925","159,036","          2.40","190,541","191,384","          1.00","382,258","159,129","          2.40","190,683","191,575","          1.00","382,770","159,150","          2.41","190,987","191,783","          1.00","383,591","159,386","          2.41","191,389","192,202","          1.00","384,496","159,556","          2.41","191,769","192,727","          1.00"
"경기도  (4100000000)","13,449,499","5,694,934","          2.36","6,765,862","6,683,637","          1.01","13,471,758","5,717,252","          2.36","6,777,066","6,694,692","          1.01","13,465,837","5,719,333","          2.35","6,776,866","6,688,971","          1.01","13,479,798","5,735,887","          2.35","6,784,466","6,695,332","          1.01","13,488,910","5,749,175","          2.35","6,789,327","6,699,583","          1.01","13,500,688","5,763,227","          2.34","6,795,088","6,705,600","          1.01","13,512,867","5,776,653","          2.34","6,801,008","6,711,859","          1.01","13,530,519","5,793,437","          2.34","6,810,105","6,720,414","          1.01","13,542,284","5,809,524","          2.33","6,816,449","6,725,835","          1.01","13,549,577","5,820,524","          2.33","6,820,025","6,729,552","          1.01","13,557,973","5,831,464","          2.32","6,823,931","6,734,042","          1.01","13,565,450","5,841,995","          2.32","6,827,298","6,738,152","          1.01","13,571,450","5,850,373","          2.32","6,830,317","6,741,133","          1.01","13,574,369","5,861,240","          2.32","6,831,902","6,742,467","          1.01","13,575,936","5,871,380","          2.31","6,832,830","6,743,106","          1.01","13,577,808","5,880,097","          2.31","6,833,859","6,743,949","          1.01","13,581,496","5,890,145","          2.31","6,835,968","6,745,528","          1.01","13,585,967","5,898,050","          2.30","6,838,396","6,747,571","          1.01","13,589,362","5,904,582","          2.30","6,840,138","6,749,224","          1.01","13,590,056","5,910,963","          2.30","6,840,757","6,749,299","          1.01","13,574,353","5,902,827","          2.30","6,832,856","6,741,497","          1.01","13,579,508","5,908,615","          2.30","6,835,151","6,744,357","          1.01","13,583,238","5,909,700","          2.30","6,836,309","6,746,929","          1.01","13,589,432","5,913,694","          2.30","6,839,276","6,750,156","          1.01","13,596,091","5,918,630","          2.30","6,842,226","6,753,865","          1.01"
"경기도 수원시 (4111000000)","1,185,741","507,734","          2.34","596,918","588,823","          1.01","1,186,273","509,531","          2.33","597,254","589,019","          1.01","1,185,984","510,541","          2.32","597,390","588,594","          1.01","1,185,532","511,431","          2.32","597,136","588,396","          1.01","1,184,922","512,272","          2.31","596,759","588,163","          1.01","1,184,210","512,813","          2.31","596,269","587,941","          1.01","1,183,615","513,394","          2.31","595,883","587,732","          1.01","1,183,419","514,282","          2.30","595,810","587,609","          1.01","1,184,754","516,103","          2.30","596,543","588,211","          1.01","1,185,276","517,044","          2.29","596,863","588,413","          1.01","1,184,683","517,472","          2.29","596,491","588,192","          1.01","1,183,714","517,822","          2.29","595,933","587,781","          1.01","1,184,404","518,742","          2.28","596,225","588,179","          1.01","1,184,996","520,276","          2.28","596,672","588,324","          1.01","1,185,569","521,628","          2.27","597,078","588,491","          1.01","1,185,560","522,499","          2.27","597,105","588,455","          1.01","1,185,041","523,201","          2.26","596,940","588,101","          1.02","1,185,044","523,850","          2.26","596,982","588,062","          1.02","1,185,184","524,395","          2.26","597,003","588,181","          1.01","1,186,961","526,086","          2.26","597,881","589,080","          1.01","1,188,234","526,988","          2.25","598,490","589,744","          1.01","1,189,654","527,950","          2.25","599,198","590,456","          1.01","1,190,368","528,097","          2.25","599,508","590,860","          1.01","1,190,964","528,482","          2.25","599,619","591,345","          1.01","1,191,620","529,082","          2.25","599,937","591,683","          1.01"
"경기도 수원시 장안구 (4111100000)","273,324","115,743","          2.36","137,599","135,725","          1.01","272,823","115,933","          2.35","137,348","135,475","          1.01","271,918","116,196","          2.34","137,079","134,839","          1.02","271,170","116,226","          2.33","136,718","134,452","          1.02","270,807","116,281","          2.33","136,498","134,309","          1.02","270,373","116,223","          2.33","136,189","134,184","          1.01","270,044","116,167","          2.32","135,998","134,046","          1.01","269,906","116,290","          2.32","135,945","133,961","          1.01","272,625","117,635","          2.32","137,328","135,297","          1.02","273,854","118,237","          2.32","137,955","135,899","          1.02","274,107","118,492","          2.31","138,058","136,049","          1.01","273,835","118,432","          2.31","137,861","135,974","          1.01","273,399","118,326","          2.31","137,537","135,862","          1.01","273,339","118,654","          2.30","137,615","135,724","          1.01","273,541","119,118","          2.30","137,791","135,750","          1.02","273,238","119,186","          2.29","137,605","135,633","          1.01","272,963","119,244","          2.29","137,429","135,534","          1.01","273,223","119,386","          2.29","137,576","135,647","          1.01","273,174","119,428","          2.29","137,513","135,661","          1.01","272,638","119,481","          2.28","137,269","135,369","          1.01","271,779","119,261","          2.28","136,804","134,975","          1.01","271,305","119,154","          2.28","136,511","134,794","          1.01","271,012","119,012","          2.28","136,427","134,585","          1.01","270,524","118,811","          2.28","136,095","134,429","          1.01","270,061","118,619","          2.28","135,818","134,243","          1.01"
"경기도 수원시 권선구 (4111300000)","368,686","155,206","          2.38","186,125","182,561","          1.02","368,157","155,468","          2.37","185,850","182,307","          1.02","366,553","155,006","          2.36","185,162","181,391","          1.02","365,778","155,037","          2.36","184,768","181,010","          1.02","365,384","155,220","          2.35","184,566","180,818","          1.02","365,208","155,429","          2.35","184,469","180,739","          1.02","365,157","155,714","          2.35","184,424","180,733","          1.02","365,103","156,084","          2.34","184,433","180,670","          1.02","364,671","156,377","          2.33","184,206","180,465","          1.02","364,416","156,564","          2.33","184,052","180,364","          1.02","364,164","156,697","          2.32","183,962","180,202","          1.02","364,136","157,041","          2.32","183,925","180,211","          1.02","367,044","158,444","          2.32","185,404","181,640","          1.02","368,667","159,387","          2.31","186,205","182,462","          1.02","369,288","159,954","          2.31","186,562","182,726","          1.02","369,525","160,328","          2.30","186,706","182,819","          1.02","369,217","160,482","          2.30","186,627","182,590","          1.02","369,188","160,679","          2.30","186,636","182,552","          1.02","369,016","160,803","          2.29","186,548","182,468","          1.02","368,047","160,721","          2.29","186,032","182,015","          1.02","366,832","160,333","          2.29","185,435","181,397","          1.02","366,453","160,388","          2.28","185,270","181,183","          1.02","367,004","160,763","          2.28","185,522","181,482","          1.02","367,446","161,085","          2.28","185,682","181,764","          1.02","367,601","161,375","          2.28","185,767","181,834","          1.02"
"경기도 수원시 팔달구 (4111500000)","175,098","86,668","          2.02","88,300","86,798","          1.02","177,307","87,864","          2.02","89,461","87,846","          1.02","180,743","89,135","          2.03","91,240","89,503","          1.02","182,377","89,951","          2.03","92,024","90,353","          1.02","182,844","90,330","          2.02","92,228","90,616","          1.02","183,123","90,599","          2.02","92,354","90,769","          1.02","183,198","90,825","          2.02","92,352","90,846","          1.02","183,288","90,983","          2.01","92,377","90,911","          1.02","182,925","91,100","          2.01","92,230","90,695","          1.02","182,600","91,104","          2.00","92,088","90,512","          1.02","182,390","91,179","          2.00","91,937","90,453","          1.02","182,321","91,278","          2.00","91,926","90,395","          1.02","181,990","91,251","          1.99","91,763","90,227","          1.02","181,806","91,372","          1.99","91,643","90,163","          1.02","181,595","91,367","          1.99","91,523","90,072","          1.02","181,395","91,305","          1.99","91,418","89,977","          1.02","181,280","91,352","          1.98","91,330","89,950","          1.02","181,123","91,403","          1.98","91,205","89,918","          1.01","181,416","91,551","          1.98","91,356","90,060","          1.01","185,563","93,168","          1.99","93,446","92,117","          1.01","189,267","94,615","          2.00","95,361","93,906","          1.02","191,423","95,589","          2.00","96,475","94,948","          1.02","192,225","95,800","          2.01","96,826","95,399","          1.01","192,610","95,950","          2.01","96,997","95,613","          1.01","192,965","96,148","          2.01","97,185","95,780","          1.01"
"경기도 수원시 영통구 (4111700000)","368,633","150,117","          2.46","184,894","183,739","          1.01","367,986","150,266","          2.45","184,595","183,391","          1.01","366,770","150,204","          2.44","183,909","182,861","          1.01","366,207","150,217","          2.44","183,626","182,581","          1.01","365,887","150,441","          2.43","183,467","182,420","          1.01","365,506","150,562","          2.43","183,257","182,249","          1.01","365,216","150,688","          2.42","183,109","182,107","          1.01","365,122","150,925","          2.42","183,055","182,067","          1.01","364,533","150,991","          2.41","182,779","181,754","          1.01","364,406","151,139","          2.41","182,768","181,638","          1.01","364,022","151,104","          2.41","182,534","181,488","          1.01","363,422","151,071","          2.41","182,221","181,201","          1.01","361,971","150,721","          2.40","181,521","180,450","          1.01","361,184","150,863","          2.39","181,209","179,975","          1.01","361,145","151,189","          2.39","181,202","179,943","          1.01","361,402","151,680","          2.38","181,376","180,026","          1.01","361,581","152,123","          2.38","181,554","180,027","          1.01","361,510","152,382","          2.37","181,565","179,945","          1.01","361,578","152,613","          2.37","181,586","179,992","          1.01","360,713","152,716","          2.36","181,134","179,579","          1.01","360,356","152,779","          2.36","180,890","179,466","          1.01","360,473","152,819","          2.36","180,942","179,531","          1.01","360,127","152,522","          2.36","180,733","179,394","          1.01","360,384","152,636","          2.36","180,845","179,539","          1.01","360,993","152,940","          2.36","181,167","179,826","          1.01"
"경기도 성남시 (4113000000)","939,774","408,356","          2.30","465,278","474,496","          0.98","938,819","408,716","          2.30","464,828","473,991","          0.98","934,308","406,344","          2.30","462,773","471,535","          0.98","932,867","406,299","          2.30","462,086","470,781","          0.98","931,626","406,341","          2.29","461,504","470,122","          0.98","931,654","406,828","          2.29","461,565","470,089","          0.98","931,756","407,591","          2.29","461,613","470,143","          0.98","931,931","408,178","          2.28","461,612","470,319","          0.98","931,760","408,567","          2.28","461,496","470,264","          0.98","931,319","408,805","          2.28","461,315","470,004","          0.98","931,063","409,031","          2.28","461,205","469,858","          0.98","930,948","409,320","          2.27","461,131","469,817","          0.98","931,072","409,654","          2.27","461,251","469,821","          0.98","930,731","410,029","          2.27","461,160","469,571","          0.98","929,463","409,933","          2.27","460,404","469,059","          0.98","928,267","409,866","          2.26","459,808","468,459","          0.98","927,340","409,840","          2.26","459,333","468,007","          0.98","926,645","409,777","          2.26","458,946","467,699","          0.98","925,981","409,813","          2.26","458,652","467,329","          0.98","924,333","409,464","          2.26","457,808","466,525","          0.98","920,903","407,461","          2.26","456,041","464,862","          0.98","920,667","407,463","          2.26","455,970","464,697","          0.98","920,362","407,103","          2.26","455,768","464,594","          0.98","922,518","408,195","          2.26","456,882","465,636","          0.98","924,087","408,915","          2.26","457,590","466,497","          0.98"
"경기도 성남시 수정구 (4113100000)","241,568","115,826","          2.09","122,167","119,401","          1.02","241,217","115,987","          2.08","122,005","119,212","          1.02","238,984","114,700","          2.08","120,965","118,019","          1.02","238,336","114,538","          2.08","120,625","117,711","          1.02","237,729","114,414","          2.08","120,292","117,437","          1.02","236,873","114,119","          2.08","119,857","117,016","          1.02","236,351","114,082","          2.07","119,613","116,738","          1.02","235,720","114,026","          2.07","119,326","116,394","          1.03","235,530","114,051","          2.07","119,231","116,299","          1.03","235,980","114,366","          2.06","119,485","116,495","          1.03","236,076","114,520","          2.06","119,554","116,522","          1.03","235,988","114,620","          2.06","119,517","116,471","          1.03","235,887","114,689","          2.06","119,515","116,372","          1.03","235,616","114,713","          2.05","119,415","116,201","          1.03","235,377","114,801","          2.05","119,276","116,101","          1.03","235,103","114,820","          2.05","119,150","115,953","          1.03","234,748","114,773","          2.05","118,967","115,781","          1.03","234,728","114,835","          2.04","118,945","115,783","          1.03","234,524","114,872","          2.04","118,873","115,651","          1.03","234,303","114,914","          2.04","118,783","115,520","          1.03","233,447","114,426","          2.04","118,323","115,124","          1.03","232,663","114,264","          2.04","117,974","114,689","          1.03","232,125","114,016","          2.04","117,720","114,405","          1.03","230,460","113,458","          2.03","116,886","113,574","          1.03","229,568","113,175","          2.03","116,473","113,095","          1.03"
"경기도 성남시 중원구 (4113300000)","216,142","101,306","          2.13","109,424","106,718","          1.03","216,128","101,529","          2.13","109,410","106,718","          1.03","215,336","100,879","          2.13","109,074","106,262","          1.03","215,314","101,070","          2.13","109,100","106,214","          1.03","215,212","101,194","          2.13","109,064","106,148","          1.03","214,767","101,199","          2.12","108,857","105,910","          1.03","214,189","101,164","          2.12","108,571","105,618","          1.03","213,784","101,121","          2.11","108,332","105,452","          1.03","213,280","101,062","          2.11","108,053","105,227","          1.03","212,478","100,844","          2.11","107,644","104,834","          1.03","211,658","100,596","          2.10","107,220","104,438","          1.03","210,777","100,328","          2.10","106,772","104,005","          1.03","210,344","100,216","          2.10","106,563","103,781","          1.03","209,991","100,193","          2.10","106,418","103,573","          1.03","209,406","100,005","          2.09","106,086","103,320","          1.03","208,846","99,827","          2.09","105,818","103,028","          1.03","208,356","99,729","          2.09","105,597","102,759","          1.03","207,896","99,597","          2.09","105,334","102,562","          1.03","207,526","99,504","          2.09","105,105","102,421","          1.03","206,386","99,056","          2.08","104,530","101,856","          1.03","204,894","98,104","          2.09","103,769","101,125","          1.03","205,893","98,417","          2.09","104,258","101,635","          1.03","206,211","98,432","          2.09","104,312","101,899","          1.02","210,505","100,139","          2.10","106,470","104,035","          1.02","213,070","101,123","          2.11","107,705","105,365","          1.02"
"경기도 성남시 분당구 (4113500000)","482,064","191,224","          2.52","233,687","248,377","          0.94","481,474","191,200","          2.52","233,413","248,061","          0.94","479,988","190,765","          2.52","232,734","247,254","          0.94","479,217","190,691","          2.51","232,361","246,856","          0.94","478,685","190,733","          2.51","232,148","246,537","          0.94","480,014","191,510","          2.51","232,851","247,163","          0.94","481,216","192,345","          2.50","233,429","247,787","          0.94","482,427","193,031","          2.50","233,954","248,473","          0.94","482,950","193,454","          2.50","234,212","248,738","          0.94","482,861","193,595","          2.49","234,186","248,675","          0.94","483,329","193,915","          2.49","234,431","248,898","          0.94","484,183","194,372","          2.49","234,842","249,341","          0.94","484,841","194,749","          2.49","235,173","249,668","          0.94","485,124","195,123","          2.49","235,327","249,797","          0.94","484,680","195,127","          2.48","235,042","249,638","          0.94","484,318","195,219","          2.48","234,840","249,478","          0.94","484,236","195,338","          2.48","234,769","249,467","          0.94","484,021","195,345","          2.48","234,667","249,354","          0.94","483,931","195,437","          2.48","234,674","249,257","          0.94","483,644","195,494","          2.47","234,495","249,149","          0.94","482,562","194,931","          2.48","233,949","248,613","          0.94","482,111","194,782","          2.48","233,738","248,373","          0.94","482,026","194,655","          2.48","233,736","248,290","          0.94","481,553","194,598","          2.47","233,526","248,027","          0.94","481,449","194,617","          2.47","233,412","248,037","          0.94"
"경기도 의정부시 (4115000000)","462,499","202,563","          2.28","227,731","234,768","          0.97","462,619","203,285","          2.28","227,725","234,894","          0.97","461,143","202,412","          2.28","227,191","233,952","          0.97","461,077","202,705","          2.27","227,112","233,965","          0.97","460,923","202,772","          2.27","227,073","233,850","          0.97","461,523","203,309","          2.27","227,380","234,143","          0.97","462,588","204,205","          2.27","227,975","234,613","          0.97","463,373","204,805","          2.26","228,349","235,024","          0.97","463,562","205,101","          2.26","228,451","235,111","          0.97","463,665","205,298","          2.26","228,574","235,091","          0.97","463,706","205,523","          2.26","228,555","235,151","          0.97","463,661","205,792","          2.25","228,538","235,123","          0.97","463,877","206,149","          2.25","228,582","235,295","          0.97","463,977","206,658","          2.25","228,565","235,412","          0.97","464,262","207,169","          2.24","228,528","235,734","          0.97","464,358","207,416","          2.24","228,485","235,873","          0.97","464,397","207,857","          2.23","228,500","235,897","          0.97","464,171","207,994","          2.23","228,370","235,801","          0.97","463,934","208,114","          2.23","228,267","235,667","          0.97","464,310","208,680","          2.22","228,406","235,904","          0.97","463,160","207,988","          2.23","227,867","235,293","          0.97","463,324","208,170","          2.23","227,935","235,389","          0.97","463,789","208,306","          2.23","228,148","235,641","          0.97","463,724","208,352","          2.23","228,107","235,617","          0.97","463,353","208,216","          2.23","227,872","235,481","          0.97"
"경기도 안양시 (4117000000)","549,730","220,822","          2.49","271,760","277,970","          0.98","550,939","222,102","          2.48","272,392","278,547","          0.98","551,136","222,632","          2.48","272,569","278,567","          0.98","551,189","223,271","          2.47","272,626","278,563","          0.98","550,750","223,498","          2.46","272,348","278,402","          0.98","549,903","223,412","          2.46","271,857","278,046","          0.98","548,960","223,345","          2.46","271,356","277,604","          0.98","548,491","223,543","          2.45","271,131","277,360","          0.98","548,074","223,835","          2.45","270,954","277,120","          0.98","547,258","223,842","          2.44","270,572","276,686","          0.98","546,753","224,013","          2.44","270,290","276,463","          0.98","547,178","224,620","          2.44","270,496","276,682","          0.98","548,654","225,670","          2.43","271,291","277,363","          0.98","549,827","226,737","          2.42","271,807","278,020","          0.98","549,826","227,077","          2.42","271,787","278,039","          0.98","549,724","227,293","          2.42","271,732","277,992","          0.98","549,917","227,666","          2.42","271,772","278,145","          0.98","549,659","227,787","          2.41","271,606","278,053","          0.98","549,457","227,898","          2.41","271,483","277,974","          0.98","548,938","227,886","          2.41","271,203","277,735","          0.98","547,968","227,266","          2.41","270,778","277,190","          0.98","548,372","227,638","          2.41","270,992","277,380","          0.98","548,398","227,564","          2.41","270,992","277,406","          0.98","548,228","227,475","          2.41","270,878","277,350","          0.98","547,917","227,464","          2.41","270,730","277,187","          0.98"
"경기도 안양시 만안구 (4117100000)","239,070","101,338","          2.36","119,689","119,381","          1.00","238,131","101,278","          2.35","119,191","118,940","          1.00","237,879","101,229","          2.35","119,096","118,783","          1.00","238,231","101,702","          2.34","119,297","118,934","          1.00","238,331","101,929","          2.34","119,314","119,017","          1.00","238,391","102,062","          2.34","119,318","119,073","          1.00","238,639","102,244","          2.33","119,435","119,204","          1.00","239,071","102,584","          2.33","119,678","119,393","          1.00","239,356","102,917","          2.33","119,850","119,506","          1.00","239,203","103,031","          2.32","119,745","119,458","          1.00","238,809","103,064","          2.32","119,538","119,271","          1.00","238,311","103,012","          2.31","119,239","119,072","          1.00","237,288","102,786","          2.31","118,729","118,559","          1.00","236,611","102,808","          2.30","118,334","118,277","          1.00","236,237","102,791","          2.30","118,137","118,100","          1.00","235,843","102,770","          2.29","117,920","117,923","          1.00","235,229","102,661","          2.29","117,563","117,666","          1.00","234,712","102,524","          2.29","117,321","117,391","          1.00","234,363","102,461","          2.29","117,123","117,240","          1.00","234,083","102,424","          2.29","116,942","117,141","          1.00","233,963","102,239","          2.29","116,869","117,094","          1.00","234,331","102,524","          2.29","117,050","117,281","          1.00","234,296","102,507","          2.29","117,037","117,259","          1.00","234,394","102,550","          2.29","117,092","117,302","          1.00","234,258","102,575","          2.28","117,034","117,224","          1.00"
"경기도 안양시 동안구 (4117300000)","310,660","119,484","          2.60","152,071","158,589","          0.96","312,808","120,824","          2.59","153,201","159,607","          0.96","313,257","121,403","          2.58","153,473","159,784","          0.96","312,958","121,569","          2.57","153,329","159,629","          0.96","312,419","121,569","          2.57","153,034","159,385","          0.96","311,512","121,350","          2.57","152,539","158,973","          0.96","310,321","121,101","          2.56","151,921","158,400","          0.96","309,420","120,959","          2.56","151,453","157,967","          0.96","308,718","120,918","          2.55","151,104","157,614","          0.96","308,055","120,811","          2.55","150,827","157,228","          0.96","307,944","120,949","          2.55","150,752","157,192","          0.96","308,867","121,608","          2.54","151,257","157,610","          0.96","311,366","122,884","          2.53","152,562","158,804","          0.96","313,216","123,929","          2.53","153,473","159,743","          0.96","313,589","124,286","          2.52","153,650","159,939","          0.96","313,881","124,523","          2.52","153,812","160,069","          0.96","314,688","125,005","          2.52","154,209","160,479","          0.96","314,947","125,263","          2.51","154,285","160,662","          0.96","315,094","125,437","          2.51","154,360","160,734","          0.96","314,855","125,462","          2.51","154,261","160,594","          0.96","314,005","125,027","          2.51","153,909","160,096","          0.96","314,041","125,114","          2.51","153,942","160,099","          0.96","314,102","125,057","          2.51","153,955","160,147","          0.96","313,834","124,925","          2.51","153,786","160,048","          0.96","313,659","124,889","          2.51","153,696","159,963","          0.96"
"경기도 부천시 (4119000000)","817,449","344,798","          2.37","405,464","411,985","          0.98","816,087","345,167","          2.36","404,763","411,324","          0.98","813,178","344,153","          2.36","403,374","409,804","          0.98","812,158","344,408","          2.36","402,851","409,307","          0.98","811,225","344,759","          2.35","402,337","408,888","          0.98","810,742","345,213","          2.35","402,000","408,742","          0.98","810,069","345,631","          2.34","401,645","408,424","          0.98","809,559","345,961","          2.34","401,353","408,206","          0.98","809,083","346,511","          2.33","401,051","408,032","          0.98","808,047","346,681","          2.33","400,375","407,672","          0.98","807,090","346,855","          2.33","399,933","407,157","          0.98","806,067","347,024","          2.32","399,484","406,583","          0.98","804,990","346,968","          2.32","398,884","406,106","          0.98","803,585","346,917","          2.32","398,181","405,404","          0.98","802,473","346,926","          2.31","397,553","404,920","          0.98","801,503","347,001","          2.31","397,002","404,501","          0.98","800,174","346,910","          2.31","396,345","403,829","          0.98","798,999","346,741","          2.30","395,747","403,252","          0.98","797,855","346,643","          2.30","395,197","402,658","          0.98","796,575","346,565","          2.30","394,605","401,970","          0.98","793,519","345,010","          2.30","393,010","400,509","          0.98","792,561","344,822","          2.30","392,472","400,089","          0.98","791,263","344,305","          2.30","391,769","399,494","          0.98","790,128","344,135","          2.30","391,102","399,026","          0.98","788,935","344,004","          2.29","390,456","398,479","          0.98"
"경기도 광명시 (4121000000)","297,748","120,341","          2.47","146,858","150,890","          0.97","296,785","120,165","          2.47","146,369","150,416","          0.97","295,750","119,788","          2.47","145,897","149,853","          0.97","295,690","120,010","          2.46","145,859","149,831","          0.97","295,742","120,127","          2.46","145,900","149,842","          0.97","295,852","120,396","          2.46","145,948","149,904","          0.97","295,560","120,450","          2.45","145,781","149,779","          0.97","295,335","120,483","          2.45","145,603","149,732","          0.97","294,895","120,366","          2.45","145,398","149,497","          0.97","294,458","120,290","          2.45","145,171","149,287","          0.97","293,763","120,101","          2.45","144,827","148,936","          0.97","292,893","119,817","          2.44","144,384","148,509","          0.97","292,214","119,598","          2.44","144,045","148,169","          0.97","291,331","119,368","          2.44","143,619","147,712","          0.97","290,698","119,232","          2.44","143,260","147,438","          0.97","290,756","119,439","          2.43","143,275","147,481","          0.97","290,726","119,621","          2.43","143,210","147,516","          0.97","290,501","119,596","          2.43","143,076","147,425","          0.97","290,351","119,599","          2.43","142,982","147,369","          0.97","289,887","119,497","          2.43","142,737","147,150","          0.97","288,933","118,945","          2.43","142,236","146,697","          0.97","288,366","118,763","          2.43","141,961","146,405","          0.97","288,182","118,664","          2.43","141,784","146,398","          0.97","287,945","118,493","          2.43","141,632","146,313","          0.97","287,603","118,233","          2.43","141,441","146,162","          0.97"
"경기도 평택시 (4122000000)","540,929","246,050","          2.20","279,690","261,239","          1.07","544,085","248,139","          2.19","281,521","262,564","          1.07","544,368","248,002","          2.20","282,242","262,126","          1.08","546,154","249,263","          2.19","283,450","262,704","          1.08","548,131","250,859","          2.19","284,559","263,572","          1.08","549,901","252,303","          2.18","285,580","264,321","          1.08","551,603","253,665","          2.17","286,588","265,015","          1.08","554,511","255,662","          2.17","288,302","266,209","          1.08","557,450","257,722","          2.16","290,020","267,430","          1.08","559,363","258,965","          2.16","291,122","268,241","          1.09","561,770","260,515","          2.16","292,554","269,216","          1.09","564,288","262,097","          2.15","293,954","270,334","          1.09","565,827","262,999","          2.15","294,957","270,870","          1.09","567,411","263,971","          2.15","295,924","271,487","          1.09","568,405","264,816","          2.15","296,567","271,838","          1.09","569,369","265,784","          2.14","297,227","272,142","          1.09","570,868","266,929","          2.14","298,058","272,810","          1.09","572,548","267,899","          2.14","299,111","273,437","          1.09","573,987","268,706","          2.14","299,953","274,034","          1.09","575,007","269,431","          2.13","300,748","274,259","          1.10","575,032","269,403","          2.13","301,038","273,994","          1.10","576,192","270,227","          2.13","301,796","274,396","          1.10","577,335","270,780","          2.13","302,598","274,737","          1.10","578,529","271,362","          2.13","303,283","275,246","          1.10","580,011","272,182","          2.13","304,160","275,851","          1.10"
"경기도 송탄출장소 (4122200000)","0","0","          0.00","0","0","          0.00","0","0","          0.00","0","0","          0.00","0","0","          0.00","0","0","          0.00","0","0","          0.00","0","0","          0.00","0","0","          0.00","0","0","          0.00","0","0","          0.00","0","0","          0.00","0","0","          0.00","0","0","          0.00","0","0","          0.00","0","0","          0.00","0","0","          0.00","0","0","          0.00","0","0","          0.00","0","0","          0.00","0","0","          0.00","0","0","          0.00","0","0","          0.00","0","0","          0.00","0","0","          0.00","0","0","          0.00","0","0","          0.00","0","0","          0.00","0","0","          0.00","0","0","          0.00","0","0","          0.00","0","0","          0.00","0","0","          0.00","0","0","          0.00","0","0","          0.00","0","0","          0.00","0","0","          0.00","0","0","          0.00","0","0","          0.00","0","0","          0.00","0","0","          0.00","0","0","          0.00","0","0","          0.00","0","0","          0.00","0","0","          0.00","0","0","          0.00","0","0","          0.00","0","0","          0.00","0","0","          0.00","0","0","          0.00"
"경기도 안중출장소 (4122400000)","0","0","          0.00","0","0","          0.00","0","0","          0.00","0","0","          0.00","0","0","          0.00","0","0","          0.00","0","0","          0.00","0","0","          0.00","0","0","          0.00","0","0","          0.00","0","0","          0.00","0","0","          0.00","0","0","          0.00","0","0","          0.00","0","0","          0.00","0","0","          0.00","0","0","          0.00","0","0","          0.00","0","0","          0.00","0","0","          0.00","0","0","          0.00","0","0","          0.00","0","0","          0.00","0","0","          0.00","0","0","          0.00","0","0","          0.00","0","0","          0.00","0","0","          0.00","0","0","          0.00","0","0","          0.00","0","0","          0.00","0","0","          0.00","0","0","          0.00","0","0","          0.00","0","0","          0.00","0","0","          0.00","0","0","          0.00","0","0","          0.00","0","0","          0.00","0","0","          0.00","0","0","          0.00","0","0","          0.00","0","0","          0.00","0","0","          0.00","0","0","          0.00","0","0","          0.00","0","0","          0.00","0","0","          0.00","0","0","          0.00","0","0","          0.00"
"경기도 동두천시 (4125000000)","94,443","44,026","          2.15","47,077","47,366","          0.99","94,318","44,073","          2.14","47,005","47,313","          0.99","93,351","43,381","          2.15","46,621","46,730","          1.00","93,289","43,471","          2.15","46,610","46,679","          1.00","93,292","43,554","          2.14","46,606","46,686","          1.00","93,354","43,688","          2.14","46,626","46,728","          1.00","93,447","43,797","          2.13","46,675","46,772","          1.00","93,414","43,867","          2.13","46,627","46,787","          1.00","93,479","44,036","          2.12","46,661","46,818","          1.00","93,508","44,159","          2.12","46,659","46,849","          1.00","93,528","44,225","          2.11","46,672","46,856","          1.00","93,592","44,369","          2.11","46,694","46,898","          1.00","93,527","44,388","          2.11","46,663","46,864","          1.00","93,395","44,393","          2.10","46,607","46,788","          1.00","93,346","44,422","          2.10","46,590","46,756","          1.00","93,260","44,436","          2.10","46,540","46,720","          1.00","93,189","44,481","          2.10","46,501","46,688","          1.00","92,999","44,478","          2.09","46,398","46,601","          1.00","92,840","44,487","          2.09","46,318","46,522","          1.00","92,744","44,520","          2.08","46,252","46,492","          0.99","92,084","44,100","          2.09","45,934","46,150","          1.00","91,980","44,079","          2.09","45,875","46,105","          1.00","91,735","44,005","          2.08","45,737","45,998","          0.99","91,546","43,973","          2.08","45,673","45,873","          1.00","91,255","43,897","          2.08","45,521","45,734","          1.00"
"경기도 안산시 (4127000000)","655,733","286,979","          2.28","336,265","319,468","          1.05","655,700","287,806","          2.28","336,325","319,375","          1.05","655,859","288,862","          2.27","336,542","319,317","          1.05","655,816","289,604","          2.26","336,479","319,337","          1.05","655,555","290,026","          2.26","336,303","319,252","          1.05","655,115","290,203","          2.26","336,051","319,064","          1.05","654,678","290,330","          2.25","335,750","318,928","          1.05","654,477","290,808","          2.25","335,701","318,776","          1.05","654,270","291,488","          2.24","335,574","318,696","          1.05","654,117","292,077","          2.24","335,508","318,609","          1.05","653,687","292,214","          2.24","335,229","318,458","          1.05","652,726","292,113","          2.23","334,646","318,080","          1.05","652,036","292,081","          2.23","334,331","317,705","          1.05","651,419","292,358","          2.23","334,081","317,338","          1.05","651,153","293,106","          2.22","333,951","317,202","          1.05","650,708","293,504","          2.22","333,727","316,981","          1.05","649,776","293,652","          2.21","333,233","316,543","          1.05","648,849","293,483","          2.21","332,725","316,124","          1.05","648,164","293,335","          2.21","332,307","315,857","          1.05","647,266","293,259","          2.21","331,906","315,360","          1.05","645,952","292,742","          2.21","331,241","314,711","          1.05","644,583","292,361","          2.20","330,483","314,100","          1.05","643,044","291,640","          2.20","329,635","313,409","          1.05","641,660","291,091","          2.20","328,940","312,720","          1.05","640,679","290,723","          2.20","328,388","312,291","          1.05"
"경기도 안산시 상록구 (4127100000)","352,897","153,730","          2.30","180,008","172,889","          1.04","352,962","154,148","          2.29","180,089","172,873","          1.04","353,508","155,214","          2.28","180,441","173,067","          1.04","353,702","155,805","          2.27","180,526","173,176","          1.04","353,575","156,060","          2.27","180,419","173,156","          1.04","353,174","156,040","          2.26","180,215","172,959","          1.04","352,898","156,089","          2.26","180,042","172,856","          1.04","352,166","156,014","          2.26","179,726","172,440","          1.04","351,800","156,244","          2.25","179,537","172,263","          1.04","351,747","156,667","          2.25","179,580","172,167","          1.04","351,387","156,727","          2.24","179,326","172,061","          1.04","350,668","156,527","          2.24","178,943","171,725","          1.04","349,973","156,332","          2.24","178,608","171,365","          1.04","349,515","156,391","          2.23","178,419","171,096","          1.04","349,670","157,047","          2.23","178,510","171,160","          1.04","349,566","157,375","          2.22","178,494","171,072","          1.04","349,083","157,463","          2.22","178,218","170,865","          1.04","348,620","157,342","          2.22","177,961","170,659","          1.04","348,345","157,258","          2.22","177,761","170,584","          1.04","347,832","157,198","          2.21","177,534","170,298","          1.04","347,348","157,059","          2.21","177,269","170,079","          1.04","346,589","156,893","          2.21","176,832","169,757","          1.04","345,535","156,451","          2.21","176,279","169,256","          1.04","344,664","156,033","          2.21","175,811","168,853","          1.04","343,984","155,735","          2.21","175,405","168,579","          1.04"
"경기도 안산시 단원구 (4127300000)","302,836","133,249","          2.27","156,257","146,579","          1.07","302,738","133,658","          2.27","156,236","146,502","          1.07","302,351","133,648","          2.26","156,101","146,250","          1.07","302,114","133,799","          2.26","155,953","146,161","          1.07","301,980","133,966","          2.25","155,884","146,096","          1.07","301,941","134,163","          2.25","155,836","146,105","          1.07","301,780","134,241","          2.25","155,708","146,072","          1.07","302,311","134,794","          2.24","155,975","146,336","          1.07","302,470","135,244","          2.24","156,037","146,433","          1.07","302,370","135,410","          2.23","155,928","146,442","          1.06","302,300","135,487","          2.23","155,903","146,397","          1.06","302,058","135,586","          2.23","155,703","146,355","          1.06","302,063","135,749","          2.23","155,723","146,340","          1.06","301,904","135,967","          2.22","155,662","146,242","          1.06","301,483","136,059","          2.22","155,441","146,042","          1.06","301,142","136,129","          2.21","155,233","145,909","          1.06","300,693","136,189","          2.21","155,015","145,678","          1.06","300,229","136,141","          2.21","154,764","145,465","          1.06","299,819","136,077","          2.20","154,546","145,273","          1.06","299,434","136,061","          2.20","154,372","145,062","          1.06","298,604","135,683","          2.20","153,972","144,632","          1.06","297,994","135,468","          2.20","153,651","144,343","          1.06","297,509","135,189","          2.20","153,356","144,153","          1.06","296,996","135,058","          2.20","153,129","143,867","          1.06","296,695","134,988","          2.20","152,983","143,712","          1.06"
"경기도 고양시 (4128000000)","1,081,175","450,030","          2.40","529,378","551,797","          0.96","1,082,420","451,353","          2.40","529,886","552,534","          0.96","1,080,845","451,169","          2.40","529,227","551,618","          0.96","1,080,736","451,754","          2.39","529,062","551,674","          0.96","1,080,656","452,512","          2.39","529,030","551,626","          0.96","1,080,507","453,155","          2.38","528,924","551,583","          0.96","1,081,045","454,081","          2.38","529,135","551,910","          0.96","1,080,896","454,793","          2.38","528,972","551,924","          0.96","1,080,787","455,501","          2.37","528,911","551,876","          0.96","1,080,240","455,845","          2.37","528,683","551,557","          0.96","1,079,722","456,376","          2.37","528,390","551,332","          0.96","1,079,353","456,852","          2.36","528,094","551,259","          0.96","1,078,924","457,337","          2.36","527,754","551,170","          0.96","1,078,772","458,251","          2.35","527,475","551,297","          0.96","1,079,065","459,192","          2.35","527,547","551,518","          0.96","1,079,277","460,024","          2.35","527,548","551,729","          0.96","1,078,975","460,568","          2.34","527,265","551,710","          0.96","1,078,559","460,858","          2.34","526,937","551,622","          0.96","1,078,189","461,142","          2.34","526,724","551,465","          0.96","1,077,198","461,198","          2.34","526,156","551,042","          0.95","1,074,705","460,173","          2.34","524,853","549,852","          0.95","1,074,784","460,564","          2.33","524,837","549,947","          0.95","1,075,202","460,806","          2.33","524,999","550,203","          0.95","1,076,535","461,459","          2.33","525,741","550,794","          0.95","1,077,599","462,030","          2.33","526,192","551,407","          0.95"
"경기도 고양시 덕양구 (4128100000)","478,147","204,708","          2.34","236,307","241,840","          0.98","479,395","205,560","          2.33","236,862","242,533","          0.98","479,323","205,519","          2.33","236,865","242,458","          0.98","479,828","206,057","          2.33","237,074","242,754","          0.98","480,156","206,472","          2.33","237,211","242,945","          0.98","480,386","206,920","          2.32","237,312","243,074","          0.98","481,053","207,669","          2.32","237,593","243,460","          0.98","481,641","208,365","          2.31","237,826","243,815","          0.98","481,890","208,899","          2.31","237,936","243,954","          0.98","481,840","209,167","          2.30","237,946","243,894","          0.98","482,459","209,904","          2.30","238,233","244,226","          0.98","482,927","210,486","          2.29","238,375","244,552","          0.97","483,251","211,031","          2.29","238,480","244,771","          0.97","483,743","211,826","          2.28","238,575","245,168","          0.97","484,122","212,430","          2.28","238,688","245,434","          0.97","484,656","213,177","          2.27","238,877","245,779","          0.97","484,928","213,686","          2.27","238,947","245,981","          0.97","485,137","214,038","          2.27","238,956","246,181","          0.97","485,368","214,340","          2.26","239,053","246,315","          0.97","485,763","214,771","          2.26","239,265","246,498","          0.97","485,231","214,458","          2.26","238,940","246,291","          0.97","486,427","215,094","          2.26","239,515","246,912","          0.97","487,874","215,769","          2.26","240,152","247,722","          0.97","490,088","216,683","          2.26","241,283","248,805","          0.97","492,402","217,534","          2.26","242,359","250,043","          0.97"
"경기도 고양시 일산동구 (4128500000)","300,665","127,128","          2.37","146,316","154,349","          0.95","300,850","127,488","          2.36","146,365","154,485","          0.95","300,350","127,442","          2.36","146,157","154,193","          0.95","300,407","127,671","          2.35","146,147","154,260","          0.95","300,437","127,981","          2.35","146,195","154,242","          0.95","300,326","128,134","          2.34","146,160","154,166","          0.95","300,232","128,236","          2.34","146,087","154,145","          0.95","299,985","128,291","          2.34","145,977","154,008","          0.95","299,928","128,441","          2.34","145,945","153,983","          0.95","299,757","128,544","          2.33","145,811","153,946","          0.95","299,297","128,474","          2.33","145,579","153,718","          0.95","298,873","128,436","          2.33","145,362","153,511","          0.95","298,593","128,465","          2.32","145,188","153,405","          0.95","298,563","128,615","          2.32","145,182","153,381","          0.95","299,256","129,078","          2.32","145,540","153,716","          0.95","299,399","129,264","          2.32","145,613","153,786","          0.95","299,123","129,294","          2.31","145,432","153,691","          0.95","299,065","129,340","          2.31","145,350","153,715","          0.95","298,974","129,448","          2.31","145,264","153,710","          0.95","298,492","129,287","          2.31","144,991","153,501","          0.94","297,614","129,003","          2.31","144,563","153,051","          0.94","297,055","128,903","          2.30","144,256","152,799","          0.94","296,590","128,710","          2.30","144,032","152,558","          0.94","296,122","128,567","          2.30","143,793","152,329","          0.94","295,345","128,399","          2.30","143,425","151,920","          0.94"
"경기도 고양시 일산서구 (4128700000)","302,363","118,194","          2.56","146,755","155,608","          0.94","302,175","118,305","          2.55","146,659","155,516","          0.94","301,172","118,208","          2.55","146,205","154,967","          0.94","300,501","118,026","          2.55","145,841","154,660","          0.94","300,063","118,059","          2.54","145,624","154,439","          0.94","299,795","118,101","          2.54","145,452","154,343","          0.94","299,760","118,176","          2.54","145,455","154,305","          0.94","299,270","118,137","          2.53","145,169","154,101","          0.94","298,969","118,161","          2.53","145,030","153,939","          0.94","298,643","118,134","          2.53","144,926","153,717","          0.94","297,966","117,998","          2.53","144,578","153,388","          0.94","297,553","117,930","          2.52","144,357","153,196","          0.94","297,080","117,841","          2.52","144,086","152,994","          0.94","296,466","117,810","          2.52","143,718","152,748","          0.94","295,687","117,684","          2.51","143,319","152,368","          0.94","295,222","117,583","          2.51","143,058","152,164","          0.94","294,924","117,588","          2.51","142,886","152,038","          0.94","294,357","117,480","          2.51","142,631","151,726","          0.94","293,847","117,354","          2.50","142,407","151,440","          0.94","292,943","117,140","          2.50","141,900","151,043","          0.94","291,860","116,712","          2.50","141,350","150,510","          0.94","291,302","116,567","          2.50","141,066","150,236","          0.94","290,738","116,327","          2.50","140,815","149,923","          0.94","290,325","116,209","          2.50","140,665","149,660","          0.94","289,852","116,097","          2.50","140,408","149,444","          0.94"
"경기도 과천시 (4129000000)","64,549","23,814","          2.71","31,675","32,874","          0.96","67,279","24,795","          2.71","33,019","34,260","          0.96","68,399","25,239","          2.71","33,581","34,818","          0.96","68,955","25,477","          2.71","33,846","35,109","          0.96","69,027","25,441","          2.71","33,887","35,140","          0.96","69,276","25,543","          2.71","34,036","35,240","          0.97","69,509","25,648","          2.71","34,151","35,358","          0.97","69,640","25,706","          2.71","34,223","35,417","          0.97","69,732","25,783","          2.70","34,275","35,457","          0.97","69,910","25,936","          2.70","34,357","35,553","          0.97","71,234","26,523","          2.69","35,058","36,176","          0.97","73,345","27,262","          2.69","36,092","37,253","          0.97","76,139","28,204","          2.70","37,479","38,660","          0.97","77,632","28,707","          2.70","38,213","39,419","          0.97","78,128","28,920","          2.70","38,430","39,698","          0.97","78,301","29,054","          2.70","38,528","39,773","          0.97","78,414","29,103","          2.69","38,548","39,866","          0.97","78,532","29,128","          2.70","38,605","39,927","          0.97","78,645","29,194","          2.69","38,655","39,990","          0.97","78,657","29,198","          2.69","38,666","39,991","          0.97","78,231","28,959","          2.70","38,467","39,764","          0.97","77,818","28,772","          2.70","38,251","39,567","          0.97","77,775","28,691","          2.71","38,224","39,551","          0.97","78,137","28,726","          2.72","38,416","39,721","          0.97","78,341","28,748","          2.73","38,507","39,834","          0.97"
"경기도 구리시 (4131000000)","197,217","81,566","          2.42","97,836","99,381","          0.98","196,685","81,571","          2.41","97,601","99,084","          0.99","195,804","81,187","          2.41","97,184","98,620","          0.99","195,324","81,080","          2.41","96,900","98,424","          0.98","194,838","80,953","          2.41","96,640","98,198","          0.98","194,389","80,906","          2.40","96,457","97,932","          0.98","193,954","80,719","          2.40","96,227","97,727","          0.98","193,662","80,790","          2.40","96,074","97,588","          0.98","193,410","80,862","          2.39","95,966","97,444","          0.98","193,014","80,816","          2.39","95,747","97,267","          0.98","192,461","80,726","          2.38","95,429","97,032","          0.98","191,948","80,616","          2.38","95,172","96,776","          0.98","191,660","80,617","          2.38","95,043","96,617","          0.98","191,322","80,709","          2.37","94,831","96,491","          0.98","191,213","80,867","          2.36","94,779","96,434","          0.98","191,011","80,876","          2.36","94,668","96,343","          0.98","190,647","80,870","          2.36","94,493","96,154","          0.98","190,379","80,862","          2.35","94,318","96,061","          0.98","190,323","80,970","          2.35","94,287","96,036","          0.98","189,960","80,901","          2.35","94,045","95,915","          0.98","189,231","80,552","          2.35","93,716","95,515","          0.98","189,008","80,504","          2.35","93,626","95,382","          0.98","188,876","80,457","          2.35","93,537","95,339","          0.98","188,701","80,424","          2.35","93,442","95,259","          0.98","188,550","80,415","          2.34","93,354","95,196","          0.98"
"경기도 남양주시 (4136000000)","714,822","286,269","          2.50","355,980","358,842","          0.99","718,434","288,163","          2.49","357,710","360,724","          0.99","720,282","289,215","          2.49","358,682","361,600","          0.99","721,767","290,344","          2.49","359,354","362,413","          0.99","723,215","291,395","          2.48","360,076","363,139","          0.99","724,183","292,185","          2.48","360,473","363,710","          0.99","725,031","292,909","          2.48","360,803","364,228","          0.99","727,221","294,255","          2.47","361,913","365,308","          0.99","728,664","295,597","          2.47","362,614","366,050","          0.99","729,918","296,706","          2.46","363,233","366,685","          0.99","731,497","297,835","          2.46","363,970","367,527","          0.99","733,798","299,156","          2.45","365,103","368,695","          0.99","734,013","299,547","          2.45","365,168","368,845","          0.99","733,995","299,932","          2.45","365,147","368,848","          0.99","734,033","300,295","          2.44","365,062","368,971","          0.99","734,642","301,189","          2.44","365,264","369,378","          0.99","735,547","302,282","          2.43","365,710","369,837","          0.99","736,212","302,840","          2.43","366,068","370,144","          0.99","736,864","303,408","          2.43","366,308","370,556","          0.99","737,059","303,803","          2.43","366,331","370,728","          0.99","737,059","303,826","          2.43","366,306","370,753","          0.99","737,352","304,120","          2.42","366,348","371,004","          0.99","737,366","304,188","          2.42","366,323","371,043","          0.99","737,353","304,288","          2.42","366,261","371,092","          0.99","737,171","304,357","          2.42","366,107","371,064","          0.99"
"경기도 풍양출장소 (4136200000)","0","0","          0.00","0","0","          0.00","0","0","          0.00","0","0","          0.00","0","0","          0.00","0","0","          0.00","0","0","          0.00","0","0","          0.00","0","0","          0.00","0","0","          0.00","0","0","          0.00","0","0","          0.00","0","0","          0.00","0","0","          0.00","0","0","          0.00","0","0","          0.00","0","0","          0.00","0","0","          0.00","0","0","          0.00","0","0","          0.00","0","0","          0.00","0","0","          0.00","0","0","          0.00","0","0","          0.00","0","0","          0.00","0","0","          0.00","0","0","          0.00","0","0","          0.00","0","0","          0.00","0","0","          0.00","0","0","          0.00","0","0","          0.00","0","0","          0.00","0","0","          0.00","0","0","          0.00","0","0","          0.00","0","0","          0.00","0","0","          0.00","0","0","          0.00","0","0","          0.00","0","0","          0.00","0","0","          0.00","0","0","          0.00","0","0","          0.00","0","0","          0.00","0","0","          0.00","0","0","          0.00","0","0","          0.00","0","0","          0.00","0","0","          0.00"
"경기도 오산시 (4137000000)","230,042","99,839","          2.30","118,964","111,078","          1.07","230,522","100,334","          2.30","119,237","111,285","          1.07","230,604","100,675","          2.29","119,343","111,261","          1.07","230,769","100,972","          2.29","119,513","111,256","          1.07","230,702","101,140","          2.28","119,532","111,170","          1.08","230,705","101,249","          2.28","119,561","111,144","          1.08","230,657","101,425","          2.27","119,588","111,069","          1.08","230,555","101,600","          2.27","119,590","110,965","          1.08","230,395","101,764","          2.26","119,558","110,837","          1.08","230,403","101,980","          2.26","119,588","110,815","          1.08","230,165","102,043","          2.26","119,461","110,704","          1.08","229,983","102,161","          2.25","119,409","110,574","          1.08","229,973","102,293","          2.25","119,451","110,522","          1.08","229,909","102,428","          2.24","119,393","110,516","          1.08","229,918","102,556","          2.24","119,410","110,508","          1.08","230,028","102,763","          2.24","119,526","110,502","          1.08","230,011","102,890","          2.24","119,574","110,437","          1.08","230,165","103,162","          2.23","119,696","110,469","          1.08","230,181","103,302","          2.23","119,711","110,470","          1.08","230,142","103,449","          2.22","119,699","110,443","          1.08","229,797","103,307","          2.22","119,561","110,236","          1.08","229,821","103,453","          2.22","119,603","110,218","          1.09","229,833","103,485","          2.22","119,600","110,233","          1.08","229,849","103,552","          2.22","119,646","110,203","          1.09","229,704","103,576","          2.22","119,610","110,094","          1.09"
"경기도 시흥시 (4139000000)","504,935","213,080","          2.37","263,749","241,186","          1.09","507,681","214,570","          2.37","265,172","242,509","          1.09","509,115","215,868","          2.36","265,947","243,168","          1.09","510,098","216,709","          2.35","266,410","243,688","          1.09","510,833","217,486","          2.35","266,839","243,994","          1.09","511,314","218,046","          2.34","267,078","244,236","          1.09","511,747","218,455","          2.34","267,186","244,561","          1.09","511,807","218,846","          2.34","267,236","244,571","          1.09","511,900","219,365","          2.33","267,334","244,566","          1.09","511,888","219,690","          2.33","267,351","244,537","          1.09","512,155","220,111","          2.33","267,503","244,652","          1.09","512,030","220,421","          2.32","267,423","244,607","          1.09","512,092","220,757","          2.32","267,436","244,656","          1.09","511,839","220,983","          2.32","267,286","244,553","          1.09","512,455","221,994","          2.31","267,788","244,667","          1.09","512,721","222,458","          2.30","267,980","244,741","          1.09","513,653","223,142","          2.30","268,378","245,275","          1.09","513,928","223,473","          2.30","268,455","245,473","          1.09","513,768","223,574","          2.30","268,347","245,421","          1.09","513,331","223,558","          2.30","268,101","245,230","          1.09","512,331","223,160","          2.30","267,615","244,716","          1.09","512,168","223,164","          2.30","267,503","244,665","          1.09","512,438","223,296","          2.29","267,637","244,801","          1.09","512,912","223,534","          2.29","267,861","245,051","          1.09","513,468","223,797","          2.29","268,033","245,435","          1.09"
"경기도 군포시 (4141000000)","273,542","112,581","          2.43","135,726","137,816","          0.98","272,533","112,575","          2.42","135,192","137,341","          0.98","271,392","112,288","          2.42","134,603","136,789","          0.98","271,007","112,383","          2.41","134,427","136,580","          0.98","270,754","112,532","          2.41","134,288","136,466","          0.98","270,584","112,694","          2.40","134,167","136,417","          0.98","270,293","112,802","          2.40","133,999","136,294","          0.98","269,752","112,818","          2.39","133,758","135,994","          0.98","269,507","113,001","          2.38","133,641","135,866","          0.98","269,215","113,079","          2.38","133,506","135,709","          0.98","269,086","113,188","          2.38","133,458","135,628","          0.98","268,535","113,205","          2.37","133,246","135,289","          0.98","267,941","113,137","          2.37","132,899","135,042","          0.98","267,294","113,140","          2.36","132,546","134,748","          0.98","267,173","113,280","          2.36","132,531","134,642","          0.98","267,493","113,677","          2.35","132,695","134,798","          0.98","267,659","114,027","          2.35","132,808","134,851","          0.98","267,712","114,165","          2.34","132,818","134,894","          0.98","267,672","114,316","          2.34","132,798","134,874","          0.98","267,651","114,394","          2.34","132,817","134,834","          0.99","267,032","114,089","          2.34","132,542","134,490","          0.99","266,735","114,027","          2.34","132,379","134,356","          0.99","266,531","113,954","          2.34","132,304","134,227","          0.99","266,213","113,878","          2.34","132,165","134,048","          0.99","265,999","113,881","          2.34","132,017","133,982","          0.99"
"경기도 의왕시 (4143000000)","163,585","64,713","          2.53","81,379","82,206","          0.99","163,208","64,709","          2.52","81,175","82,033","          0.99","162,443","64,369","          2.52","80,839","81,604","          0.99","162,227","64,439","          2.52","80,714","81,513","          0.99","162,239","64,569","          2.51","80,710","81,529","          0.99","162,215","64,719","          2.51","80,667","81,548","          0.99","162,925","65,128","          2.50","81,009","81,916","          0.99","163,510","65,467","          2.50","81,300","82,210","          0.99","163,715","65,617","          2.50","81,403","82,312","          0.99","163,704","65,668","          2.49","81,341","82,363","          0.99","163,555","65,668","          2.49","81,252","82,303","          0.99","163,356","65,734","          2.49","81,148","82,208","          0.99","163,040","65,704","          2.48","80,966","82,074","          0.99","162,761","65,745","          2.48","80,826","81,935","          0.99","162,493","65,718","          2.47","80,678","81,815","          0.99","162,137","65,634","          2.47","80,496","81,641","          0.99","161,696","65,501","          2.47","80,259","81,437","          0.99","161,334","65,379","          2.47","80,052","81,282","          0.98","161,296","65,366","          2.47","80,018","81,278","          0.98","161,047","65,282","          2.47","79,909","81,138","          0.98","160,759","65,173","          2.47","79,758","81,001","          0.98","160,563","65,102","          2.47","79,640","80,923","          0.98","160,464","65,014","          2.47","79,541","80,923","          0.98","160,221","64,839","          2.47","79,417","80,804","          0.98","160,067","64,748","          2.47","79,351","80,716","          0.98"
"경기도 하남시 (4145000000)","295,122","129,540","          2.28","148,229","146,893","          1.01","298,005","130,857","          2.28","149,595","148,410","          1.01","300,187","131,524","          2.28","150,678","149,509","          1.01","301,801","132,239","          2.28","151,429","150,372","          1.01","302,681","132,649","          2.28","151,874","150,807","          1.01","305,908","133,802","          2.29","153,427","152,481","          1.01","308,390","134,562","          2.29","154,574","153,816","          1.00","310,365","135,250","          2.29","155,478","154,887","          1.00","312,159","135,975","          2.30","156,333","155,826","          1.00","314,866","136,965","          2.30","157,644","157,222","          1.00","318,126","138,093","          2.30","159,264","158,862","          1.00","320,087","138,764","          2.31","160,163","159,924","          1.00","321,043","139,037","          2.31","160,622","160,421","          1.00","322,697","139,569","          2.31","161,351","161,346","          1.00","323,442","139,854","          2.31","161,709","161,733","          1.00","323,558","139,904","          2.31","161,759","161,799","          1.00","323,675","140,012","          2.31","161,833","161,842","          1.00","323,790","140,009","          2.31","161,887","161,903","          1.00","323,674","140,002","          2.31","161,761","161,913","          1.00","323,472","139,937","          2.31","161,608","161,864","          1.00","323,853","139,941","          2.31","161,778","162,075","          1.00","324,674","140,171","          2.32","162,159","162,515","          1.00","325,310","140,250","          2.32","162,437","162,873","          1.00","326,059","140,415","          2.32","162,773","163,286","          1.00","326,496","140,504","          2.32","162,937","163,559","          1.00"
"경기도 용인시 (4146000000)","1,075,045","421,487","          2.55","533,222","541,823","          0.98","1,075,918","422,668","          2.55","533,604","542,314","          0.98","1,075,421","422,961","          2.54","533,356","542,065","          0.98","1,076,773","424,024","          2.54","534,238","542,535","          0.98","1,077,701","424,903","          2.54","534,842","542,859","          0.99","1,077,826","425,579","          2.53","534,946","542,880","          0.99","1,079,049","426,688","          2.53","535,521","543,528","          0.99","1,080,325","428,163","          2.52","536,223","544,102","          0.99","1,080,027","428,819","          2.52","535,936","544,091","          0.99","1,079,609","429,283","          2.51","535,631","543,978","          0.98","1,078,604","429,445","          2.51","535,053","543,551","          0.98","1,077,508","429,492","          2.51","534,459","543,049","          0.98","1,076,830","429,587","          2.51","534,163","542,667","          0.98","1,076,339","430,127","          2.50","533,912","542,427","          0.98","1,075,784","430,634","          2.50","533,595","542,189","          0.98","1,075,877","430,825","          2.50","533,650","542,227","          0.98","1,076,530","431,345","          2.50","534,143","542,387","          0.98","1,077,609","432,059","          2.49","534,851","542,758","          0.99","1,078,451","432,610","          2.49","535,438","543,013","          0.99","1,078,751","433,144","          2.49","535,640","543,111","          0.99","1,077,111","432,572","          2.49","534,734","542,377","          0.99","1,076,369","432,551","          2.49","534,236","542,133","          0.99","1,075,570","432,278","          2.49","533,662","541,908","          0.98","1,074,971","432,151","          2.49","533,323","541,648","          0.98","1,074,650","432,221","          2.49","533,142","541,508","          0.98"
"경기도 용인시 처인구 (4146100000)","257,773","112,092","          2.30","132,112","125,661","          1.05","258,065","112,487","          2.29","132,193","125,872","          1.05","258,130","112,565","          2.29","132,245","125,885","          1.05","259,445","113,158","          2.29","133,193","126,252","          1.05","260,398","113,517","          2.29","133,761","126,637","          1.06","260,877","113,988","          2.29","134,045","126,832","          1.06","261,482","114,398","          2.29","134,410","127,072","          1.06","262,030","114,754","          2.28","134,681","127,349","          1.06","261,553","114,872","          2.28","134,369","127,184","          1.06","261,166","114,996","          2.27","134,041","127,125","          1.05","260,487","114,975","          2.27","133,624","126,863","          1.05","260,198","115,048","          2.26","133,503","126,695","          1.05","259,969","115,045","          2.26","133,382","126,587","          1.05","260,029","115,223","          2.26","133,417","126,612","          1.05","259,786","115,334","          2.25","133,255","126,531","          1.05","260,440","115,586","          2.25","133,691","126,749","          1.05","261,276","115,873","          2.25","134,179","127,097","          1.06","261,898","116,096","          2.26","134,598","127,300","          1.06","262,344","116,319","          2.26","134,916","127,428","          1.06","262,597","116,586","          2.25","135,093","127,504","          1.06","261,742","116,264","          2.25","134,650","127,092","          1.06","260,930","116,052","          2.25","134,140","126,790","          1.06","259,872","115,754","          2.25","133,444","126,428","          1.06","259,288","115,654","          2.24","133,113","126,175","          1.05","258,883","115,637","          2.24","132,887","125,996","          1.05"
"경기도 용인시 기흥구 (4146300000)","440,940","170,323","          2.59","217,700","223,240","          0.98","440,649","170,606","          2.58","217,511","223,138","          0.97","440,164","170,653","          2.58","217,273","222,891","          0.97","439,922","170,837","          2.58","217,098","222,824","          0.97","439,953","171,169","          2.57","217,184","222,769","          0.97","439,791","171,279","          2.57","217,094","222,697","          0.97","440,630","171,912","          2.56","217,479","223,151","          0.97","441,375","172,725","          2.56","217,896","223,479","          0.98","441,960","173,275","          2.55","218,135","223,825","          0.97","442,335","173,654","          2.55","218,360","223,975","          0.97","442,323","173,848","          2.54","218,341","223,982","          0.97","441,742","173,844","          2.54","217,999","223,743","          0.97","441,419","173,910","          2.54","217,849","223,570","          0.97","441,173","174,199","          2.53","217,739","223,434","          0.97","440,826","174,387","          2.53","217,571","223,255","          0.97","440,298","174,238","          2.53","217,176","223,122","          0.97","439,990","174,296","          2.52","217,099","222,891","          0.97","439,877","174,438","          2.52","217,063","222,814","          0.97","439,674","174,462","          2.52","216,957","222,717","          0.97","439,459","174,529","          2.52","216,824","222,635","          0.97","438,728","174,268","          2.52","216,426","222,302","          0.97","438,547","174,355","          2.52","216,337","222,210","          0.97","438,500","174,334","          2.52","216,331","222,169","          0.97","438,235","174,294","          2.51","216,180","222,055","          0.97","438,015","174,293","          2.51","216,094","221,921","          0.97"
"경기도 용인시 수지구 (4146500000)","376,332","139,072","          2.71","183,410","192,922","          0.95","377,204","139,575","          2.70","183,900","193,304","          0.95","377,127","139,743","          2.70","183,838","193,289","          0.95","377,406","140,029","          2.70","183,947","193,459","          0.95","377,350","140,217","          2.69","183,897","193,453","          0.95","377,158","140,312","          2.69","183,807","193,351","          0.95","376,937","140,378","          2.69","183,632","193,305","          0.95","376,920","140,684","          2.68","183,646","193,274","          0.95","376,514","140,672","          2.68","183,432","193,082","          0.95","376,108","140,633","          2.67","183,230","192,878","          0.95","375,794","140,622","          2.67","183,088","192,706","          0.95","375,568","140,600","          2.67","182,957","192,611","          0.95","375,442","140,632","          2.67","182,932","192,510","          0.95","375,137","140,705","          2.67","182,756","192,381","          0.95","375,172","140,913","          2.66","182,769","192,403","          0.95","375,139","141,001","          2.66","182,783","192,356","          0.95","375,264","141,176","          2.66","182,865","192,399","          0.95","375,834","141,525","          2.66","183,190","192,644","          0.95","376,433","141,829","          2.65","183,565","192,868","          0.95","376,695","142,029","          2.65","183,723","192,972","          0.95","376,641","142,040","          2.65","183,658","192,983","          0.95","376,892","142,144","          2.65","183,759","193,133","          0.95","377,198","142,190","          2.65","183,887","193,311","          0.95","377,448","142,203","          2.65","184,030","193,418","          0.95","377,752","142,291","          2.65","184,161","193,591","          0.95"
"경기도 파주시 (4148000000)","466,539","200,969","          2.32","236,488","230,051","          1.03","467,954","201,977","          2.32","237,118","230,836","          1.03","468,501","202,279","          2.32","237,528","230,973","          1.03","470,096","203,450","          2.31","238,389","231,707","          1.03","471,219","204,329","          2.31","238,960","232,259","          1.03","472,260","205,132","          2.30","239,454","232,806","          1.03","473,673","206,202","          2.30","240,306","233,367","          1.03","476,044","207,632","          2.29","241,438","234,606","          1.03","477,819","208,777","          2.29","242,418","235,401","          1.03","479,183","209,651","          2.29","243,139","236,044","          1.03","481,629","211,030","          2.28","244,290","237,339","          1.03","483,245","211,916","          2.28","245,085","238,160","          1.03","484,729","212,684","          2.28","245,879","238,850","          1.03","485,672","213,303","          2.28","246,377","239,295","          1.03","486,131","213,810","          2.27","246,706","239,425","          1.03","486,515","214,270","          2.27","246,910","239,605","          1.03","486,872","214,626","          2.27","247,137","239,735","          1.03","487,831","215,138","          2.27","247,681","240,150","          1.03","488,608","215,606","          2.27","248,071","240,537","          1.03","490,143","216,236","          2.27","248,876","241,267","          1.03","492,267","216,844","          2.27","249,924","242,343","          1.03","493,938","217,630","          2.27","250,677","243,261","          1.03","494,970","218,179","          2.27","251,183","243,787","          1.03","495,315","218,264","          2.27","251,334","243,981","          1.03","495,480","218,364","          2.27","251,414","244,066","          1.03"
"경기도 이천시 (4150000000)","218,651","97,003","          2.25","113,095","105,556","          1.07","218,793","97,283","          2.25","113,156","105,637","          1.07","218,565","97,262","          2.25","113,087","105,478","          1.07","219,224","97,890","          2.24","113,538","105,686","          1.07","219,591","98,251","          2.24","113,745","105,846","          1.07","220,904","99,598","          2.22","114,471","106,433","          1.08","221,697","100,311","          2.21","114,913","106,784","          1.08","222,883","101,235","          2.20","115,596","107,287","          1.08","223,482","101,740","          2.20","115,995","107,487","          1.08","224,066","102,135","          2.19","116,264","107,802","          1.08","223,831","101,910","          2.20","116,100","107,731","          1.08","223,177","101,417","          2.20","115,727","107,450","          1.08","222,997","101,315","          2.20","115,704","107,293","          1.08","222,655","101,287","          2.20","115,556","107,099","          1.08","222,714","101,499","          2.19","115,639","107,075","          1.08","222,722","101,688","          2.19","115,649","107,073","          1.08","222,948","102,101","          2.18","115,858","107,090","          1.08","223,948","103,170","          2.17","116,438","107,510","          1.08","224,603","103,842","          2.16","116,851","107,752","          1.08","224,616","104,066","          2.16","116,895","107,721","          1.09","224,225","103,873","          2.16","116,689","107,536","          1.09","224,077","103,842","          2.16","116,626","107,451","          1.09","223,151","102,963","          2.17","116,138","107,013","          1.09","222,721","102,618","          2.17","115,925","106,796","          1.09","222,451","102,517","          2.17","115,835","106,616","          1.09"
"경기도 안성시 (4155000000)","187,232","86,089","          2.17","96,474","90,758","          1.06","187,488","86,429","          2.17","96,622","90,866","          1.06","187,540","86,498","          2.17","96,711","90,829","          1.06","188,038","86,788","          2.17","97,025","91,013","          1.07","188,704","87,372","          2.16","97,419","91,285","          1.07","189,060","87,765","          2.15","97,561","91,499","          1.07","189,298","87,969","          2.15","97,699","91,599","          1.07","189,641","88,320","          2.15","97,911","91,730","          1.07","189,747","88,679","          2.14","97,955","91,792","          1.07","189,732","88,782","          2.14","97,969","91,763","          1.07","189,559","88,939","          2.13","97,874","91,685","          1.07","189,534","89,118","          2.13","97,895","91,639","          1.07","189,510","89,219","          2.12","97,864","91,646","          1.07","189,535","89,392","          2.12","97,918","91,617","          1.07","189,539","89,626","          2.11","97,908","91,631","          1.07","189,772","89,743","          2.11","98,093","91,679","          1.07","189,969","90,014","          2.11","98,127","91,842","          1.07","189,988","90,133","          2.11","98,110","91,878","          1.07","190,160","90,194","          2.11","98,165","91,995","          1.07","190,126","90,235","          2.11","98,161","91,965","          1.07","189,648","90,117","          2.10","97,942","91,706","          1.07","189,475","90,122","          2.10","97,870","91,605","          1.07","189,146","90,027","          2.10","97,702","91,444","          1.07","188,842","89,951","          2.10","97,581","91,261","          1.07","188,643","89,896","          2.10","97,518","91,125","          1.07"
"경기도 김포시 (4157000000)","477,332","194,667","          2.45","239,165","238,167","          1.00","479,290","195,704","          2.45","240,076","239,214","          1.00","480,275","196,317","          2.45","240,514","239,761","          1.00","481,719","197,247","          2.44","241,239","240,480","          1.00","482,578","197,885","          2.44","241,645","240,933","          1.00","483,642","198,471","          2.44","242,136","241,506","          1.00","484,481","198,895","          2.44","242,493","241,988","          1.00","485,221","199,379","          2.43","242,792","242,429","          1.00","485,647","199,838","          2.43","243,017","242,630","          1.00","485,859","200,230","          2.43","243,149","242,710","          1.00","486,123","200,502","          2.42","243,279","242,844","          1.00","486,508","200,846","          2.42","243,415","243,093","          1.00","486,651","201,009","          2.42","243,429","243,222","          1.00","486,334","201,192","          2.42","243,242","243,092","          1.00","485,882","201,184","          2.42","243,002","242,880","          1.00","485,609","201,221","          2.41","242,877","242,732","          1.00","485,453","201,352","          2.41","242,809","242,644","          1.00","485,395","201,595","          2.41","242,718","242,677","          1.00","484,972","201,709","          2.40","242,449","242,523","          1.00","484,310","201,830","          2.40","242,154","242,156","          1.00","483,845","201,734","          2.40","241,842","242,003","          1.00","484,071","201,990","          2.40","241,884","242,187","          1.00","484,194","202,095","          2.40","241,926","242,268","          1.00","484,267","202,189","          2.40","241,904","242,363","          1.00","484,725","202,441","          2.39","242,147","242,578","          1.00"
"경기도 화성시 (4159000000)","857,550","353,616","          2.43","445,135","412,415","          1.08","859,329","355,323","          2.42","446,168","413,161","          1.08","860,865","356,761","          2.41","447,092","413,773","          1.08","864,687","359,359","          2.41","449,184","415,503","          1.08","867,819","361,285","          2.40","450,855","416,964","          1.08","870,361","362,941","          2.40","452,263","418,098","          1.08","872,537","364,392","          2.39","453,495","419,042","          1.08","875,987","366,147","          2.39","455,268","420,719","          1.08","878,879","367,918","          2.39","456,841","422,038","          1.08","881,154","369,284","          2.39","457,918","423,236","          1.08","884,225","371,115","          2.38","459,514","424,711","          1.08","887,015","372,888","          2.38","460,788","426,227","          1.08","887,910","373,758","          2.38","461,279","426,631","          1.08","889,398","375,084","          2.37","462,137","427,261","          1.08","890,668","376,287","          2.37","462,876","427,792","          1.08","892,038","377,376","          2.36","463,590","428,448","          1.08","894,587","379,119","          2.36","465,017","429,570","          1.08","896,147","380,241","          2.36","465,868","430,279","          1.08","897,883","381,316","          2.35","466,793","431,090","          1.08","899,334","382,231","          2.35","467,557","431,777","          1.08","900,294","382,684","          2.35","468,038","432,256","          1.08","904,267","384,777","          2.35","470,143","434,124","          1.08","907,958","386,414","          2.35","471,943","436,015","          1.08","910,814","387,820","          2.35","473,507","437,307","          1.08","914,500","389,484","          2.35","475,330","439,170","          1.08"
"경기도 화성시동부출장소 (4159200000)","0","0","          0.00","0","0","          0.00","0","0","          0.00","0","0","          0.00","0","0","          0.00","0","0","          0.00","0","0","          0.00","0","0","          0.00","0","0","          0.00","0","0","          0.00","0","0","          0.00","0","0","          0.00","0","0","          0.00","0","0","          0.00","0","0","          0.00","0","0","          0.00","0","0","          0.00","0","0","          0.00","0","0","          0.00","0","0","          0.00","0","0","          0.00","0","0","          0.00","0","0","          0.00","0","0","          0.00","0","0","          0.00","0","0","          0.00","0","0","          0.00","0","0","          0.00","0","0","          0.00","0","0","          0.00","0","0","          0.00","0","0","          0.00","0","0","          0.00","0","0","          0.00","0","0","          0.00","0","0","          0.00","0","0","          0.00","0","0","          0.00","0","0","          0.00","0","0","          0.00","0","0","          0.00","0","0","          0.00","0","0","          0.00","0","0","          0.00","0","0","          0.00","0","0","          0.00","0","0","          0.00","0","0","          0.00","0","0","          0.00","0","0","          0.00"
"경기도 화성시동탄출장소 (4159400000)","0","0","          0.00","0","0","          0.00","0","0","          0.00","0","0","          0.00","0","0","          0.00","0","0","          0.00","0","0","          0.00","0","0","          0.00","0","0","          0.00","0","0","          0.00","0","0","          0.00","0","0","          0.00","0","0","          0.00","0","0","          0.00","0","0","          0.00","0","0","          0.00","0","0","          0.00","0","0","          0.00","0","0","          0.00","0","0","          0.00","0","0","          0.00","0","0","          0.00","0","0","          0.00","0","0","          0.00","0","0","          0.00","0","0","          0.00","0","0","          0.00","0","0","          0.00","0","0","          0.00","0","0","          0.00","0","0","          0.00","0","0","          0.00","0","0","          0.00","0","0","          0.00","0","0","          0.00","0","0","          0.00","0","0","          0.00","0","0","          0.00","0","0","          0.00","0","0","          0.00","0","0","          0.00","0","0","          0.00","0","0","          0.00","0","0","          0.00","0","0","          0.00","0","0","          0.00","0","0","          0.00","0","0","          0.00","0","0","          0.00","0","0","          0.00"
"경기도 광주시 (4161000000)","382,578","164,602","          2.32","195,548","187,030","          1.05","382,835","164,928","          2.32","195,680","187,155","          1.05","383,052","164,789","          2.32","195,851","187,201","          1.05","383,794","165,219","          2.32","196,185","187,609","          1.05","384,306","165,450","          2.32","196,393","187,913","          1.05","384,714","165,676","          2.32","196,588","188,126","          1.04","385,000","165,915","          2.32","196,660","188,340","          1.04","385,808","166,446","          2.32","197,056","188,752","          1.04","386,301","166,840","          2.32","197,265","189,036","          1.04","386,496","166,969","          2.31","197,315","189,181","          1.04","386,573","167,158","          2.31","197,285","189,288","          1.04","387,289","167,673","          2.31","197,673","189,616","          1.04","387,563","167,924","          2.31","197,738","189,825","          1.04","387,646","168,161","          2.31","197,783","189,863","          1.04","388,213","168,466","          2.30","198,100","190,113","          1.04","388,893","168,953","          2.30","198,452","190,441","          1.04","389,483","169,362","          2.30","198,743","190,740","          1.04","389,876","169,730","          2.30","198,918","190,958","          1.04","390,246","170,047","          2.29","199,090","191,156","          1.04","391,131","170,500","          2.29","199,571","191,560","          1.04","391,460","170,609","          2.29","199,709","191,751","          1.04","391,722","170,700","          2.29","199,848","191,874","          1.04","391,704","170,655","          2.30","199,833","191,871","          1.04","391,462","170,497","          2.30","199,707","191,755","          1.04","391,225","170,414","          2.30","199,630","191,595","          1.04"
"경기도 양주시 (4163000000)","231,241","98,470","          2.35","117,346","113,895","          1.03","233,072","99,347","          2.35","118,218","114,854","          1.03","234,181","100,014","          2.34","118,821","115,360","          1.03","234,990","100,545","          2.34","119,207","115,783","          1.03","235,276","100,776","          2.33","119,349","115,927","          1.03","235,394","101,150","          2.33","119,411","115,983","          1.03","235,495","101,299","          2.32","119,411","116,084","          1.03","235,828","101,527","          2.32","119,603","116,225","          1.03","236,028","101,796","          2.32","119,717","116,311","          1.03","236,205","101,997","          2.32","119,761","116,444","          1.03","236,302","102,149","          2.31","119,796","116,506","          1.03","236,368","102,314","          2.31","119,835","116,533","          1.03","236,284","102,426","          2.31","119,759","116,525","          1.03","236,327","102,588","          2.30","119,794","116,533","          1.03","236,239","102,620","          2.30","119,761","116,478","          1.03","236,142","102,688","          2.30","119,703","116,439","          1.03","236,120","102,838","          2.30","119,676","116,444","          1.03","237,156","103,475","          2.29","120,188","116,968","          1.03","237,889","103,834","          2.29","120,561","117,328","          1.03","238,734","104,307","          2.29","120,947","117,787","          1.03","239,287","104,514","          2.29","121,215","118,072","          1.03","239,697","104,723","          2.29","121,383","118,314","          1.03","241,346","105,431","          2.29","122,157","119,189","          1.02","243,432","106,361","          2.29","123,173","120,259","          1.02","245,451","107,235","          2.29","124,134","121,317","          1.02"
"경기도 포천시 (4165000000)","147,393","71,533","          2.06","77,964","69,429","          1.12","147,480","71,823","          2.05","78,036","69,444","          1.12","147,014","71,641","          2.05","77,942","69,072","          1.13","147,317","71,935","          2.05","78,102","69,215","          1.13","147,425","72,087","          2.05","78,138","69,287","          1.13","147,597","72,306","          2.04","78,200","69,397","          1.13","147,855","72,518","          2.04","78,351","69,504","          1.13","148,296","72,792","          2.04","78,594","69,702","          1.13","148,434","73,011","          2.03","78,653","69,781","          1.13","148,618","73,206","          2.03","78,733","69,885","          1.13","148,738","73,326","          2.03","78,786","69,952","          1.13","148,939","73,584","          2.02","78,915","70,024","          1.13","148,867","73,653","          2.02","78,888","69,979","          1.13","148,765","73,730","          2.02","78,859","69,906","          1.13","148,527","73,688","          2.02","78,764","69,763","          1.13","148,469","73,762","          2.01","78,734","69,735","          1.13","148,326","73,823","          2.01","78,631","69,695","          1.13","148,066","73,792","          2.01","78,483","69,583","          1.13","147,902","73,750","          2.01","78,374","69,528","          1.13","147,735","73,752","          2.00","78,294","69,441","          1.13","147,340","73,517","          2.00","78,049","69,291","          1.13","147,171","73,465","          2.00","77,965","69,206","          1.13","147,019","73,464","          2.00","77,866","69,153","          1.13","146,701","73,438","          2.00","77,707","68,994","          1.13","146,374","73,370","          2.00","77,561","68,813","          1.13"
"경기도 여주시 (4167000000)","112,044","51,905","          2.16","56,897","55,147","          1.03","112,129","52,056","          2.15","56,938","55,191","          1.03","111,903","51,872","          2.16","56,842","55,061","          1.03","111,913","51,975","          2.15","56,882","55,031","          1.03","111,939","52,056","          2.15","56,898","55,041","          1.03","112,177","52,170","          2.15","57,050","55,127","          1.03","112,203","52,241","          2.15","57,076","55,127","          1.04","112,289","52,383","          2.14","57,131","55,158","          1.04","112,151","52,458","          2.14","57,058","55,093","          1.04","112,260","52,578","          2.14","57,122","55,138","          1.04","112,199","52,662","          2.13","57,044","55,155","          1.03","112,150","52,731","          2.13","57,022","55,128","          1.03","112,353","52,926","          2.12","57,131","55,222","          1.03","112,469","53,110","          2.12","57,214","55,255","          1.04","112,393","53,170","          2.11","57,167","55,226","          1.04","112,410","53,259","          2.11","57,176","55,234","          1.04","112,558","53,322","          2.11","57,241","55,317","          1.03","112,639","53,403","          2.11","57,300","55,339","          1.04","112,731","53,498","          2.11","57,340","55,391","          1.04","112,800","53,545","          2.11","57,360","55,440","          1.03","112,850","53,634","          2.10","57,385","55,465","          1.03","113,027","53,765","          2.10","57,467","55,560","          1.03","113,096","53,870","          2.10","57,514","55,582","          1.03","113,150","53,946","          2.10","57,567","55,583","          1.04","113,259","54,056","          2.10","57,622","55,637","          1.04"
"경기도 연천군 (4180000000)","43,438","22,023","          1.97","22,744","20,694","          1.10","43,368","22,060","          1.97","22,707","20,661","          1.10","43,063","21,857","          1.97","22,577","20,486","          1.10","43,080","21,887","          1.97","22,552","20,528","          1.10","43,071","21,912","          1.97","22,546","20,525","          1.10","43,042","21,912","          1.96","22,537","20,505","          1.10","42,985","21,923","          1.96","22,518","20,467","          1.10","42,942","21,953","          1.96","22,507","20,435","          1.10","42,842","21,955","          1.95","22,453","20,389","          1.10","42,797","21,960","          1.95","22,412","20,385","          1.10","42,739","21,977","          1.94","22,405","20,334","          1.10","42,721","22,002","          1.94","22,399","20,322","          1.10","42,739","22,037","          1.94","22,416","20,323","          1.10","42,725","22,060","          1.94","22,402","20,323","          1.10","42,784","22,139","          1.93","22,452","20,332","          1.10","42,731","22,117","          1.93","22,438","20,293","          1.11","42,675","22,109","          1.93","22,420","20,255","          1.11","42,625","22,099","          1.93","22,394","20,231","          1.11","42,584","22,101","          1.93","22,365","20,219","          1.11","42,542","22,105","          1.92","22,343","20,199","          1.11","42,364","21,973","          1.93","22,245","20,119","          1.11","42,240","21,943","          1.92","22,187","20,053","          1.11","42,153","21,895","          1.93","22,154","19,999","          1.11","42,062","21,858","          1.92","22,113","19,949","          1.11","41,950","21,844","          1.92","22,052","19,898","          1.11"
"경기도 가평군 (4182000000)","62,399","31,603","          1.97","32,169","30,230","          1.06","62,339","31,655","          1.97","32,128","30,211","          1.06","62,049","31,470","          1.97","32,009","30,040","          1.07","62,206","31,581","          1.97","32,080","30,126","          1.06","62,344","31,702","          1.97","32,125","30,219","          1.06","62,364","31,731","          1.97","32,146","30,218","          1.06","62,348","31,733","          1.96","32,114","30,234","          1.06","62,383","31,757","          1.96","32,137","30,246","          1.06","62,334","31,785","          1.96","32,167","30,167","          1.07","62,241","31,749","          1.96","32,130","30,111","          1.07","62,253","31,771","          1.96","32,147","30,106","          1.07","62,264","31,775","          1.96","32,129","30,135","          1.07","62,291","31,819","          1.96","32,135","30,156","          1.07","62,247","31,839","          1.96","32,105","30,142","          1.07","62,221","31,896","          1.95","32,070","30,151","          1.06","62,168","31,948","          1.95","32,046","30,122","          1.06","62,224","32,005","          1.94","32,068","30,156","          1.06","62,306","32,057","          1.94","32,135","30,171","          1.07","62,297","32,109","          1.94","32,127","30,170","          1.06","62,382","32,134","          1.94","32,191","30,191","          1.07","62,249","32,059","          1.94","32,123","30,126","          1.07","62,219","32,074","          1.94","32,112","30,107","          1.07","62,197","32,106","          1.94","32,097","30,100","          1.07","62,150","32,140","          1.93","32,102","30,048","          1.07","62,114","32,143","          1.93","32,076","30,038","          1.07"
"경기도 양평군 (4183000000)","119,022","57,866","          2.06","59,658","59,364","          1.00","119,371","58,088","          2.06","59,846","59,525","          1.01","119,260","57,963","          2.06","59,853","59,407","          1.01","119,505","58,128","          2.06","59,981","59,524","          1.01","119,826","58,282","          2.06","60,147","59,679","          1.01","120,012","58,332","          2.06","60,259","59,753","          1.01","120,419","58,430","          2.06","60,513","59,906","          1.01","120,954","58,589","          2.06","60,817","60,137","          1.01","120,997","58,714","          2.06","60,791","60,206","          1.01","121,188","58,854","          2.06","60,873","60,315","          1.01","121,154","58,968","          2.05","60,817","60,337","          1.01","121,230","59,094","          2.05","60,846","60,384","          1.01","121,300","59,134","          2.05","60,885","60,415","          1.01","121,364","59,196","          2.05","60,919","60,445","          1.01","121,726","59,376","          2.05","61,138","60,588","          1.01","121,789","59,430","          2.05","61,176","60,613","          1.01","122,046","59,577","          2.05","61,338","60,708","          1.01","122,355","59,677","          2.05","61,515","60,840","          1.01","122,671","59,702","          2.05","61,743","60,928","          1.01","122,914","59,770","          2.06","61,890","61,024","          1.01","122,630","59,614","          2.06","61,730","60,900","          1.01","122,613","59,683","          2.05","61,725","60,888","          1.01","122,463","59,718","          2.05","61,593","60,870","          1.01","122,323","59,788","          2.05","61,495","60,828","          1.01","122,414","59,873","          2.04","61,562","60,852","          1.01"
"강원도  (4200000000)","1,541,696","736,825","          2.09","775,727","765,969","          1.01","1,540,875","737,787","          2.09","775,186","765,689","          1.01","1,536,399","735,644","          2.09","773,248","763,151","          1.01","1,536,175","736,749","          2.09","773,037","763,138","          1.01","1,535,491","736,980","          2.08","772,893","762,598","          1.01","1,535,530","738,068","          2.08","772,949","762,581","          1.01","1,536,140","739,290","          2.08","773,232","762,908","          1.01","1,536,270","740,341","          2.08","773,260","763,010","          1.01","1,536,765","742,196","          2.07","773,495","763,270","          1.01","1,537,717","743,798","          2.07","774,008","763,709","          1.01","1,538,273","745,060","          2.06","774,232","764,041","          1.01","1,538,492","746,220","          2.06","774,332","764,160","          1.01","1,538,660","747,023","          2.06","774,315","764,345","          1.01","1,539,051","748,626","          2.06","774,543","764,508","          1.01","1,539,036","750,531","          2.05","774,522","764,514","          1.01","1,539,038","751,554","          2.05","774,562","764,476","          1.01","1,539,005","752,649","          2.04","774,458","764,547","          1.01","1,539,064","753,336","          2.04","774,405","764,659","          1.01","1,539,178","754,257","          2.04","774,387","764,791","          1.01","1,538,801","755,162","          2.04","774,193","764,608","          1.01","1,537,396","754,682","          2.04","773,576","763,820","          1.01","1,537,339","755,184","          2.04","773,491","763,848","          1.01","1,536,863","755,157","          2.04","773,182","763,681","          1.01","1,536,498","755,481","          2.03","772,947","763,551","          1.01","1,535,373","755,474","          2.03","772,297","763,076","          1.01"
"강원도 춘천시 (4211000000)","282,693","126,834","          2.23","139,534","143,159","          0.97","283,141","127,338","          2.22","139,756","143,385","          0.97","282,328","126,993","          2.22","139,420","142,908","          0.98","282,326","127,227","          2.22","139,412","142,914","          0.98","282,482","127,486","          2.22","139,461","143,021","          0.98","282,511","127,689","          2.21","139,505","143,006","          0.98","282,592","127,886","          2.21","139,546","143,046","          0.98","282,714","128,183","          2.21","139,628","143,086","          0.98","283,312","128,894","          2.20","139,920","143,392","          0.98","283,803","129,384","          2.19","140,204","143,599","          0.98","284,121","129,730","          2.19","140,341","143,780","          0.98","284,594","130,277","          2.18","140,584","144,010","          0.98","284,933","130,633","          2.18","140,699","144,234","          0.98","285,202","131,133","          2.17","140,856","144,346","          0.98","285,372","131,520","          2.17","140,874","144,498","          0.97","285,575","131,864","          2.17","140,937","144,638","          0.97","285,738","132,179","          2.16","141,017","144,721","          0.97","285,907","132,351","          2.16","141,081","144,826","          0.97","286,050","132,610","          2.16","141,161","144,889","          0.97","286,352","133,109","          2.15","141,349","145,003","          0.97","286,371","133,206","          2.15","141,360","145,011","          0.97","286,466","133,430","          2.15","141,392","145,074","          0.97","286,535","133,457","          2.15","141,417","145,118","          0.97","286,664","133,668","          2.14","141,490","145,174","          0.97","286,623","133,834","          2.14","141,487","145,136","          0.97"
"강원도 원주시 (4213000000)","354,664","160,623","          2.21","175,962","178,702","          0.98","354,933","161,195","          2.20","176,007","178,926","          0.98","354,437","161,044","          2.20","175,816","178,621","          0.98","354,536","161,324","          2.20","175,863","178,673","          0.98","354,768","161,658","          2.19","176,009","178,759","          0.98","354,978","162,075","          2.19","176,089","178,889","          0.98","355,432","162,463","          2.19","176,297","179,135","          0.98","355,767","162,870","          2.18","176,452","179,315","          0.98","356,134","163,394","          2.18","176,658","179,476","          0.98","356,625","163,865","          2.18","176,866","179,759","          0.98","357,277","164,418","          2.17","177,183","180,094","          0.98","357,757","164,895","          2.17","177,396","180,361","          0.98","358,127","165,282","          2.17","177,567","180,560","          0.98","358,647","165,865","          2.16","177,793","180,854","          0.98","358,659","166,291","          2.16","177,773","180,886","          0.98","358,838","166,639","          2.15","177,888","180,950","          0.98","359,229","167,123","          2.15","178,072","181,157","          0.98","359,596","167,510","          2.15","178,256","181,340","          0.98","359,888","167,854","          2.14","178,436","181,452","          0.98","360,051","168,161","          2.14","178,471","181,580","          0.98","360,204","168,271","          2.14","178,585","181,619","          0.98","360,581","168,508","          2.14","178,792","181,789","          0.98","360,722","168,652","          2.14","178,845","181,877","          0.98","360,807","168,755","          2.14","178,880","181,927","          0.98","360,809","168,882","          2.14","178,823","181,986","          0.98"
"강원도 강릉시 (4215000000)","213,412","101,620","          2.10","105,799","107,613","          0.98","213,231","101,697","          2.10","105,704","107,527","          0.98","212,909","101,652","          2.09","105,564","107,345","          0.98","212,890","101,768","          2.09","105,527","107,363","          0.98","212,681","101,729","          2.09","105,487","107,194","          0.98","212,784","101,951","          2.09","105,550","107,234","          0.98","212,957","102,198","          2.08","105,652","107,305","          0.98","213,025","102,334","          2.08","105,698","107,327","          0.98","213,151","102,629","          2.08","105,761","107,390","          0.98","213,155","102,774","          2.07","105,783","107,372","          0.99","213,093","102,878","          2.07","105,749","107,344","          0.99","212,965","102,879","          2.07","105,667","107,298","          0.98","212,907","102,864","          2.07","105,648","107,259","          0.98","212,767","102,954","          2.07","105,554","107,213","          0.98","212,642","103,187","          2.06","105,514","107,128","          0.98","212,526","103,259","          2.06","105,472","107,054","          0.99","212,414","103,321","          2.06","105,385","107,029","          0.98","212,277","103,321","          2.05","105,308","106,969","          0.98","212,260","103,374","          2.05","105,312","106,948","          0.98","212,099","103,457","          2.05","105,222","106,877","          0.98","211,867","103,406","          2.05","105,102","106,765","          0.98","211,742","103,403","          2.05","105,042","106,700","          0.98","211,541","103,332","          2.05","104,929","106,612","          0.98","211,381","103,352","          2.05","104,845","106,536","          0.98","211,159","103,340","          2.04","104,674","106,485","          0.98"
"강원도 동해시 (4217000000)","90,416","42,296","          2.14","45,914","44,502","          1.03","90,320","42,320","          2.13","45,855","44,465","          1.03","89,922","42,178","          2.13","45,660","44,262","          1.03","89,868","42,232","          2.13","45,622","44,246","          1.03","89,968","42,361","          2.12","45,667","44,301","          1.03","89,999","42,414","          2.12","45,702","44,297","          1.03","90,039","42,498","          2.12","45,732","44,307","          1.03","90,056","42,551","          2.12","45,716","44,340","          1.03","90,073","42,636","          2.11","45,730","44,343","          1.03","90,115","42,743","          2.11","45,756","44,359","          1.03","90,010","42,799","          2.10","45,735","44,275","          1.03","90,081","42,916","          2.10","45,795","44,286","          1.03","90,045","42,913","          2.10","45,754","44,291","          1.03","89,950","42,960","          2.09","45,713","44,237","          1.03","89,804","42,988","          2.09","45,651","44,153","          1.03","89,674","42,985","          2.09","45,580","44,094","          1.03","89,618","43,014","          2.08","45,558","44,060","          1.03","89,574","43,056","          2.08","45,553","44,021","          1.03","89,683","43,211","          2.08","45,584","44,099","          1.03","89,699","43,305","          2.07","45,612","44,087","          1.03","89,465","43,215","          2.07","45,494","43,971","          1.03","89,421","43,212","          2.07","45,439","43,982","          1.03","89,402","43,228","          2.07","45,435","43,967","          1.03","89,426","43,251","          2.07","45,423","44,003","          1.03","89,380","43,252","          2.07","45,417","43,963","          1.03"
"강원도 태백시 (4219000000)","42,586","21,534","          1.98","21,557","21,029","          1.03","42,381","21,468","          1.97","21,456","20,925","          1.03","42,249","21,458","          1.97","21,398","20,851","          1.03","42,183","21,457","          1.97","21,370","20,813","          1.03","41,718","21,100","          1.98","21,160","20,558","          1.03","41,419","20,899","          1.98","21,006","20,413","          1.03","41,341","20,869","          1.98","20,966","20,375","          1.03","41,295","20,867","          1.98","20,936","20,359","          1.03","41,145","20,842","          1.97","20,831","20,314","          1.03","41,055","20,826","          1.97","20,777","20,278","          1.02","40,982","20,788","          1.97","20,738","20,244","          1.02","40,844","20,731","          1.97","20,656","20,188","          1.02","40,750","20,704","          1.97","20,600","20,150","          1.02","40,515","20,634","          1.96","20,489","20,026","          1.02","40,331","20,617","          1.96","20,392","19,939","          1.02","40,266","20,624","          1.95","20,368","19,898","          1.02","40,163","20,599","          1.95","20,299","19,864","          1.02","40,085","20,582","          1.95","20,259","19,826","          1.02","40,029","20,600","          1.94","20,232","19,797","          1.02","39,940","20,591","          1.94","20,184","19,756","          1.02","39,637","20,366","          1.95","19,992","19,645","          1.02","39,553","20,345","          1.94","19,948","19,605","          1.02","39,503","20,332","          1.94","19,918","19,585","          1.02","39,428","20,324","          1.94","19,881","19,547","          1.02","39,286","20,279","          1.94","19,806","19,480","          1.02"
"강원도 속초시 (4221000000)","82,652","39,991","          2.07","40,940","41,712","          0.98","82,531","39,996","          2.06","40,874","41,657","          0.98","82,213","39,841","          2.06","40,736","41,477","          0.98","82,302","39,983","          2.06","40,771","41,531","          0.98","82,241","40,033","          2.05","40,750","41,491","          0.98","82,254","40,130","          2.05","40,772","41,482","          0.98","82,377","40,252","          2.05","40,848","41,529","          0.98","82,391","40,302","          2.04","40,847","41,544","          0.98","82,476","40,418","          2.04","40,901","41,575","          0.98","82,579","40,512","          2.04","40,975","41,604","          0.98","82,700","40,640","          2.03","41,028","41,672","          0.98","82,791","40,706","          2.03","41,080","41,711","          0.98","82,771","40,728","          2.03","41,050","41,721","          0.98","82,790","40,798","          2.03","41,074","41,716","          0.98","82,737","40,848","          2.03","41,042","41,695","          0.98","82,691","40,872","          2.02","41,009","41,682","          0.98","82,725","40,929","          2.02","41,037","41,688","          0.98","82,848","41,054","          2.02","41,100","41,748","          0.98","83,035","41,203","          2.02","41,174","41,861","          0.98","82,974","41,209","          2.01","41,131","41,843","          0.98","82,824","41,182","          2.01","41,069","41,755","          0.98","82,781","41,194","          2.01","41,034","41,747","          0.98","82,795","41,189","          2.01","41,029","41,766","          0.98","82,806","41,193","          2.01","41,037","41,769","          0.98","82,899","41,216","          2.01","41,102","41,797","          0.98"
"강원도 삼척시 (4223000000)","64,946","33,476","          1.94","32,836","32,110","          1.02","64,680","33,356","          1.94","32,670","32,010","          1.02","64,393","33,175","          1.94","32,566","31,827","          1.02","64,355","33,294","          1.93","32,532","31,823","          1.02","64,188","33,252","          1.93","32,475","31,713","          1.02","64,073","33,225","          1.93","32,380","31,693","          1.02","63,952","33,168","          1.93","32,305","31,647","          1.02","63,825","33,161","          1.92","32,250","31,575","          1.02","63,864","33,336","          1.92","32,278","31,586","          1.02","63,833","33,398","          1.91","32,272","31,561","          1.02","63,682","33,355","          1.91","32,175","31,507","          1.02","63,429","33,184","          1.91","32,043","31,386","          1.02","63,458","33,196","          1.91","32,059","31,399","          1.02","63,730","33,397","          1.91","32,214","31,516","          1.02","64,264","33,994","          1.89","32,486","31,778","          1.02","64,296","34,083","          1.89","32,525","31,771","          1.02","64,216","34,090","          1.88","32,487","31,729","          1.02","64,165","34,066","          1.88","32,450","31,715","          1.02","64,046","34,024","          1.88","32,390","31,656","          1.02","63,760","33,840","          1.88","32,285","31,475","          1.03","63,753","33,894","          1.88","32,318","31,435","          1.03","63,687","33,897","          1.88","32,280","31,407","          1.03","63,607","33,854","          1.88","32,236","31,371","          1.03","63,455","33,715","          1.88","32,156","31,299","          1.03","63,202","33,567","          1.88","32,033","31,169","          1.03"
"강원도 홍천군 (4272000000)","69,142","34,233","          2.02","35,625","33,517","          1.06","69,041","34,241","          2.02","35,564","33,477","          1.06","68,751","34,037","          2.02","35,381","33,370","          1.06","68,681","34,046","          2.02","35,370","33,311","          1.06","68,597","34,016","          2.02","35,339","33,258","          1.06","68,619","34,085","          2.01","35,342","33,277","          1.06","68,573","34,102","          2.01","35,305","33,268","          1.06","68,489","34,118","          2.01","35,273","33,216","          1.06","68,452","34,145","          2.00","35,256","33,196","          1.06","68,499","34,213","          2.00","35,274","33,225","          1.06","68,482","34,225","          2.00","35,246","33,236","          1.06","68,365","34,237","          2.00","35,184","33,181","          1.06","68,251","34,265","          1.99","35,130","33,121","          1.06","68,177","34,283","          1.99","35,111","33,066","          1.06","68,047","34,304","          1.98","35,040","33,007","          1.06","67,959","34,283","          1.98","34,968","32,991","          1.06","67,915","34,328","          1.98","34,932","32,983","          1.06","67,884","34,337","          1.98","34,908","32,976","          1.06","67,784","34,318","          1.98","34,840","32,944","          1.06","67,789","34,373","          1.97","34,835","32,954","          1.06","67,738","34,316","          1.97","34,824","32,914","          1.06","67,830","34,383","          1.97","34,859","32,971","          1.06","67,881","34,410","          1.97","34,870","33,011","          1.06","67,977","34,510","          1.97","34,954","33,023","          1.06","67,922","34,530","          1.97","34,911","33,011","          1.06"
"강원도 횡성군 (4273000000)","46,441","23,305","          1.99","23,812","22,629","          1.05","46,447","23,339","          1.99","23,810","22,637","          1.05","46,399","23,230","          2.00","23,812","22,587","          1.05","46,510","23,342","          1.99","23,861","22,649","          1.05","46,589","23,440","          1.99","23,910","22,679","          1.05","46,614","23,486","          1.98","23,927","22,687","          1.05","46,652","23,541","          1.98","23,936","22,716","          1.05","46,635","23,547","          1.98","23,922","22,713","          1.05","46,566","23,516","          1.98","23,895","22,671","          1.05","46,586","23,559","          1.98","23,916","22,670","          1.05","46,583","23,585","          1.98","23,903","22,680","          1.05","46,481","23,593","          1.97","23,859","22,622","          1.05","46,436","23,568","          1.97","23,833","22,603","          1.05","46,459","23,598","          1.97","23,837","22,622","          1.05","46,401","23,606","          1.97","23,803","22,598","          1.05","46,595","23,702","          1.97","23,926","22,669","          1.06","46,560","23,719","          1.96","23,905","22,655","          1.06","46,546","23,747","          1.96","23,903","22,643","          1.06","46,555","23,771","          1.96","23,891","22,664","          1.05","46,543","23,791","          1.96","23,894","22,649","          1.05","46,504","23,747","          1.96","23,852","22,652","          1.05","46,516","23,767","          1.96","23,872","22,644","          1.05","46,498","23,742","          1.96","23,864","22,634","          1.05","46,532","23,767","          1.96","23,877","22,655","          1.05","46,608","23,807","          1.96","23,919","22,689","          1.05"
"강원도 영월군 (4275000000)","38,565","21,197","          1.82","19,935","18,630","          1.07","38,418","21,134","          1.82","19,863","18,555","          1.07","38,458","21,264","          1.81","19,895","18,563","          1.07","38,417","21,284","          1.80","19,859","18,558","          1.07","38,099","21,028","          1.81","19,743","18,356","          1.08","38,057","21,025","          1.81","19,711","18,346","          1.07","38,064","21,052","          1.81","19,724","18,340","          1.08","38,055","21,091","          1.80","19,719","18,336","          1.08","38,012","21,102","          1.80","19,673","18,339","          1.07","38,011","21,133","          1.80","19,669","18,342","          1.07","37,934","21,136","          1.79","19,631","18,303","          1.07","37,904","21,143","          1.79","19,626","18,278","          1.07","37,893","21,120","          1.79","19,607","18,286","          1.07","37,954","21,141","          1.80","19,645","18,309","          1.07","38,003","21,245","          1.79","19,698","18,305","          1.08","37,970","21,283","          1.78","19,686","18,284","          1.08","37,963","21,308","          1.78","19,678","18,285","          1.08","37,934","21,280","          1.78","19,657","18,277","          1.08","37,909","21,278","          1.78","19,633","18,276","          1.07","37,904","21,276","          1.78","19,634","18,270","          1.07","37,860","21,292","          1.78","19,617","18,243","          1.08","37,797","21,278","          1.78","19,582","18,215","          1.08","37,802","21,309","          1.77","19,562","18,240","          1.07","37,728","21,288","          1.77","19,509","18,219","          1.07","37,644","21,233","          1.77","19,443","18,201","          1.07"
"강원도 평창군 (4276000000)","41,587","21,623","          1.92","21,276","20,311","          1.05","41,514","21,621","          1.92","21,269","20,245","          1.05","41,212","21,411","          1.92","21,151","20,061","          1.05","41,188","21,436","          1.92","21,139","20,049","          1.05","41,164","21,465","          1.92","21,124","20,040","          1.05","41,109","21,479","          1.91","21,111","19,998","          1.06","41,060","21,501","          1.91","21,075","19,985","          1.05","41,050","21,524","          1.91","21,057","19,993","          1.05","40,971","21,548","          1.90","21,036","19,935","          1.06","41,006","21,597","          1.90","21,085","19,921","          1.06","41,023","21,629","          1.90","21,095","19,928","          1.06","40,996","21,665","          1.89","21,091","19,905","          1.06","41,120","21,733","          1.89","21,148","19,972","          1.06","41,162","21,771","          1.89","21,182","19,980","          1.06","41,136","21,793","          1.89","21,204","19,932","          1.06","41,084","21,775","          1.89","21,189","19,895","          1.07","41,149","21,827","          1.89","21,231","19,918","          1.07","41,150","21,845","          1.88","21,222","19,928","          1.06","41,153","21,876","          1.88","21,219","19,934","          1.06","41,112","21,876","          1.88","21,206","19,906","          1.07","41,033","21,873","          1.88","21,176","19,857","          1.07","40,982","21,866","          1.87","21,159","19,823","          1.07","40,980","21,896","          1.87","21,174","19,806","          1.07","40,990","21,927","          1.87","21,176","19,814","          1.07","40,901","21,902","          1.87","21,144","19,757","          1.07"
"강원도 정선군 (4277000000)","36,783","20,213","          1.82","19,127","17,656","          1.08","36,704","20,198","          1.82","19,071","17,633","          1.08","36,059","19,708","          1.83","18,776","17,283","          1.09","35,990","19,699","          1.83","18,737","17,253","          1.09","35,991","19,710","          1.83","18,743","17,248","          1.09","35,952","19,710","          1.82","18,715","17,237","          1.09","35,902","19,718","          1.82","18,700","17,202","          1.09","35,838","19,703","          1.82","18,664","17,174","          1.09","35,717","19,679","          1.81","18,607","17,110","          1.09","35,659","19,669","          1.81","18,585","17,074","          1.09","35,639","19,687","          1.81","18,573","17,066","          1.09","35,675","19,713","          1.81","18,565","17,110","          1.09","35,634","19,721","          1.81","18,537","17,097","          1.08","35,527","19,719","          1.80","18,492","17,035","          1.09","35,446","19,705","          1.80","18,474","16,972","          1.09","35,401","19,700","          1.80","18,460","16,941","          1.09","35,382","19,710","          1.80","18,456","16,926","          1.09","35,334","19,698","          1.79","18,449","16,885","          1.09","35,282","19,690","          1.79","18,423","16,859","          1.09","35,210","19,687","          1.79","18,372","16,838","          1.09","35,072","19,598","          1.79","18,324","16,748","          1.09","35,027","19,592","          1.79","18,304","16,723","          1.09","34,953","19,550","          1.79","18,274","16,679","          1.10","34,931","19,533","          1.79","18,264","16,667","          1.10","34,892","19,528","          1.79","18,242","16,650","          1.10"
"강원도 철원군 (4278000000)","44,563","21,175","          2.10","23,151","21,412","          1.08","44,380","21,161","          2.10","23,071","21,309","          1.08","44,171","21,066","          2.10","22,963","21,208","          1.08","44,169","21,081","          2.10","22,948","21,221","          1.08","44,011","21,003","          2.10","22,895","21,116","          1.08","43,932","21,002","          2.09","22,832","21,100","          1.08","43,832","20,987","          2.09","22,760","21,072","          1.08","43,691","20,935","          2.09","22,693","20,998","          1.08","43,579","20,902","          2.08","22,607","20,972","          1.08","43,489","20,888","          2.08","22,552","20,937","          1.08","43,396","20,868","          2.08","22,493","20,903","          1.08","43,340","20,862","          2.08","22,453","20,887","          1.07","43,166","20,839","          2.07","22,356","20,810","          1.07","43,044","20,835","          2.07","22,291","20,753","          1.07","42,964","20,809","          2.06","22,254","20,710","          1.07","42,916","20,791","          2.06","22,245","20,671","          1.08","42,829","20,778","          2.06","22,190","20,639","          1.08","42,789","20,780","          2.06","22,160","20,629","          1.07","42,715","20,754","          2.06","22,119","20,596","          1.07","42,655","20,762","          2.05","22,082","20,573","          1.07","42,520","20,692","          2.05","22,016","20,504","          1.07","42,500","20,683","          2.05","21,999","20,501","          1.07","42,394","20,660","          2.05","21,940","20,454","          1.07","42,256","20,605","          2.05","21,863","20,393","          1.07","42,174","20,575","          2.05","21,829","20,345","          1.07"
"강원도 화천군 (4279000000)","24,732","12,813","          1.93","13,412","11,320","          1.18","24,652","12,771","          1.93","13,377","11,275","          1.19","24,506","12,688","          1.93","13,313","11,193","          1.19","24,446","12,634","          1.93","13,278","11,168","          1.19","24,397","12,618","          1.93","13,252","11,145","          1.19","24,408","12,632","          1.93","13,266","11,142","          1.19","24,369","12,624","          1.93","13,246","11,123","          1.19","24,342","12,610","          1.93","13,223","11,119","          1.19","24,313","12,599","          1.93","13,193","11,120","          1.19","24,247","12,583","          1.93","13,158","11,089","          1.19","24,242","12,580","          1.93","13,154","11,088","          1.19","24,195","12,556","          1.93","13,138","11,057","          1.19","24,105","12,529","          1.92","13,102","11,003","          1.19","24,094","12,519","          1.92","13,082","11,012","          1.19","24,046","12,510","          1.92","13,039","11,007","          1.18","24,050","12,495","          1.92","13,024","11,026","          1.18","24,029","12,481","          1.93","13,004","11,025","          1.18","23,961","12,447","          1.93","12,948","11,013","          1.18","23,864","12,392","          1.93","12,874","10,990","          1.17","23,806","12,350","          1.93","12,826","10,980","          1.17","23,731","12,303","          1.93","12,786","10,945","          1.17","23,620","12,243","          1.93","12,713","10,907","          1.17","23,520","12,192","          1.93","12,664","10,856","          1.17","23,388","12,114","          1.93","12,560","10,828","          1.16","23,323","12,071","          1.93","12,520","10,803","          1.16"
"강원도 양구군 (4280000000)","22,161","10,824","          2.05","11,759","10,402","          1.13","22,123","10,828","          2.04","11,748","10,375","          1.13","22,172","10,789","          2.06","11,748","10,424","          1.13","22,114","10,775","          2.05","11,701","10,413","          1.12","22,094","10,741","          2.06","11,679","10,415","          1.12","22,027","10,708","          2.06","11,620","10,407","          1.12","21,981","10,691","          2.06","11,584","10,397","          1.11","21,972","10,692","          2.05","11,565","10,407","          1.11","21,924","10,677","          2.05","11,554","10,370","          1.11","21,925","10,694","          2.05","11,540","10,385","          1.11","21,875","10,682","          2.05","11,525","10,350","          1.11","21,748","10,660","          2.04","11,464","10,284","          1.11","21,705","10,666","          2.03","11,442","10,263","          1.11","21,651","10,666","          2.03","11,396","10,255","          1.11","21,701","10,667","          2.03","11,402","10,299","          1.11","21,700","10,674","          2.03","11,398","10,302","          1.11","21,635","10,671","          2.03","11,359","10,276","          1.11","21,607","10,659","          2.03","11,327","10,280","          1.10","21,555","10,651","          2.02","11,303","10,252","          1.10","21,522","10,661","          2.02","11,291","10,231","          1.10","21,438","10,605","          2.02","11,253","10,185","          1.10","21,449","10,610","          2.02","11,251","10,198","          1.10","21,395","10,589","          2.02","11,233","10,162","          1.11","21,383","10,609","          2.02","11,215","10,168","          1.10","21,341","10,624","          2.01","11,198","10,143","          1.10"
"강원도 인제군 (4281000000)","31,720","15,975","          1.99","17,116","14,604","          1.17","31,665","15,976","          1.98","17,076","14,589","          1.17","31,521","15,913","          1.98","17,046","14,475","          1.18","31,508","15,937","          1.98","17,047","14,461","          1.18","31,633","16,012","          1.98","17,116","14,517","          1.18","31,835","16,147","          1.97","17,268","14,567","          1.19","31,947","16,233","          1.97","17,341","14,606","          1.19","32,034","16,262","          1.97","17,378","14,656","          1.19","32,033","16,261","          1.97","17,384","14,649","          1.19","32,090","16,277","          1.97","17,392","14,698","          1.18","32,138","16,324","          1.97","17,424","14,714","          1.18","32,165","16,380","          1.96","17,461","14,704","          1.19","32,236","16,405","          1.97","17,514","14,722","          1.19","32,192","16,416","          1.96","17,504","14,688","          1.19","32,216","16,440","          1.96","17,527","14,689","          1.19","32,198","16,479","          1.95","17,519","14,679","          1.19","32,173","16,485","          1.95","17,501","14,672","          1.19","32,177","16,494","          1.95","17,493","14,684","          1.19","32,198","16,531","          1.95","17,499","14,699","          1.19","32,213","16,566","          1.94","17,518","14,695","          1.19","32,183","16,569","          1.94","17,501","14,682","          1.19","32,135","16,555","          1.94","17,477","14,658","          1.19","32,152","16,562","          1.94","17,485","14,667","          1.19","32,206","16,631","          1.94","17,529","14,677","          1.19","32,206","16,654","          1.93","17,541","14,665","          1.20"
"강원도 고성군 (4282000000)","26,687","14,543","          1.84","13,762","12,925","          1.06","26,734","14,577","          1.83","13,771","12,963","          1.06","26,743","14,624","          1.83","13,770","12,973","          1.06","26,760","14,662","          1.83","13,762","12,998","          1.06","26,864","14,715","          1.83","13,814","13,050","          1.06","26,924","14,754","          1.82","13,848","13,076","          1.06","26,960","14,801","          1.82","13,859","13,101","          1.06","27,005","14,857","          1.82","13,899","13,106","          1.06","26,981","14,863","          1.82","13,881","13,100","          1.06","27,014","14,902","          1.81","13,895","13,119","          1.06","27,119","14,971","          1.81","13,950","13,169","          1.06","27,249","15,064","          1.81","14,019","13,230","          1.06","27,257","15,094","          1.81","14,047","13,210","          1.06","27,326","15,147","          1.80","14,091","13,235","          1.06","27,366","15,166","          1.80","14,111","13,255","          1.06","27,382","15,192","          1.80","14,123","13,259","          1.07","27,384","15,218","          1.80","14,116","13,268","          1.06","27,331","15,210","          1.80","14,098","13,233","          1.07","27,316","15,222","          1.79","14,084","13,232","          1.06","27,264","15,207","          1.79","14,036","13,228","          1.06","27,311","15,233","          1.79","14,071","13,240","          1.06","27,393","15,315","          1.79","14,121","13,272","          1.06","27,320","15,289","          1.79","14,090","13,230","          1.07","27,274","15,291","          1.78","14,060","13,214","          1.06","27,193","15,244","          1.78","13,994","13,199","          1.06"
"강원도 양양군 (4283000000)","27,946","14,550","          1.92","14,210","13,736","          1.03","27,980","14,571","          1.92","14,244","13,736","          1.04","27,956","14,573","          1.92","14,233","13,723","          1.04","27,932","14,568","          1.92","14,238","13,694","          1.04","28,006","14,613","          1.92","14,269","13,737","          1.04","28,035","14,657","          1.91","14,305","13,730","          1.04","28,110","14,706","          1.91","14,356","13,754","          1.04","28,086","14,734","          1.91","14,340","13,746","          1.04","28,062","14,755","          1.90","14,330","13,732","          1.04","28,026","14,781","          1.90","14,309","13,717","          1.04","27,977","14,765","          1.89","14,289","13,688","          1.04","27,913","14,759","          1.89","14,251","13,662","          1.04","27,866","14,763","          1.89","14,222","13,644","          1.04","27,864","14,790","          1.88","14,219","13,645","          1.04","27,901","14,841","          1.88","14,238","13,663","          1.04","27,917","14,854","          1.88","14,245","13,672","          1.04","27,883","14,869","          1.88","14,231","13,652","          1.04","27,899","14,899","          1.87","14,233","13,666","          1.04","27,856","14,898","          1.87","14,213","13,643","          1.04","27,908","14,941","          1.87","14,245","13,663","          1.04","27,885","14,914","          1.87","14,236","13,649","          1.04","27,859","14,903","          1.87","14,227","13,632","          1.04","27,863","14,914","          1.87","14,217","13,646","          1.04","27,866","14,948","          1.86","14,228","13,638","          1.04","27,811","14,936","          1.86","14,214","13,597","          1.05"
"충청북도  (4300000000)","1,599,658","746,441","          2.14","811,057","788,601","          1.03","1,599,122","747,979","          2.14","810,751","788,371","          1.03","1,595,714","747,313","          2.14","809,457","786,257","          1.03","1,596,303","748,975","          2.13","809,679","786,624","          1.03","1,596,955","750,635","          2.13","809,946","787,009","          1.03","1,597,503","752,237","          2.12","810,225","787,278","          1.03","1,597,501","753,893","          2.12","810,258","787,243","          1.03","1,597,179","755,059","          2.12","810,095","787,084","          1.03","1,596,765","756,520","          2.11","809,981","786,784","          1.03","1,596,948","757,980","          2.11","810,093","786,855","          1.03","1,597,019","759,106","          2.10","810,261","786,758","          1.03","1,597,427","760,672","          2.10","810,672","786,755","          1.03","1,597,097","761,737","          2.10","810,548","786,549","          1.03","1,597,022","763,610","          2.09","810,649","786,373","          1.03","1,597,484","766,005","          2.09","811,004","786,480","          1.03","1,597,284","767,041","          2.08","811,063","786,221","          1.03","1,597,033","768,171","          2.08","811,009","786,024","          1.03","1,597,118","769,180","          2.08","811,127","785,991","          1.03","1,597,163","770,205","          2.07","811,286","785,877","          1.03","1,596,886","771,190","          2.07","811,289","785,597","          1.03","1,595,624","770,996","          2.07","810,741","784,883","          1.03","1,595,578","771,479","          2.07","810,747","784,831","          1.03","1,595,284","771,562","          2.07","810,731","784,553","          1.03","1,595,058","771,848","          2.07","810,782","784,276","          1.03","1,594,459","772,155","          2.06","810,740","783,719","          1.03"
"충청북도 청주시 (4311000000)","845,710","377,306","          2.24","426,213","419,497","          1.02","846,204","378,518","          2.24","426,413","419,791","          1.02","845,025","378,681","          2.23","425,909","419,116","          1.02","845,534","379,553","          2.23","426,167","419,367","          1.02","846,291","380,651","          2.22","426,502","419,789","          1.02","847,392","381,928","          2.22","427,070","420,322","          1.02","847,642","383,130","          2.21","427,187","420,455","          1.02","847,965","383,974","          2.21","427,378","420,587","          1.02","848,711","385,294","          2.20","427,871","420,840","          1.02","848,878","385,986","          2.20","428,012","420,866","          1.02","849,024","386,601","          2.20","428,124","420,900","          1.02","848,482","387,016","          2.19","427,881","420,601","          1.02","848,797","387,653","          2.19","428,057","420,740","          1.02","849,029","388,842","          2.18","428,231","420,798","          1.02","848,875","389,667","          2.18","428,136","420,739","          1.02","848,795","390,277","          2.17","428,161","420,634","          1.02","848,727","390,956","          2.17","428,202","420,525","          1.02","849,003","391,641","          2.17","428,367","420,636","          1.02","849,083","392,190","          2.16","428,527","420,556","          1.02","849,290","392,944","          2.16","428,770","420,520","          1.02","849,100","393,108","          2.16","428,755","420,345","          1.02","849,207","393,328","          2.16","428,830","420,377","          1.02","849,388","393,441","          2.16","428,993","420,395","          1.02","849,573","393,697","          2.16","429,208","420,365","          1.02","849,741","394,037","          2.16","429,438","420,303","          1.02"
"충청북도 청주시 상당구 (4311100000)","191,363","81,879","          2.34","95,118","96,245","          0.99","193,027","82,830","          2.33","95,921","97,106","          0.99","193,300","83,044","          2.33","96,122","97,178","          0.99","193,472","83,228","          2.32","96,206","97,266","          0.99","193,673","83,394","          2.32","96,292","97,381","          0.99","193,737","83,616","          2.32","96,289","97,448","          0.99","193,640","83,741","          2.31","96,225","97,415","          0.99","193,628","83,858","          2.31","96,217","97,411","          0.99","193,680","84,084","          2.30","96,277","97,403","          0.99","193,772","84,261","          2.30","96,312","97,460","          0.99","194,013","84,461","          2.30","96,396","97,617","          0.99","193,827","84,548","          2.29","96,267","97,560","          0.99","194,105","84,726","          2.29","96,395","97,710","          0.99","194,558","85,064","          2.29","96,582","97,976","          0.99","194,484","85,208","          2.28","96,558","97,926","          0.99","194,292","85,257","          2.28","96,472","97,820","          0.99","194,117","85,287","          2.28","96,412","97,705","          0.99","194,043","85,421","          2.27","96,384","97,659","          0.99","194,168","85,614","          2.27","96,480","97,688","          0.99","194,267","85,859","          2.26","96,570","97,697","          0.99","195,041","86,354","          2.26","96,970","98,071","          0.99","195,507","86,678","          2.26","97,176","98,331","          0.99","195,650","86,780","          2.25","97,227","98,423","          0.99","196,425","87,184","          2.25","97,585","98,840","          0.99","197,181","87,576","          2.25","97,948","99,233","          0.99"
"충청북도 청주시 서원구 (4311200000)","194,154","87,442","          2.22","96,402","97,752","          0.99","193,371","87,354","          2.21","95,957","97,414","          0.99","192,804","87,299","          2.21","95,733","97,071","          0.99","193,334","87,722","          2.20","96,008","97,326","          0.99","193,630","88,082","          2.20","96,165","97,465","          0.99","193,472","88,212","          2.19","96,108","97,364","          0.99","193,127","88,350","          2.19","95,945","97,182","          0.99","193,176","88,577","          2.18","95,937","97,239","          0.99","193,192","88,854","          2.17","95,955","97,237","          0.99","192,953","88,852","          2.17","95,869","97,084","          0.99","192,748","88,934","          2.17","95,826","96,922","          0.99","192,899","89,194","          2.16","95,958","96,941","          0.99","192,993","89,391","          2.16","96,011","96,982","          0.99","193,031","89,754","          2.15","96,056","96,975","          0.99","192,916","89,905","          2.15","96,008","96,908","          0.99","192,817","90,026","          2.14","95,965","96,852","          0.99","192,674","90,182","          2.14","95,892","96,782","          0.99","192,503","90,227","          2.13","95,800","96,703","          0.99","192,235","90,283","          2.13","95,655","96,580","          0.99","192,171","90,462","          2.12","95,657","96,514","          0.99","191,803","90,327","          2.12","95,548","96,255","          0.99","191,661","90,321","          2.12","95,550","96,111","          0.99","191,622","90,254","          2.12","95,606","96,016","          1.00","191,273","90,101","          2.12","95,469","95,804","          1.00","190,948","89,992","          2.12","95,301","95,647","          1.00"
"충청북도 청주시 흥덕구 (4311300000)","266,196","120,592","          2.21","135,102","131,094","          1.03","266,080","120,847","          2.20","135,056","131,024","          1.03","265,571","120,847","          2.20","134,784","130,787","          1.03","265,263","120,869","          2.19","134,615","130,648","          1.03","265,316","121,161","          2.19","134,592","130,724","          1.03","266,518","121,915","          2.19","135,189","131,329","          1.03","267,095","122,547","          2.18","135,468","131,627","          1.03","267,280","122,832","          2.18","135,590","131,690","          1.03","267,592","123,290","          2.17","135,825","131,767","          1.03","267,811","123,572","          2.17","135,961","131,850","          1.03","267,725","123,659","          2.17","135,910","131,815","          1.03","267,429","123,699","          2.16","135,780","131,649","          1.03","267,504","123,915","          2.16","135,811","131,693","          1.03","267,343","124,192","          2.15","135,779","131,564","          1.03","267,299","124,483","          2.15","135,734","131,565","          1.03","267,294","124,607","          2.15","135,731","131,563","          1.03","267,488","124,933","          2.14","135,836","131,652","          1.03","268,176","125,446","          2.14","136,231","131,945","          1.03","268,431","125,667","          2.14","136,378","132,053","          1.03","268,614","125,927","          2.13","136,502","132,112","          1.03","268,260","125,817","          2.13","136,341","131,919","          1.03","268,073","125,687","          2.13","136,215","131,858","          1.03","268,080","125,656","          2.13","136,241","131,839","          1.03","268,051","125,730","          2.13","136,332","131,719","          1.04","268,001","125,773","          2.13","136,396","131,605","          1.04"
"충청북도 청주시 청원구 (4311400000)","193,997","87,393","          2.22","99,591","94,406","          1.05","193,726","87,487","          2.21","99,479","94,247","          1.06","193,350","87,491","          2.21","99,270","94,080","          1.06","193,465","87,734","          2.21","99,338","94,127","          1.06","193,672","88,014","          2.20","99,453","94,219","          1.06","193,665","88,185","          2.20","99,484","94,181","          1.06","193,780","88,492","          2.19","99,549","94,231","          1.06","193,881","88,707","          2.19","99,634","94,247","          1.06","194,247","89,066","          2.18","99,814","94,433","          1.06","194,342","89,301","          2.18","99,870","94,472","          1.06","194,538","89,547","          2.17","99,992","94,546","          1.06","194,327","89,575","          2.17","99,876","94,451","          1.06","194,195","89,621","          2.17","99,840","94,355","          1.06","194,097","89,832","          2.16","99,814","94,283","          1.06","194,176","90,071","          2.16","99,836","94,340","          1.06","194,392","90,387","          2.15","99,993","94,399","          1.06","194,448","90,554","          2.15","100,062","94,386","          1.06","194,281","90,547","          2.15","99,952","94,329","          1.06","194,249","90,626","          2.14","100,014","94,235","          1.06","194,238","90,696","          2.14","100,041","94,197","          1.06","193,996","90,610","          2.14","99,896","94,100","          1.06","193,966","90,642","          2.14","99,889","94,077","          1.06","194,036","90,751","          2.14","99,919","94,117","          1.06","193,824","90,682","          2.14","99,822","94,002","          1.06","193,611","90,696","          2.13","99,793","93,818","          1.06"
"충청북도 충주시 (4313000000)","210,139","98,174","          2.14","106,269","103,870","          1.02","210,058","98,404","          2.13","106,274","103,784","          1.02","209,443","98,161","          2.13","106,051","103,392","          1.03","209,434","98,290","          2.13","106,018","103,416","          1.03","209,483","98,440","          2.13","106,040","103,443","          1.03","209,638","98,661","          2.12","106,102","103,536","          1.02","209,602","98,832","          2.12","106,069","103,533","          1.02","209,546","99,025","          2.12","106,027","103,519","          1.02","209,438","99,202","          2.11","105,958","103,480","          1.02","209,499","99,477","          2.11","105,956","103,543","          1.02","209,484","99,606","          2.10","105,959","103,525","          1.02","209,358","99,651","          2.10","105,932","103,426","          1.02","209,368","99,725","          2.10","105,933","103,435","          1.02","209,159","99,870","          2.09","105,853","103,306","          1.02","208,946","100,080","          2.09","105,760","103,186","          1.02","208,865","100,187","          2.08","105,738","103,127","          1.03","208,744","100,320","          2.08","105,705","103,039","          1.03","208,728","100,409","          2.08","105,727","103,001","          1.03","208,725","100,529","          2.08","105,692","103,033","          1.03","208,604","100,654","          2.07","105,644","102,960","          1.03","208,487","100,746","          2.07","105,588","102,899","          1.03","208,415","100,776","          2.07","105,552","102,863","          1.03","208,346","100,813","          2.07","105,521","102,825","          1.03","208,277","100,843","          2.07","105,478","102,799","          1.03","208,149","100,961","          2.06","105,466","102,683","          1.03"
"충청북도 제천시 (4315000000)","132,759","63,923","          2.08","66,633","66,126","          1.01","132,506","63,894","          2.07","66,498","66,008","          1.01","132,542","64,182","          2.07","66,558","65,984","          1.01","132,643","64,427","          2.06","66,597","66,046","          1.01","132,659","64,622","          2.05","66,598","66,061","          1.01","132,313","64,432","          2.05","66,449","65,864","          1.01","132,269","64,459","          2.05","66,444","65,825","          1.01","132,090","64,461","          2.05","66,375","65,715","          1.01","131,879","64,497","          2.04","66,273","65,606","          1.01","131,902","64,581","          2.04","66,270","65,632","          1.01","131,810","64,590","          2.04","66,258","65,552","          1.01","131,591","64,540","          2.04","66,170","65,421","          1.01","131,407","64,493","          2.04","66,113","65,294","          1.01","131,498","64,781","          2.03","66,139","65,359","          1.01","132,416","65,754","          2.01","66,625","65,791","          1.01","132,243","65,739","          2.01","66,545","65,698","          1.01","132,131","65,758","          2.01","66,450","65,681","          1.01","131,969","65,732","          2.01","66,343","65,626","          1.01","131,816","65,747","          2.00","66,247","65,569","          1.01","131,693","65,782","          2.00","66,190","65,503","          1.01","131,356","65,578","          2.00","66,020","65,336","          1.01","131,360","65,647","          2.00","65,996","65,364","          1.01","131,216","65,542","          2.00","65,939","65,277","          1.01","130,988","65,436","          2.00","65,833","65,155","          1.01","130,628","65,274","          2.00","65,656","64,972","          1.01"
"충청북도 보은군 (4372000000)","32,364","16,999","          1.90","16,271","16,093","          1.01","32,371","17,033","          1.90","16,281","16,090","          1.01","32,206","16,927","          1.90","16,235","15,971","          1.02","32,211","16,945","          1.90","16,246","15,965","          1.02","32,180","16,960","          1.90","16,236","15,944","          1.02","32,096","16,943","          1.89","16,188","15,908","          1.02","32,062","16,961","          1.89","16,170","15,892","          1.02","32,004","16,966","          1.89","16,126","15,878","          1.02","31,893","16,951","          1.88","16,050","15,843","          1.01","31,863","16,968","          1.88","16,027","15,836","          1.01","31,862","16,993","          1.88","16,032","15,830","          1.01","31,878","17,039","          1.87","16,074","15,804","          1.02","31,871","17,056","          1.87","16,071","15,800","          1.02","31,812","17,045","          1.87","16,035","15,777","          1.02","31,800","17,055","          1.86","16,034","15,766","          1.02","31,792","17,078","          1.86","16,042","15,750","          1.02","31,807","17,077","          1.86","16,047","15,760","          1.02","31,798","17,079","          1.86","16,034","15,764","          1.02","31,770","17,082","          1.86","16,025","15,745","          1.02","31,714","17,066","          1.86","15,987","15,727","          1.02","31,587","16,963","          1.86","15,934","15,653","          1.02","31,524","16,957","          1.86","15,908","15,616","          1.02","31,491","16,983","          1.85","15,886","15,605","          1.02","31,455","16,959","          1.85","15,877","15,578","          1.02","31,453","16,954","          1.86","15,884","15,569","          1.02"
"충청북도 옥천군 (4373000000)","50,468","24,472","          2.06","25,447","25,021","          1.02","50,474","24,570","          2.05","25,431","25,043","          1.02","50,337","24,486","          2.06","25,378","24,959","          1.02","50,341","24,547","          2.05","25,378","24,963","          1.02","50,320","24,614","          2.04","25,358","24,962","          1.02","50,282","24,776","          2.03","25,348","24,934","          1.02","50,312","24,831","          2.03","25,350","24,962","          1.02","50,287","24,868","          2.02","25,333","24,954","          1.02","50,215","24,904","          2.02","25,283","24,932","          1.01","50,194","25,052","          2.00","25,274","24,920","          1.01","50,184","25,105","          2.00","25,287","24,897","          1.02","50,093","25,104","          2.00","25,242","24,851","          1.02","50,020","25,280","          1.98","25,208","24,812","          1.02","49,959","25,304","          1.97","25,177","24,782","          1.02","49,887","25,337","          1.97","25,159","24,728","          1.02","49,934","25,414","          1.96","25,182","24,752","          1.02","49,919","25,449","          1.96","25,183","24,736","          1.02","49,914","25,484","          1.96","25,187","24,727","          1.02","49,934","25,537","          1.96","25,213","24,721","          1.02","49,853","25,518","          1.95","25,154","24,699","          1.02","49,650","25,429","          1.95","25,046","24,604","          1.02","49,591","25,414","          1.95","25,002","24,589","          1.02","49,547","25,398","          1.95","24,980","24,567","          1.02","49,520","25,415","          1.95","24,974","24,546","          1.02","49,452","25,396","          1.95","24,948","24,504","          1.02"
"충청북도 영동군 (4374000000)","47,230","24,331","          1.94","23,487","23,743","          0.99","47,023","24,254","          1.94","23,396","23,627","          0.99","46,577","23,974","          1.94","23,207","23,370","          0.99","46,497","23,942","          1.94","23,178","23,319","          0.99","46,442","23,921","          1.94","23,171","23,271","          1.00","46,316","23,888","          1.94","23,096","23,220","          0.99","46,261","23,897","          1.94","23,068","23,193","          0.99","46,139","23,857","          1.93","23,006","23,133","          0.99","45,976","23,804","          1.93","22,912","23,064","          0.99","45,938","23,822","          1.93","22,879","23,059","          0.99","45,874","23,814","          1.93","22,861","23,013","          0.99","45,773","23,813","          1.92","22,810","22,963","          0.99","45,692","23,805","          1.92","22,764","22,928","          0.99","45,548","23,782","          1.92","22,686","22,862","          0.99","45,536","23,816","          1.91","22,682","22,854","          0.99","45,509","23,815","          1.91","22,686","22,823","          0.99","45,457","23,820","          1.91","22,657","22,800","          0.99","45,345","23,813","          1.90","22,615","22,730","          0.99","45,321","23,842","          1.90","22,618","22,703","          1.00","45,281","23,885","          1.90","22,603","22,678","          1.00","45,217","23,871","          1.89","22,573","22,644","          1.00","45,126","23,866","          1.89","22,541","22,585","          1.00","45,044","23,847","          1.89","22,517","22,527","          1.00","44,956","23,794","          1.89","22,486","22,470","          1.00","44,896","23,804","          1.89","22,485","22,411","          1.00"
"충청북도 증평군 (4374500000)","36,807","17,755","          2.07","19,125","17,682","          1.08","36,685","17,716","          2.07","19,080","17,605","          1.08","36,536","17,649","          2.07","19,011","17,525","          1.08","36,532","17,666","          2.07","19,023","17,509","          1.09","36,536","17,684","          2.07","19,025","17,511","          1.09","36,499","17,698","          2.06","19,019","17,480","          1.09","36,470","17,723","          2.06","19,031","17,439","          1.09","36,406","17,718","          2.05","18,984","17,422","          1.09","36,388","17,710","          2.05","18,973","17,415","          1.09","36,371","17,703","          2.05","18,957","17,414","          1.09","36,351","17,734","          2.05","18,947","17,404","          1.09","36,426","17,832","          2.04","18,993","17,433","          1.09","36,583","17,936","          2.04","19,081","17,502","          1.09","36,729","18,018","          2.04","19,139","17,590","          1.09","36,822","18,105","          2.03","19,192","17,630","          1.09","36,916","18,177","          2.03","19,222","17,694","          1.09","37,003","18,242","          2.03","19,240","17,763","          1.08","37,024","18,267","          2.03","19,237","17,787","          1.08","37,112","18,343","          2.02","19,292","17,820","          1.08","37,184","18,428","          2.02","19,338","17,846","          1.08","37,213","18,468","          2.01","19,333","17,880","          1.08","37,247","18,489","          2.01","19,351","17,896","          1.08","37,273","18,532","          2.01","19,389","17,884","          1.08","37,262","18,583","          2.01","19,387","17,875","          1.08","37,312","18,628","          2.00","19,410","17,902","          1.08"
"충청북도 진천군 (4375000000)","83,849","39,743","          2.11","43,937","39,912","          1.10","84,116","39,974","          2.10","44,050","40,066","          1.10","84,118","40,005","          2.10","44,101","40,017","          1.10","84,437","40,318","          2.09","44,228","40,209","          1.10","84,623","40,527","          2.09","44,376","40,247","          1.10","84,746","40,687","          2.08","44,459","40,287","          1.10","84,845","40,817","          2.08","44,526","40,319","          1.10","84,904","40,922","          2.07","44,558","40,346","          1.10","84,917","41,046","          2.07","44,559","40,358","          1.10","85,051","41,171","          2.07","44,628","40,423","          1.10","85,104","41,224","          2.06","44,663","40,441","          1.10","85,176","41,323","          2.06","44,715","40,461","          1.11","85,458","41,505","          2.06","44,861","40,597","          1.11","85,557","41,650","          2.05","44,946","40,611","          1.11","85,596","41,762","          2.05","45,006","40,590","          1.11","85,625","41,818","          2.05","45,059","40,566","          1.11","85,671","41,875","          2.05","45,112","40,559","          1.11","85,817","42,003","          2.04","45,233","40,584","          1.11","85,914","42,094","          2.04","45,290","40,624","          1.11","85,921","42,118","          2.04","45,309","40,612","          1.12","85,947","42,175","          2.04","45,341","40,606","          1.12","86,082","42,269","          2.04","45,422","40,660","          1.12","86,120","42,327","          2.03","45,439","40,681","          1.12","86,147","42,398","          2.03","45,488","40,659","          1.12","86,076","42,363","          2.03","45,453","40,623","          1.12"
"충청북도 괴산군 (4376000000)","38,338","21,601","          1.77","19,702","18,636","          1.06","38,009","21,457","          1.77","19,521","18,488","          1.06","37,688","21,257","          1.77","19,412","18,276","          1.06","37,567","21,251","          1.77","19,330","18,237","          1.06","37,442","21,184","          1.77","19,256","18,186","          1.06","37,337","21,159","          1.76","19,187","18,150","          1.06","37,229","21,130","          1.76","19,136","18,093","          1.06","37,101","21,086","          1.76","19,060","18,041","          1.06","36,880","20,980","          1.76","18,963","17,917","          1.06","36,843","20,992","          1.76","18,952","17,891","          1.06","36,887","21,051","          1.75","18,957","17,930","          1.06","38,122","21,851","          1.74","19,612","18,510","          1.06","37,525","21,526","          1.74","19,313","18,212","          1.06","37,405","21,464","          1.74","19,271","18,134","          1.06","37,323","21,439","          1.74","19,240","18,083","          1.06","37,301","21,431","          1.74","19,233","18,068","          1.06","37,323","21,461","          1.74","19,241","18,082","          1.06","37,262","21,442","          1.74","19,216","18,046","          1.06","37,163","21,399","          1.74","19,148","18,015","          1.06","37,110","21,377","          1.74","19,119","17,991","          1.06","37,005","21,304","          1.74","19,073","17,932","          1.06","37,031","21,333","          1.74","19,084","17,947","          1.06","37,018","21,324","          1.74","19,065","17,953","          1.06","37,055","21,347","          1.74","19,082","17,973","          1.06","36,961","21,309","          1.73","19,049","17,912","          1.06"
"충청북도 음성군 (4377000000)","92,945","46,835","          1.98","49,247","43,698","          1.13","92,733","46,889","          1.98","49,129","43,604","          1.13","92,407","46,767","          1.98","48,982","43,425","          1.13","92,349","46,825","          1.97","48,943","43,406","          1.13","92,213","46,805","          1.97","48,822","43,391","          1.13","92,232","46,893","          1.97","48,812","43,420","          1.12","92,231","46,994","          1.96","48,802","43,429","          1.12","92,224","47,074","          1.96","48,801","43,423","          1.12","92,027","47,052","          1.96","48,723","43,304","          1.13","92,004","47,145","          1.95","48,741","43,263","          1.13","92,086","47,319","          1.95","48,796","43,290","          1.13","92,197","47,431","          1.94","48,883","43,314","          1.13","92,113","47,660","          1.93","48,837","43,276","          1.13","92,171","47,774","          1.93","48,901","43,270","          1.13","92,155","47,888","          1.92","48,905","43,250","          1.13","92,175","47,980","          1.92","48,936","43,239","          1.13","92,186","48,080","          1.92","48,939","43,247","          1.13","92,240","48,187","          1.91","48,951","43,289","          1.13","92,311","48,299","          1.91","49,014","43,297","          1.13","92,277","48,299","          1.91","48,986","43,291","          1.13","92,199","48,269","          1.91","48,932","43,267","          1.13","92,133","48,301","          1.91","48,898","43,235","          1.13","92,035","48,270","          1.91","48,858","43,177","          1.13","92,058","48,292","          1.91","48,849","43,209","          1.13","92,018","48,340","          1.90","48,830","43,188","          1.13"
"충청북도 단양군 (4380000000)","29,049","15,302","          1.90","14,726","14,323","          1.03","28,943","15,270","          1.90","14,678","14,265","          1.03","28,835","15,224","          1.89","14,613","14,222","          1.03","28,758","15,211","          1.89","14,571","14,187","          1.03","28,766","15,227","          1.89","14,562","14,204","          1.03","28,652","15,172","          1.89","14,495","14,157","          1.02","28,578","15,119","          1.89","14,475","14,103","          1.03","28,513","15,108","          1.89","14,447","14,066","          1.03","28,441","15,080","          1.89","14,416","14,025","          1.03","28,405","15,083","          1.88","14,397","14,008","          1.03","28,353","15,069","          1.88","14,377","13,976","          1.03","28,331","15,072","          1.88","14,360","13,971","          1.03","28,263","15,098","          1.87","14,310","13,953","          1.03","28,155","15,080","          1.87","14,271","13,884","          1.03","28,128","15,102","          1.86","14,265","13,863","          1.03","28,129","15,125","          1.86","14,259","13,870","          1.03","28,065","15,133","          1.85","14,233","13,832","          1.03","28,018","15,123","          1.85","14,217","13,801","          1.03","28,014","15,143","          1.85","14,220","13,794","          1.03","27,959","15,119","          1.85","14,189","13,770","          1.03","27,863","15,085","          1.85","14,146","13,717","          1.03","27,862","15,099","          1.85","14,163","13,699","          1.03","27,806","15,085","          1.84","14,144","13,662","          1.04","27,767","15,084","          1.84","14,120","13,647","          1.03","27,773","15,089","          1.84","14,121","13,652","          1.03"
"충청남도  (4400000000)","2,119,837","984,768","          2.15","1,082,095","1,037,742","          1.04","2,119,542","987,100","          2.15","1,082,026","1,037,516","          1.04","2,115,823","985,844","          2.15","1,080,841","1,034,982","          1.04","2,116,452","987,866","          2.14","1,081,275","1,035,177","          1.04","2,117,260","989,963","          2.14","1,081,854","1,035,406","          1.04","2,117,400","991,636","          2.14","1,082,113","1,035,287","          1.05","2,118,205","993,794","          2.13","1,082,654","1,035,551","          1.05","2,118,183","995,603","          2.13","1,082,664","1,035,519","          1.05","2,118,098","997,516","          2.12","1,082,596","1,035,502","          1.05","2,118,977","999,286","          2.12","1,083,133","1,035,844","          1.05","2,119,529","1,000,660","          2.12","1,083,419","1,036,110","          1.05","2,119,257","1,001,915","          2.12","1,083,366","1,035,891","          1.05","2,118,638","1,003,132","          2.11","1,083,242","1,035,396","          1.05","2,118,912","1,005,290","          2.11","1,083,507","1,035,405","          1.05","2,119,099","1,007,776","          2.10","1,083,753","1,035,346","          1.05","2,119,296","1,009,254","          2.10","1,083,970","1,035,326","          1.05","2,119,661","1,010,866","          2.10","1,084,296","1,035,365","          1.05","2,120,201","1,012,446","          2.09","1,084,712","1,035,489","          1.05","2,121,011","1,013,955","          2.09","1,085,037","1,035,974","          1.05","2,121,082","1,015,515","          2.09","1,085,209","1,035,873","          1.05","2,120,269","1,015,797","          2.09","1,084,756","1,035,513","          1.05","2,121,333","1,017,146","          2.09","1,085,425","1,035,908","          1.05","2,122,357","1,018,101","          2.08","1,086,076","1,036,281","          1.05","2,123,037","1,019,093","          2.08","1,086,632","1,036,405","          1.05","2,122,913","1,020,071","          2.08","1,086,686","1,036,227","          1.05"
"충청남도 천안시 (4413000000)","658,488","291,922","          2.26","336,108","322,380","          1.04","658,295","292,659","          2.25","336,095","322,200","          1.04","657,549","292,737","          2.25","335,763","321,786","          1.04","657,410","293,164","          2.24","335,775","321,635","          1.04","657,775","293,853","          2.24","335,990","321,785","          1.04","657,503","294,286","          2.23","335,917","321,586","          1.04","657,584","294,912","          2.23","335,996","321,588","          1.04","657,250","295,463","          2.22","335,811","321,439","          1.04","657,703","296,410","          2.22","336,088","321,615","          1.05","658,107","297,013","          2.22","336,326","321,781","          1.05","658,465","297,580","          2.21","336,545","321,920","          1.05","658,486","297,987","          2.21","336,612","321,874","          1.05","658,150","298,394","          2.21","336,552","321,598","          1.05","656,925","298,808","          2.20","335,951","320,974","          1.05","656,702","299,485","          2.19","335,893","320,809","          1.05","657,080","300,195","          2.19","336,080","321,000","          1.05","657,241","300,798","          2.18","336,249","320,992","          1.05","657,214","301,238","          2.18","336,296","320,918","          1.05","657,418","301,765","          2.18","336,389","321,029","          1.05","657,612","302,517","          2.17","336,524","321,088","          1.05","657,210","302,490","          2.17","336,312","320,898","          1.05","657,701","302,877","          2.17","336,644","321,057","          1.05","657,821","302,802","          2.17","336,790","321,031","          1.05","657,559","302,893","          2.17","336,716","320,843","          1.05","656,955","303,038","          2.17","336,403","320,552","          1.05"
"충청남도 천안시 동남구 (4413100000)","257,683","115,683","          2.23","130,546","127,137","          1.03","257,397","115,898","          2.22","130,449","126,948","          1.03","256,931","115,836","          2.22","130,221","126,710","          1.03","256,797","115,941","          2.21","130,157","126,640","          1.03","256,482","115,967","          2.21","130,028","126,454","          1.03","256,047","115,999","          2.21","129,806","126,241","          1.03","255,891","116,147","          2.20","129,756","126,135","          1.03","255,532","116,278","          2.20","129,501","126,031","          1.03","255,494","116,566","          2.19","129,472","126,022","          1.03","255,504","116,752","          2.19","129,471","126,033","          1.03","255,471","116,915","          2.19","129,473","125,998","          1.03","255,292","116,963","          2.18","129,399","125,893","          1.03","255,273","117,111","          2.18","129,441","125,832","          1.03","255,083","117,346","          2.17","129,350","125,733","          1.03","254,934","117,555","          2.17","129,307","125,627","          1.03","254,867","117,771","          2.16","129,273","125,594","          1.03","255,332","118,181","          2.16","129,518","125,814","          1.03","255,635","118,507","          2.16","129,670","125,965","          1.03","255,838","118,728","          2.15","129,785","126,053","          1.03","255,997","119,105","          2.15","129,883","126,114","          1.03","255,655","118,976","          2.15","129,659","125,996","          1.03","255,724","119,111","          2.15","129,699","126,025","          1.03","255,640","119,035","          2.15","129,687","125,953","          1.03","255,647","119,122","          2.15","129,680","125,967","          1.03","255,892","119,369","          2.14","129,748","126,144","          1.03"
"충청남도 천안시 서북구 (4413300000)","400,805","176,239","          2.27","205,562","195,243","          1.05","400,898","176,761","          2.27","205,646","195,252","          1.05","400,618","176,901","          2.26","205,542","195,076","          1.05","400,613","177,223","          2.26","205,618","194,995","          1.05","401,293","177,886","          2.26","205,962","195,331","          1.05","401,456","178,287","          2.25","206,111","195,345","          1.06","401,693","178,765","          2.25","206,240","195,453","          1.06","401,718","179,185","          2.24","206,310","195,408","          1.06","402,209","179,844","          2.24","206,616","195,593","          1.06","402,603","180,261","          2.23","206,855","195,748","          1.06","402,994","180,665","          2.23","207,072","195,922","          1.06","403,194","181,024","          2.23","207,213","195,981","          1.06","402,877","181,283","          2.22","207,111","195,766","          1.06","401,842","181,462","          2.21","206,601","195,241","          1.06","401,768","181,930","          2.21","206,586","195,182","          1.06","402,213","182,424","          2.20","206,807","195,406","          1.06","401,909","182,617","          2.20","206,731","195,178","          1.06","401,579","182,731","          2.20","206,626","194,953","          1.06","401,580","183,037","          2.19","206,604","194,976","          1.06","401,615","183,412","          2.19","206,641","194,974","          1.06","401,555","183,514","          2.19","206,653","194,902","          1.06","401,977","183,766","          2.19","206,945","195,032","          1.06","402,181","183,767","          2.19","207,103","195,078","          1.06","401,912","183,771","          2.19","207,036","194,876","          1.06","401,063","183,669","          2.18","206,655","194,408","          1.06"
"충청남도 공주시 (4415000000)","104,442","51,039","          2.05","52,273","52,169","          1.00","104,319","51,112","          2.04","52,177","52,142","          1.00","103,839","50,877","          2.04","51,972","51,867","          1.00","103,782","50,946","          2.04","51,925","51,857","          1.00","103,752","51,066","          2.03","51,924","51,828","          1.00","103,640","51,112","          2.03","51,835","51,805","          1.00","103,572","51,189","          2.02","51,769","51,803","          1.00","103,386","51,268","          2.02","51,672","51,714","          1.00","103,329","51,353","          2.01","51,631","51,698","          1.00","103,321","51,442","          2.01","51,613","51,708","          1.00","103,301","51,569","          2.00","51,580","51,721","          1.00","103,145","51,580","          2.00","51,459","51,686","          1.00","103,021","51,594","          2.00","51,423","51,598","          1.00","102,960","51,684","          1.99","51,419","51,541","          1.00","103,214","52,111","          1.98","51,566","51,648","          1.00","103,174","52,156","          1.98","51,521","51,653","          1.00","103,090","52,182","          1.98","51,489","51,601","          1.00","102,997","52,252","          1.97","51,451","51,546","          1.00","102,922","52,340","          1.97","51,398","51,524","          1.00","102,917","52,428","          1.96","51,379","51,538","          1.00","102,848","52,454","          1.96","51,342","51,506","          1.00","102,768","52,464","          1.96","51,294","51,474","          1.00","102,651","52,413","          1.96","51,258","51,393","          1.00","102,571","52,394","          1.96","51,231","51,340","          1.00","102,460","52,335","          1.96","51,208","51,252","          1.00"
"충청남도 보령시 (4418000000)","99,964","49,391","          2.02","50,657","49,307","          1.03","99,673","49,429","          2.02","50,499","49,174","          1.03","99,234","49,204","          2.02","50,329","48,905","          1.03","99,137","49,199","          2.02","50,271","48,866","          1.03","99,048","49,230","          2.01","50,257","48,791","          1.03","98,993","49,270","          2.01","50,235","48,758","          1.03","98,922","49,319","          2.01","50,211","48,711","          1.03","98,726","49,297","          2.00","50,108","48,618","          1.03","98,620","49,331","          2.00","50,024","48,596","          1.03","98,535","49,364","          2.00","49,996","48,539","          1.03","98,438","49,345","          1.99","49,941","48,497","          1.03","98,408","49,419","          1.99","49,933","48,475","          1.03","98,142","49,390","          1.99","49,781","48,361","          1.03","97,967","49,421","          1.98","49,672","48,295","          1.03","97,959","49,528","          1.98","49,663","48,296","          1.03","97,932","49,586","          1.97","49,644","48,288","          1.03","97,842","49,635","          1.97","49,603","48,239","          1.03","97,779","49,686","          1.97","49,557","48,222","          1.03","97,704","49,686","          1.97","49,512","48,192","          1.03","97,532","49,683","          1.96","49,454","48,078","          1.03","97,402","49,628","          1.96","49,378","48,024","          1.03","97,268","49,632","          1.96","49,291","47,977","          1.03","97,188","49,668","          1.96","49,231","47,957","          1.03","97,157","49,694","          1.96","49,237","47,920","          1.03","96,999","49,710","          1.95","49,154","47,845","          1.03"
"충청남도 아산시 (4420000000)","316,740","140,087","          2.26","164,424","152,316","          1.08","317,626","140,829","          2.26","164,838","152,788","          1.08","317,933","141,013","          2.25","165,144","152,789","          1.08","318,699","141,644","          2.25","165,503","153,196","          1.08","319,225","142,167","          2.25","165,823","153,402","          1.08","320,340","142,927","          2.24","166,425","153,915","          1.08","321,170","143,617","          2.24","166,942","154,228","          1.08","322,158","144,293","          2.23","167,478","154,680","          1.08","322,893","144,786","          2.23","167,891","155,002","          1.08","323,789","145,338","          2.23","168,355","155,434","          1.08","324,552","145,756","          2.23","168,792","155,760","          1.08","324,580","145,869","          2.23","168,881","155,699","          1.08","325,412","146,473","          2.22","169,380","156,032","          1.09","327,717","147,704","          2.22","170,587","157,130","          1.09","328,576","148,330","          2.22","171,025","157,551","          1.09","329,043","148,703","          2.21","171,323","157,720","          1.09","329,684","149,080","          2.21","171,704","157,980","          1.09","330,516","149,551","          2.21","172,160","158,356","          1.09","331,190","149,965","          2.21","172,507","158,683","          1.09","331,806","150,342","          2.21","172,844","158,962","          1.09","332,361","150,761","          2.20","173,123","159,238","          1.09","332,790","151,202","          2.20","173,385","159,405","          1.09","333,602","151,761","          2.20","173,842","159,760","          1.09","334,539","152,249","          2.20","174,333","160,206","          1.09","336,098","153,014","          2.20","175,146","160,952","          1.09"
"충청남도 서산시 (4421000000)","175,543","79,283","          2.21","91,399","84,144","          1.09","175,623","79,554","          2.21","91,471","84,152","          1.09","175,650","79,745","          2.20","91,548","84,102","          1.09","175,817","79,984","          2.20","91,664","84,153","          1.09","176,031","80,212","          2.19","91,809","84,222","          1.09","176,090","80,421","          2.19","91,855","84,235","          1.09","176,205","80,623","          2.19","91,883","84,322","          1.09","176,360","80,839","          2.18","92,005","84,355","          1.09","176,491","81,029","          2.18","92,022","84,469","          1.09","176,595","81,158","          2.18","92,067","84,528","          1.09","176,610","81,294","          2.17","92,088","84,522","          1.09","176,645","81,407","          2.17","92,122","84,523","          1.09","176,630","81,542","          2.17","92,088","84,542","          1.09","176,559","81,664","          2.16","92,057","84,502","          1.09","176,452","81,737","          2.16","91,992","84,460","          1.09","176,435","81,801","          2.16","92,011","84,424","          1.09","176,407","81,921","          2.15","92,003","84,404","          1.09","176,416","82,011","          2.15","92,007","84,409","          1.09","176,477","82,104","          2.15","92,012","84,465","          1.09","176,512","82,281","          2.15","92,059","84,453","          1.09","176,291","82,193","          2.14","91,955","84,336","          1.09","176,312","82,278","          2.14","91,940","84,372","          1.09","176,440","82,386","          2.14","92,003","84,437","          1.09","176,413","82,433","          2.14","92,011","84,402","          1.09","176,341","82,548","          2.14","91,977","84,364","          1.09"
"충청남도 논산시 (4423000000)","116,587","57,969","          2.01","58,277","58,310","          1.00","116,315","57,989","          2.01","58,131","58,184","          1.00","115,573","57,510","          2.01","57,835","57,738","          1.00","115,520","57,604","          2.01","57,810","57,710","          1.00","115,431","57,702","          2.00","57,742","57,689","          1.00","115,305","57,753","          2.00","57,674","57,631","          1.00","115,239","57,819","          1.99","57,624","57,615","          1.00","115,155","57,881","          1.99","57,567","57,588","          1.00","114,942","57,957","          1.98","57,426","57,516","          1.00","114,769","57,990","          1.98","57,304","57,465","          1.00","114,662","58,030","          1.98","57,269","57,393","          1.00","114,483","58,048","          1.97","57,147","57,336","          1.00","114,430","58,126","          1.97","57,108","57,322","          1.00","114,340","58,205","          1.96","57,064","57,276","          1.00","114,043","58,244","          1.96","56,929","57,114","          1.00","113,871","58,272","          1.95","56,839","57,032","          1.00","113,659","58,265","          1.95","56,722","56,937","          1.00","113,552","58,276","          1.95","56,684","56,868","          1.00","113,473","58,264","          1.95","56,637","56,836","          1.00","113,323","58,266","          1.94","56,572","56,751","          1.00","113,018","58,148","          1.94","56,397","56,621","          1.00","112,939","58,157","          1.94","56,356","56,583","          1.00","112,842","58,162","          1.94","56,321","56,521","          1.00","112,617","58,137","          1.94","56,237","56,380","          1.00","112,399","58,109","          1.93","56,136","56,263","          1.00"
"충청남도 계룡시 (4425000000)","42,809","16,550","          2.59","21,332","21,477","          0.99","43,128","16,719","          2.58","21,495","21,633","          0.99","43,182","16,743","          2.58","21,516","21,666","          0.99","43,235","16,775","          2.58","21,539","21,696","          0.99","43,242","16,826","          2.57","21,542","21,700","          0.99","43,168","16,826","          2.57","21,504","21,664","          0.99","43,209","16,898","          2.56","21,529","21,680","          0.99","43,279","16,941","          2.55","21,544","21,735","          0.99","43,191","16,932","          2.55","21,492","21,699","          0.99","43,093","16,915","          2.55","21,469","21,624","          0.99","43,105","16,939","          2.54","21,465","21,640","          0.99","43,331","17,152","          2.53","21,563","21,768","          0.99","43,338","17,221","          2.52","21,593","21,745","          0.99","43,473","17,298","          2.51","21,681","21,792","          0.99","43,419","17,345","          2.50","21,666","21,753","          1.00","43,475","17,396","          2.50","21,710","21,765","          1.00","43,509","17,422","          2.50","21,720","21,789","          1.00","43,547","17,452","          2.50","21,717","21,830","          0.99","43,499","17,462","          2.49","21,678","21,821","          0.99","43,397","17,488","          2.48","21,650","21,747","          1.00","43,843","17,718","          2.47","21,861","21,982","          0.99","44,155","17,871","          2.47","22,018","22,137","          0.99","44,328","17,956","          2.47","22,081","22,247","          0.99","44,475","18,051","          2.46","22,166","22,309","          0.99","44,425","18,062","          2.46","22,147","22,278","          0.99"
"충청남도 당진시 (4427000000)","166,189","77,789","          2.14","88,211","77,978","          1.13","166,218","78,002","          2.13","88,241","77,977","          1.13","166,186","77,982","          2.13","88,279","77,907","          1.13","166,333","78,209","          2.13","88,408","77,925","          1.13","166,491","78,399","          2.12","88,477","78,014","          1.13","166,754","78,673","          2.12","88,637","78,117","          1.13","166,937","78,846","          2.12","88,753","78,184","          1.14","166,805","78,951","          2.11","88,687","78,118","          1.14","166,714","79,070","          2.11","88,678","78,036","          1.14","166,802","79,244","          2.10","88,773","78,029","          1.14","166,989","79,388","          2.10","88,885","78,104","          1.14","167,092","79,526","          2.10","88,952","78,140","          1.14","167,050","79,582","          2.10","88,930","78,120","          1.14","166,894","79,627","          2.10","88,875","78,019","          1.14","166,971","79,779","          2.09","88,907","78,064","          1.14","166,893","79,859","          2.09","88,877","78,016","          1.14","166,928","79,987","          2.09","88,873","78,055","          1.14","167,092","80,222","          2.08","88,951","78,141","          1.14","167,397","80,524","          2.08","89,056","78,341","          1.14","167,479","80,670","          2.08","89,117","78,362","          1.14","167,553","80,738","          2.08","89,183","78,370","          1.14","167,755","80,871","          2.07","89,316","78,439","          1.14","167,955","80,998","          2.07","89,443","78,512","          1.14","168,253","81,199","          2.07","89,606","78,647","          1.14","168,377","81,335","          2.07","89,682","78,695","          1.14"
"충청남도 금산군 (4471000000)","51,262","25,908","          1.98","25,821","25,441","          1.01","51,227","25,932","          1.98","25,815","25,412","          1.02","50,953","25,739","          1.98","25,692","25,261","          1.02","50,950","25,781","          1.98","25,699","25,251","          1.02","50,932","25,797","          1.97","25,687","25,245","          1.02","50,890","25,799","          1.97","25,662","25,228","          1.02","50,826","25,832","          1.97","25,651","25,175","          1.02","50,783","25,876","          1.96","25,632","25,151","          1.02","50,629","25,859","          1.96","25,563","25,066","          1.02","50,597","25,882","          1.95","25,545","25,052","          1.02","50,562","25,887","          1.95","25,522","25,040","          1.02","50,477","25,893","          1.95","25,466","25,011","          1.02","50,335","25,874","          1.95","25,383","24,952","          1.02","50,351","25,878","          1.95","25,412","24,939","          1.02","50,290","25,910","          1.94","25,381","24,909","          1.02","50,277","25,938","          1.94","25,377","24,900","          1.02","50,245","25,971","          1.93","25,357","24,888","          1.02","50,211","26,028","          1.93","25,356","24,855","          1.02","50,224","26,073","          1.93","25,364","24,860","          1.02","50,176","26,107","          1.92","25,339","24,837","          1.02","50,111","26,119","          1.92","25,320","24,791","          1.02","50,088","26,126","          1.92","25,315","24,773","          1.02","50,092","26,164","          1.91","25,320","24,772","          1.02","50,092","26,180","          1.91","25,315","24,777","          1.02","50,062","26,193","          1.91","25,295","24,767","          1.02"
"충청남도 부여군 (4476000000)","65,202","33,545","          1.94","32,285","32,917","          0.98","65,039","33,558","          1.94","32,214","32,825","          0.98","64,626","33,279","          1.94","32,077","32,549","          0.99","64,527","33,300","          1.94","32,029","32,498","          0.99","64,426","33,308","          1.93","31,987","32,439","          0.99","64,361","33,325","          1.93","31,965","32,396","          0.99","64,336","33,330","          1.93","31,985","32,351","          0.99","64,220","33,319","          1.93","31,913","32,307","          0.99","64,036","33,264","          1.93","31,820","32,216","          0.99","63,923","33,255","          1.92","31,754","32,169","          0.99","63,891","33,260","          1.92","31,698","32,193","          0.98","63,774","33,257","          1.92","31,634","32,140","          0.98","63,599","33,216","          1.91","31,547","32,052","          0.98","63,488","33,217","          1.91","31,503","31,985","          0.98","63,324","33,185","          1.91","31,454","31,870","          0.99","63,260","33,186","          1.91","31,425","31,835","          0.99","63,171","33,213","          1.90","31,364","31,807","          0.99","63,129","33,235","          1.90","31,353","31,776","          0.99","63,047","33,219","          1.90","31,312","31,735","          0.99","62,894","33,174","          1.90","31,222","31,672","          0.99","62,642","33,060","          1.89","31,105","31,537","          0.99","62,523","33,037","          1.89","31,046","31,477","          0.99","62,435","32,988","          1.89","31,011","31,424","          0.99","62,343","32,945","          1.89","30,970","31,373","          0.99","62,178","32,905","          1.89","30,914","31,264","          0.99"
"충청남도 서천군 (4477000000)","51,742","26,781","          1.93","25,548","26,194","          0.98","51,657","26,789","          1.93","25,507","26,150","          0.98","51,361","26,634","          1.93","25,385","25,976","          0.98","51,289","26,633","          1.93","25,323","25,966","          0.98","51,274","26,700","          1.92","25,321","25,953","          0.98","51,153","26,662","          1.92","25,270","25,883","          0.98","51,072","26,663","          1.92","25,223","25,849","          0.98","51,036","26,665","          1.91","25,203","25,833","          0.98","50,968","26,668","          1.91","25,168","25,800","          0.98","50,884","26,676","          1.91","25,136","25,748","          0.98","50,798","26,629","          1.91","25,078","25,720","          0.98","50,745","26,646","          1.90","25,081","25,664","          0.98","50,703","26,649","          1.90","25,057","25,646","          0.98","50,644","26,659","          1.90","25,004","25,640","          0.98","50,597","26,707","          1.89","24,973","25,624","          0.97","50,503","26,700","          1.89","24,916","25,587","          0.97","50,439","26,711","          1.89","24,884","25,555","          0.97","50,411","26,741","          1.89","24,891","25,520","          0.98","50,373","26,735","          1.88","24,892","25,481","          0.98","50,296","26,724","          1.88","24,857","25,439","          0.98","50,139","26,660","          1.88","24,771","25,368","          0.98","50,057","26,664","          1.88","24,739","25,318","          0.98","50,009","26,662","          1.88","24,720","25,289","          0.98","49,964","26,666","          1.87","24,709","25,255","          0.98","49,929","26,675","          1.87","24,693","25,236","          0.98"
"충청남도 청양군 (4479000000)","30,840","16,339","          1.89","15,632","15,208","          1.03","30,750","16,319","          1.88","15,572","15,178","          1.03","30,625","16,272","          1.88","15,544","15,081","          1.03","30,658","16,332","          1.88","15,569","15,089","          1.03","30,590","16,324","          1.87","15,533","15,057","          1.03","30,548","16,315","          1.87","15,510","15,038","          1.03","30,493","16,315","          1.87","15,488","15,005","          1.03","30,429","16,323","          1.86","15,475","14,954","          1.03","30,359","16,312","          1.86","15,434","14,925","          1.03","30,399","16,359","          1.86","15,450","14,949","          1.03","30,390","16,372","          1.86","15,430","14,960","          1.03","30,440","16,426","          1.85","15,472","14,968","          1.03","30,396","16,420","          1.85","15,444","14,952","          1.03","30,390","16,449","          1.85","15,444","14,946","          1.03","30,547","16,626","          1.84","15,553","14,994","          1.04","30,532","16,634","          1.84","15,537","14,995","          1.04","30,507","16,623","          1.84","15,517","14,990","          1.04","30,442","16,605","          1.83","15,489","14,953","          1.04","30,392","16,564","          1.83","15,458","14,934","          1.04","30,335","16,535","          1.83","15,429","14,906","          1.04","30,245","16,506","          1.83","15,382","14,863","          1.03","30,278","16,540","          1.83","15,401","14,877","          1.04","30,270","16,550","          1.83","15,398","14,872","          1.04","30,266","16,567","          1.83","15,421","14,845","          1.04","30,163","16,524","          1.83","15,363","14,800","          1.04"
"충청남도 홍성군 (4480000000)","99,850","46,591","          2.14","49,659","50,191","          0.99","99,753","46,610","          2.14","49,639","50,114","          0.99","99,756","46,674","          2.14","49,649","50,107","          0.99","99,755","46,706","          2.14","49,627","50,128","          0.99","99,757","46,754","          2.13","49,634","50,123","          0.99","99,440","46,534","          2.14","49,522","49,918","          0.99","99,425","46,572","          2.13","49,522","49,903","          0.99","99,465","46,610","          2.13","49,537","49,928","          0.99","99,399","46,648","          2.13","49,496","49,903","          0.99","99,407","46,699","          2.13","49,522","49,885","          0.99","99,336","46,716","          2.13","49,466","49,870","          0.99","99,324","46,746","          2.12","49,437","49,887","          0.99","99,267","46,743","          2.12","49,426","49,841","          0.99","99,264","46,793","          2.12","49,399","49,865","          0.99","99,125","46,800","          2.12","49,372","49,753","          0.99","99,025","46,818","          2.12","49,355","49,670","          0.99","98,833","46,833","          2.11","49,260","49,573","          0.99","98,767","46,863","          2.11","49,248","49,519","          0.99","98,705","46,864","          2.11","49,214","49,491","          0.99","98,597","46,865","          2.10","49,149","49,448","          0.99","98,337","46,786","          2.10","49,013","49,324","          0.99","98,099","46,727","          2.10","48,896","49,203","          0.99","98,053","46,786","          2.10","48,848","49,205","          0.99","98,068","46,871","          2.09","48,835","49,233","          0.99","97,905","46,837","          2.09","48,763","49,142","          0.99"
"충청남도 예산군 (4481000000)","78,129","39,097","          2.00","39,195","38,934","          1.01","78,048","39,127","          1.99","39,184","38,864","          1.01","77,585","38,899","          1.99","39,006","38,579","          1.01","77,538","38,957","          1.99","39,005","38,533","          1.01","77,468","38,950","          1.99","38,979","38,489","          1.01","77,348","38,959","          1.99","38,925","38,423","          1.01","77,284","39,007","          1.98","38,882","38,402","          1.01","77,241","39,015","          1.98","38,840","38,401","          1.01","77,016","38,985","          1.98","38,709","38,307","          1.01","76,974","39,004","          1.97","38,671","38,303","          1.01","76,830","39,007","          1.97","38,602","38,228","          1.01","76,801","39,051","          1.97","38,574","38,227","          1.01","76,703","38,995","          1.97","38,528","38,175","          1.01","76,540","38,983","          1.96","38,455","38,085","          1.01","76,443","39,002","          1.96","38,390","38,053","          1.01","76,385","38,992","          1.96","38,390","37,995","          1.01","76,619","39,120","          1.96","38,496","38,123","          1.01","76,647","39,149","          1.96","38,493","38,154","          1.01","76,643","39,183","          1.96","38,507","38,136","          1.01","76,651","39,212","          1.95","38,517","38,134","          1.01","76,808","39,326","          1.95","38,561","38,247","          1.01","77,206","39,524","          1.95","38,748","38,458","          1.01","77,329","39,597","          1.95","38,809","38,520","          1.01","77,385","39,605","          1.95","38,848","38,537","          1.01","77,462","39,646","          1.95","38,911","38,551","          1.01"
"충청남도 태안군 (4482500000)","62,050","32,477","          1.91","31,274","30,776","          1.02","61,871","32,472","          1.91","31,148","30,723","          1.01","61,771","32,536","          1.90","31,102","30,669","          1.01","61,802","32,632","          1.89","31,128","30,674","          1.01","61,818","32,675","          1.89","31,149","30,669","          1.02","61,867","32,774","          1.89","31,177","30,690","          1.02","61,931","32,852","          1.89","31,196","30,735","          1.01","61,890","32,862","          1.88","31,192","30,698","          1.02","61,808","32,912","          1.88","31,154","30,654","          1.02","61,782","32,947","          1.88","31,152","30,630","          1.02","61,600","32,888","          1.87","31,058","30,542","          1.02","61,526","32,908","          1.87","31,033","30,493","          1.02","61,462","32,913","          1.87","31,002","30,460","          1.02","61,400","32,900","          1.87","30,984","30,416","          1.02","61,437","32,987","          1.86","30,989","30,448","          1.02","61,411","33,018","          1.86","30,965","30,446","          1.02","61,487","33,105","          1.86","31,055","30,432","          1.02","61,481","33,137","          1.86","31,059","30,422","          1.02","61,547","33,207","          1.85","31,101","30,446","          1.02","61,555","33,223","          1.85","31,097","30,458","          1.02","61,461","33,210","          1.85","31,053","30,408","          1.02","61,394","33,176","          1.85","31,036","30,358","          1.02","61,342","33,208","          1.85","31,001","30,341","          1.02","61,335","33,209","          1.85","30,997","30,338","          1.02","61,160","33,140","          1.85","30,894","30,266","          1.02"
"전라북도  (4500000000)","1,802,748","838,242","          2.15","896,115","906,633","          0.99","1,801,319","840,063","          2.14","895,485","905,834","          0.99","1,797,450","839,942","          2.14","893,974","903,476","          0.99","1,796,331","841,378","          2.13","893,415","902,916","          0.99","1,794,682","841,543","          2.13","892,833","901,849","          0.99","1,794,345","842,662","          2.13","892,670","901,675","          0.99","1,793,902","843,708","          2.13","892,487","901,415","          0.99","1,792,476","844,645","          2.12","891,776","900,700","          0.99","1,791,110","846,204","          2.12","891,073","900,037","          0.99","1,789,770","847,406","          2.11","890,378","899,392","          0.99","1,788,616","848,380","          2.11","889,824","898,792","          0.99","1,786,855","849,001","          2.10","888,994","897,861","          0.99","1,785,392","849,366","          2.10","888,291","897,101","          0.99","1,783,923","850,567","          2.10","887,611","896,312","          0.99","1,782,205","851,558","          2.09","886,928","895,277","          0.99","1,780,824","852,086","          2.09","886,274","894,550","          0.99","1,779,230","852,829","          2.09","885,475","893,755","          0.99","1,778,279","853,717","          2.08","884,908","893,371","          0.99","1,776,949","854,552","          2.08","884,164","892,785","          0.99","1,775,664","855,440","          2.08","883,436","892,228","          0.99","1,772,596","854,565","          2.07","882,044","890,552","          0.99","1,771,776","855,270","          2.07","881,608","890,168","          0.99","1,770,839","855,573","          2.07","881,151","889,688","          0.99","1,769,607","855,849","          2.07","880,592","889,015","          0.99","1,768,229","856,232","          2.07","879,922","888,307","          0.99"
"전라북도 전주시 (4511000000)","657,661","285,227","          2.31","323,623","334,038","          0.97","657,998","286,437","          2.30","323,761","334,237","          0.97","657,064","286,652","          2.29","323,432","333,632","          0.97","656,755","287,245","          2.29","323,164","333,591","          0.97","656,934","287,988","          2.28","323,271","333,663","          0.97","657,428","288,795","          2.28","323,491","333,937","          0.97","657,664","289,324","          2.27","323,585","334,079","          0.97","657,577","289,966","          2.27","323,515","334,062","          0.97","658,235","291,388","          2.26","323,927","334,308","          0.97","658,216","292,396","          2.25","323,872","334,344","          0.97","657,930","292,890","          2.25","323,724","334,206","          0.97","657,269","293,207","          2.24","323,427","333,842","          0.97","656,766","293,320","          2.24","323,207","333,559","          0.97","656,331","293,865","          2.23","322,944","333,387","          0.97","655,879","294,245","          2.23","322,705","333,174","          0.97","655,601","294,429","          2.23","322,475","333,126","          0.97","654,749","294,607","          2.22","322,024","332,725","          0.97","654,521","295,124","          2.22","321,819","332,702","          0.97","653,964","295,431","          2.21","321,557","332,407","          0.97","653,581","295,936","          2.21","321,370","332,211","          0.97","652,876","295,793","          2.21","320,985","331,891","          0.97","652,695","296,200","          2.20","320,851","331,844","          0.97","652,458","296,394","          2.20","320,708","331,750","          0.97","651,495","296,241","          2.20","320,265","331,230","          0.97","650,596","296,124","          2.20","319,770","330,826","          0.97"
"전라북도 전주시 완산구 (4511100000)","339,406","149,433","          2.27","165,246","174,160","          0.95","339,227","149,872","          2.26","165,112","174,115","          0.95","338,363","149,772","          2.26","164,758","173,605","          0.95","338,010","150,013","          2.25","164,576","173,434","          0.95","337,822","150,334","          2.25","164,537","173,285","          0.95","337,968","150,701","          2.24","164,603","173,365","          0.95","337,946","150,897","          2.24","164,589","173,357","          0.95","337,747","151,177","          2.23","164,490","173,257","          0.95","337,671","151,703","          2.23","164,477","173,194","          0.95","337,186","151,989","          2.22","164,217","172,969","          0.95","336,540","152,073","          2.21","163,886","172,654","          0.95","335,804","152,056","          2.21","163,494","172,310","          0.95","335,292","152,029","          2.21","163,258","172,034","          0.95","334,790","152,221","          2.20","163,000","171,790","          0.95","334,531","152,435","          2.19","162,897","171,634","          0.95","334,286","152,480","          2.19","162,739","171,547","          0.95","333,703","152,536","          2.19","162,445","171,258","          0.95","334,166","153,064","          2.18","162,605","171,561","          0.95","334,468","153,486","          2.18","162,761","171,707","          0.95","334,515","153,878","          2.17","162,832","171,683","          0.95","334,252","153,818","          2.17","162,693","171,559","          0.95","333,820","153,837","          2.17","162,473","171,347","          0.95","333,221","153,706","          2.17","162,174","171,047","          0.95","332,573","153,551","          2.17","161,835","170,738","          0.95","332,079","153,520","          2.16","161,539","170,540","          0.95"
"전라북도 전주시 덕진구 (4511300000)","318,255","135,794","          2.34","158,377","159,878","          0.99","318,771","136,565","          2.33","158,649","160,122","          0.99","318,701","136,880","          2.33","158,674","160,027","          0.99","318,745","137,232","          2.32","158,588","160,157","          0.99","319,112","137,654","          2.32","158,734","160,378","          0.99","319,460","138,094","          2.31","158,888","160,572","          0.99","319,718","138,427","          2.31","158,996","160,722","          0.99","319,830","138,789","          2.30","159,025","160,805","          0.99","320,564","139,685","          2.29","159,450","161,114","          0.99","321,030","140,407","          2.29","159,655","161,375","          0.99","321,390","140,817","          2.28","159,838","161,552","          0.99","321,465","141,151","          2.28","159,933","161,532","          0.99","321,474","141,291","          2.28","159,949","161,525","          0.99","321,541","141,644","          2.27","159,944","161,597","          0.99","321,348","141,810","          2.27","159,808","161,540","          0.99","321,315","141,949","          2.26","159,736","161,579","          0.99","321,046","142,071","          2.26","159,579","161,467","          0.99","320,355","142,060","          2.26","159,214","161,141","          0.99","319,496","141,945","          2.25","158,796","160,700","          0.99","319,066","142,058","          2.25","158,538","160,528","          0.99","318,624","141,975","          2.24","158,292","160,332","          0.99","318,875","142,363","          2.24","158,378","160,497","          0.99","319,237","142,688","          2.24","158,534","160,703","          0.99","318,922","142,690","          2.24","158,430","160,492","          0.99","318,517","142,604","          2.23","158,231","160,286","          0.99"
"전라북도 군산시 (4513000000)","267,798","121,451","          2.20","135,311","132,487","          1.02","267,612","121,629","          2.20","135,263","132,349","          1.02","266,959","121,504","          2.20","134,952","132,007","          1.02","266,878","121,707","          2.19","134,918","131,960","          1.02","266,345","121,336","          2.20","134,736","131,609","          1.02","266,389","121,449","          2.19","134,786","131,603","          1.02","266,226","121,541","          2.19","134,743","131,483","          1.02","266,026","121,639","          2.19","134,677","131,349","          1.03","265,770","121,689","          2.18","134,537","131,233","          1.03","265,504","121,805","          2.18","134,408","131,096","          1.03","265,452","122,099","          2.17","134,387","131,065","          1.03","265,304","122,250","          2.17","134,290","131,014","          1.03","265,160","122,369","          2.17","134,203","130,957","          1.02","264,949","122,505","          2.16","134,073","130,876","          1.02","264,656","122,594","          2.16","133,921","130,735","          1.02","264,358","122,677","          2.15","133,778","130,580","          1.02","264,030","122,683","          2.15","133,628","130,402","          1.02","263,897","122,753","          2.15","133,558","130,339","          1.02","263,709","122,904","          2.15","133,455","130,254","          1.02","263,500","123,040","          2.14","133,330","130,170","          1.02","262,937","122,870","          2.14","133,117","129,820","          1.03","262,819","123,027","          2.14","133,035","129,784","          1.03","262,635","123,085","          2.13","132,948","129,687","          1.03","262,467","123,176","          2.13","132,887","129,580","          1.03","262,264","123,275","          2.13","132,833","129,431","          1.03"
"전라북도 익산시 (4514000000)","281,539","128,362","          2.19","140,158","141,381","          0.99","280,847","128,461","          2.19","139,818","141,029","          0.99","280,585","128,838","          2.18","139,763","140,822","          0.99","280,399","129,084","          2.17","139,726","140,673","          0.99","280,152","129,257","          2.17","139,577","140,575","          0.99","280,072","129,453","          2.16","139,543","140,529","          0.99","279,836","129,694","          2.16","139,445","140,391","          0.99","279,517","129,864","          2.15","139,265","140,252","          0.99","279,207","129,974","          2.15","139,079","140,128","          0.99","278,798","129,982","          2.14","138,850","139,948","          0.99","278,496","130,035","          2.14","138,646","139,850","          0.99","278,113","129,962","          2.14","138,427","139,686","          0.99","277,664","129,840","          2.14","138,206","139,458","          0.99","277,444","129,975","          2.13","138,133","139,311","          0.99","277,151","130,220","          2.13","138,050","139,101","          0.99","276,666","130,243","          2.12","137,863","138,803","          0.99","276,376","130,352","          2.12","137,699","138,677","          0.99","276,140","130,431","          2.12","137,561","138,579","          0.99","275,719","130,427","          2.11","137,312","138,407","          0.99","275,254","130,423","          2.11","137,085","138,169","          0.99","274,525","130,147","          2.11","136,750","137,775","          0.99","274,317","130,202","          2.11","136,654","137,663","          0.99","274,117","130,186","          2.11","136,556","137,561","          0.99","273,697","130,068","          2.10","136,330","137,367","          0.99","273,266","129,966","          2.10","136,091","137,175","          0.99"
"전라북도 익산시함열출장소 (4514500000)","0","0","          0.00","0","0","          0.00","0","0","          0.00","0","0","          0.00","0","0","          0.00","0","0","          0.00","0","0","          0.00","0","0","          0.00","0","0","          0.00","0","0","          0.00","0","0","          0.00","0","0","          0.00","0","0","          0.00","0","0","          0.00","0","0","          0.00","0","0","          0.00","0","0","          0.00","0","0","          0.00","0","0","          0.00","0","0","          0.00","0","0","          0.00","0","0","          0.00","0","0","          0.00","0","0","          0.00","0","0","          0.00","0","0","          0.00","0","0","          0.00","0","0","          0.00","0","0","          0.00","0","0","          0.00","0","0","          0.00","0","0","          0.00","0","0","          0.00","0","0","          0.00","0","0","          0.00","0","0","          0.00","0","0","          0.00","0","0","          0.00","0","0","          0.00","0","0","          0.00","0","0","          0.00","0","0","          0.00","0","0","          0.00","0","0","          0.00","0","0","          0.00","0","0","          0.00","0","0","          0.00","0","0","          0.00","0","0","          0.00","0","0","          0.00"
"전라북도 정읍시 (4518000000)","108,470","54,416","          1.99","53,748","54,722","          0.98","108,344","54,475","          1.99","53,690","54,654","          0.98","107,710","54,098","          1.99","53,490","54,220","          0.99","107,555","54,136","          1.99","53,439","54,116","          0.99","107,489","54,180","          1.98","53,394","54,095","          0.99","107,422","54,196","          1.98","53,374","54,048","          0.99","107,349","54,231","          1.98","53,338","54,011","          0.99","107,169","54,241","          1.98","53,242","53,927","          0.99","106,951","54,266","          1.97","53,127","53,824","          0.99","106,814","54,273","          1.97","53,040","53,774","          0.99","106,634","54,259","          1.97","52,972","53,662","          0.99","106,487","54,242","          1.96","52,892","53,595","          0.99","106,534","54,350","          1.96","52,927","53,607","          0.99","106,403","54,410","          1.96","52,896","53,507","          0.99","106,187","54,423","          1.95","52,787","53,400","          0.99","105,982","54,391","          1.95","52,694","53,288","          0.99","105,884","54,410","          1.95","52,658","53,226","          0.99","105,812","54,465","          1.94","52,652","53,160","          0.99","105,702","54,502","          1.94","52,584","53,118","          0.99","105,590","54,548","          1.94","52,532","53,058","          0.99","105,356","54,454","          1.93","52,428","52,928","          0.99","105,282","54,482","          1.93","52,382","52,900","          0.99","105,176","54,490","          1.93","52,315","52,861","          0.99","105,081","54,528","          1.93","52,272","52,809","          0.99","104,895","54,485","          1.93","52,193","52,702","          0.99"
"전라북도 남원시 (4519000000)","80,570","39,545","          2.04","39,507","41,063","          0.96","80,375","39,568","          2.03","39,409","40,966","          0.96","80,227","39,582","          2.03","39,334","40,893","          0.96","80,196","39,650","          2.02","39,331","40,865","          0.96","80,086","39,589","          2.02","39,290","40,796","          0.96","80,032","39,607","          2.02","39,277","40,755","          0.96","80,027","39,601","          2.02","39,269","40,758","          0.96","79,933","39,626","          2.02","39,220","40,713","          0.96","79,673","39,619","          2.01","39,071","40,602","          0.96","79,649","39,631","          2.01","39,067","40,582","          0.96","79,581","39,644","          2.01","39,039","40,542","          0.96","79,431","39,670","          2.00","38,965","40,466","          0.96","79,308","39,692","          2.00","38,907","40,401","          0.96","79,099","39,729","          1.99","38,802","40,297","          0.96","79,015","39,743","          1.99","38,793","40,222","          0.96","78,967","39,773","          1.99","38,778","40,189","          0.96","78,787","39,772","          1.98","38,694","40,093","          0.97","78,781","39,835","          1.98","38,672","40,109","          0.96","78,626","39,854","          1.97","38,580","40,046","          0.96","78,474","39,822","          1.97","38,482","39,992","          0.96","78,272","39,790","          1.97","38,389","39,883","          0.96","78,165","39,773","          1.97","38,344","39,821","          0.96","78,081","39,787","          1.96","38,307","39,774","          0.96","77,948","39,799","          1.96","38,246","39,702","          0.96","77,755","39,770","          1.96","38,134","39,621","          0.96"
"전라북도 김제시 (4521000000)","82,326","42,501","          1.94","40,808","41,518","          0.98","82,193","42,545","          1.93","40,756","41,437","          0.98","82,079","42,564","          1.93","40,688","41,391","          0.98","82,031","42,641","          1.92","40,661","41,370","          0.98","81,593","42,367","          1.93","40,518","41,075","          0.99","81,462","42,310","          1.93","40,449","41,013","          0.99","81,406","42,349","          1.92","40,424","40,982","          0.99","81,347","42,388","          1.92","40,383","40,964","          0.99","81,177","42,398","          1.91","40,302","40,875","          0.99","81,106","42,421","          1.91","40,251","40,855","          0.99","81,012","42,450","          1.91","40,222","40,790","          0.99","80,913","42,509","          1.90","40,193","40,720","          0.99","80,933","42,586","          1.90","40,192","40,741","          0.99","80,869","42,633","          1.90","40,169","40,700","          0.99","80,806","42,701","          1.89","40,162","40,644","          0.99","80,782","42,743","          1.89","40,147","40,635","          0.99","80,836","42,835","          1.89","40,168","40,668","          0.99","80,861","42,912","          1.88","40,187","40,674","          0.99","80,882","42,962","          1.88","40,204","40,678","          0.99","81,162","43,061","          1.88","40,312","40,850","          0.99","81,158","43,038","          1.89","40,338","40,820","          0.99","81,205","43,080","          1.88","40,356","40,849","          0.99","81,357","43,144","          1.89","40,453","40,904","          0.99","81,455","43,215","          1.88","40,476","40,979","          0.99","81,662","43,401","          1.88","40,598","41,064","          0.99"
"전라북도 완주군 (4571000000)","91,450","43,295","          2.11","46,960","44,490","          1.06","91,422","43,393","          2.11","46,951","44,471","          1.06","91,127","43,351","          2.10","46,833","44,294","          1.06","91,127","43,475","          2.10","46,842","44,285","          1.06","91,126","43,541","          2.09","46,841","44,285","          1.06","91,024","43,575","          2.09","46,782","44,242","          1.06","91,197","43,726","          2.09","46,854","44,343","          1.06","91,223","43,800","          2.08","46,887","44,336","          1.06","91,146","43,869","          2.08","46,839","44,307","          1.06","91,093","43,907","          2.07","46,840","44,253","          1.06","91,137","43,965","          2.07","46,847","44,290","          1.06","91,142","44,020","          2.07","46,845","44,297","          1.06","91,060","44,035","          2.07","46,821","44,239","          1.06","91,072","44,122","          2.06","46,842","44,230","          1.06","91,041","44,189","          2.06","46,813","44,228","          1.06","91,015","44,299","          2.05","46,836","44,179","          1.06","91,079","44,397","          2.05","46,870","44,209","          1.06","91,134","44,455","          2.05","46,874","44,260","          1.06","91,545","44,714","          2.05","47,062","44,483","          1.06","91,719","44,895","          2.04","47,164","44,555","          1.06","91,663","44,870","          2.04","47,142","44,521","          1.06","91,711","44,913","          2.04","47,152","44,559","          1.06","91,776","44,999","          2.04","47,173","44,603","          1.06","92,422","45,356","          2.04","47,529","44,893","          1.06","93,041","45,710","          2.04","47,845","45,196","          1.06"
"전라북도 진안군 (4572000000)","25,344","13,412","          1.89","12,798","12,546","          1.02","25,302","13,434","          1.88","12,773","12,529","          1.02","25,252","13,432","          1.88","12,753","12,499","          1.02","25,244","13,477","          1.87","12,756","12,488","          1.02","25,233","13,479","          1.87","12,748","12,485","          1.02","25,181","13,500","          1.87","12,724","12,457","          1.02","25,113","13,467","          1.86","12,698","12,415","          1.02","25,063","13,456","          1.86","12,683","12,380","          1.02","24,985","13,473","          1.85","12,639","12,346","          1.02","24,941","13,457","          1.85","12,622","12,319","          1.02","24,974","13,483","          1.85","12,638","12,336","          1.02","24,987","13,494","          1.85","12,667","12,320","          1.03","24,957","13,511","          1.85","12,661","12,296","          1.03","24,974","13,546","          1.84","12,678","12,296","          1.03","24,961","13,593","          1.84","12,674","12,287","          1.03","24,963","13,594","          1.84","12,669","12,294","          1.03","24,955","13,597","          1.84","12,674","12,281","          1.03","24,898","13,586","          1.83","12,654","12,244","          1.03","24,823","13,583","          1.83","12,626","12,197","          1.04","24,771","13,587","          1.82","12,599","12,172","          1.04","24,701","13,556","          1.82","12,558","12,143","          1.03","24,652","13,539","          1.82","12,536","12,116","          1.03","24,598","13,509","          1.82","12,518","12,080","          1.04","24,550","13,513","          1.82","12,496","12,054","          1.04","24,501","13,490","          1.82","12,483","12,018","          1.04"
"전라북도 무주군 (4573000000)","24,046","12,708","          1.89","11,979","12,067","          0.99","23,990","12,713","          1.89","11,968","12,022","          1.00","23,940","12,700","          1.89","11,944","11,996","          1.00","23,912","12,728","          1.88","11,915","11,997","          0.99","23,917","12,749","          1.88","11,909","12,008","          0.99","23,875","12,743","          1.87","11,889","11,986","          0.99","23,849","12,748","          1.87","11,875","11,974","          0.99","23,834","12,776","          1.87","11,866","11,968","          0.99","23,764","12,776","          1.86","11,826","11,938","          0.99","23,769","12,795","          1.86","11,838","11,931","          0.99","23,770","12,804","          1.86","11,846","11,924","          0.99","23,748","12,823","          1.85","11,826","11,922","          0.99","23,735","12,830","          1.85","11,807","11,928","          0.99","23,744","12,861","          1.85","11,835","11,909","          0.99","23,745","12,911","          1.84","11,844","11,901","          1.00","23,745","12,922","          1.84","11,859","11,886","          1.00","23,747","12,954","          1.83","11,869","11,878","          1.00","23,711","12,952","          1.83","11,843","11,868","          1.00","23,693","12,964","          1.83","11,840","11,853","          1.00","23,645","12,962","          1.82","11,803","11,842","          1.00","23,577","12,952","          1.82","11,770","11,807","          1.00","23,540","12,945","          1.82","11,753","11,787","          1.00","23,510","12,949","          1.82","11,735","11,775","          1.00","23,489","12,932","          1.82","11,731","11,758","          1.00","23,435","12,915","          1.81","11,714","11,721","          1.00"
"전라북도 장수군 (4574000000)","22,081","11,572","          1.91","11,002","11,079","          0.99","22,035","11,568","          1.90","10,987","11,048","          0.99","21,946","11,528","          1.90","10,946","11,000","          1.00","21,910","11,529","          1.90","10,935","10,975","          1.00","21,902","11,551","          1.90","10,925","10,977","          1.00","21,880","11,557","          1.89","10,922","10,958","          1.00","21,854","11,557","          1.89","10,906","10,948","          1.00","21,811","11,561","          1.89","10,882","10,929","          1.00","21,755","11,566","          1.88","10,852","10,903","          1.00","21,731","11,581","          1.88","10,830","10,901","          0.99","21,723","11,581","          1.88","10,822","10,901","          0.99","21,695","11,584","          1.87","10,812","10,883","          0.99","21,683","11,584","          1.87","10,821","10,862","          1.00","21,644","11,591","          1.87","10,798","10,846","          1.00","21,645","11,603","          1.87","10,810","10,835","          1.00","21,624","11,602","          1.86","10,809","10,815","          1.00","21,626","11,614","          1.86","10,802","10,824","          1.00","21,580","11,611","          1.86","10,784","10,796","          1.00","21,536","11,621","          1.85","10,760","10,776","          1.00","21,497","11,614","          1.85","10,741","10,756","          1.00","21,464","11,611","          1.85","10,732","10,732","          1.00","21,425","11,611","          1.85","10,739","10,686","          1.00","21,358","11,599","          1.84","10,726","10,632","          1.01","21,336","11,611","          1.84","10,718","10,618","          1.01","21,272","11,590","          1.84","10,687","10,585","          1.01"
"전라북도 임실군 (4575000000)","27,248","14,782","          1.84","13,938","13,310","          1.05","27,179","14,791","          1.84","13,910","13,269","          1.05","27,044","14,777","          1.83","13,864","13,180","          1.05","27,038","14,815","          1.83","13,856","13,182","          1.05","27,019","14,845","          1.82","13,839","13,180","          1.05","27,009","14,872","          1.82","13,828","13,181","          1.05","26,952","14,868","          1.81","13,800","13,152","          1.05","26,873","14,851","          1.81","13,748","13,125","          1.05","26,755","14,825","          1.80","13,682","13,073","          1.05","26,717","14,829","          1.80","13,672","13,045","          1.05","26,665","14,836","          1.80","13,646","13,019","          1.05","26,730","14,899","          1.79","13,692","13,038","          1.05","26,686","14,879","          1.79","13,645","13,041","          1.05","26,705","14,911","          1.79","13,663","13,042","          1.05","26,664","14,921","          1.79","13,648","13,016","          1.05","26,732","14,970","          1.79","13,685","13,047","          1.05","26,807","15,048","          1.78","13,712","13,095","          1.05","26,678","14,987","          1.78","13,662","13,016","          1.05","26,580","14,967","          1.78","13,604","12,976","          1.05","26,534","14,961","          1.77","13,595","12,939","          1.05","26,490","14,942","          1.77","13,583","12,907","          1.05","26,498","14,951","          1.77","13,576","12,922","          1.05","26,442","14,956","          1.77","13,550","12,892","          1.05","26,508","14,992","          1.77","13,586","12,922","          1.05","26,470","15,000","          1.76","13,580","12,890","          1.05"
"전라북도 순창군 (4577000000)","27,665","14,083","          1.96","13,457","14,208","          0.95","27,624","14,091","          1.96","13,437","14,187","          0.95","27,474","14,039","          1.96","13,401","14,073","          0.95","27,378","14,043","          1.95","13,366","14,012","          0.95","27,321","14,051","          1.94","13,356","13,965","          0.96","27,283","14,040","          1.94","13,326","13,957","          0.95","27,219","14,043","          1.94","13,304","13,915","          0.96","27,120","14,018","          1.93","13,266","13,854","          0.96","27,033","14,002","          1.93","13,232","13,801","          0.96","26,980","14,007","          1.93","13,213","13,767","          0.96","26,922","14,016","          1.92","13,211","13,711","          0.96","26,855","13,996","          1.92","13,189","13,666","          0.97","26,768","13,971","          1.92","13,139","13,629","          0.96","26,730","13,980","          1.91","13,116","13,614","          0.96","26,689","13,986","          1.91","13,096","13,593","          0.96","26,721","14,015","          1.91","13,121","13,600","          0.96","26,786","14,058","          1.91","13,157","13,629","          0.97","26,799","14,079","          1.90","13,160","13,639","          0.96","26,791","14,081","          1.90","13,164","13,627","          0.97","26,743","14,090","          1.90","13,132","13,611","          0.96","26,690","14,079","          1.90","13,125","13,565","          0.97","26,707","14,106","          1.89","13,141","13,566","          0.97","26,707","14,124","          1.89","13,139","13,568","          0.97","26,727","14,132","          1.89","13,138","13,589","          0.97","26,687","14,139","          1.89","13,106","13,581","          0.97"
"전라북도 고창군 (4579000000)","54,512","29,082","          1.87","26,953","27,559","          0.98","54,435","29,113","          1.87","26,924","27,511","          0.98","54,243","29,112","          1.86","26,832","27,411","          0.98","54,222","29,085","          1.86","26,821","27,401","          0.98","54,018","28,905","          1.87","26,800","27,218","          0.98","53,869","28,876","          1.87","26,716","27,153","          0.98","53,826","28,863","          1.86","26,718","27,108","          0.99","53,739","28,809","          1.87","26,676","27,063","          0.99","53,606","28,762","          1.86","26,602","27,004","          0.99","53,534","28,758","          1.86","26,575","26,959","          0.99","53,468","28,765","          1.86","26,538","26,930","          0.99","53,386","28,757","          1.86","26,507","26,879","          0.99","53,366","28,789","          1.85","26,500","26,866","          0.99","53,269","28,798","          1.85","26,441","26,828","          0.99","53,151","28,767","          1.85","26,414","26,737","          0.99","53,112","28,731","          1.85","26,398","26,714","          0.99","53,041","28,771","          1.84","26,354","26,687","          0.99","52,981","28,773","          1.84","26,335","26,646","          0.99","52,928","28,778","          1.84","26,300","26,628","          0.99","52,836","28,735","          1.84","26,242","26,594","          0.99","52,630","28,693","          1.83","26,144","26,486","          0.99","52,543","28,672","          1.83","26,115","26,428","          0.99","52,451","28,619","          1.83","26,072","26,379","          0.99","52,338","28,592","          1.83","26,005","26,333","          0.99","52,366","28,657","          1.83","26,026","26,340","          0.99"
"전라북도 부안군 (4580000000)","52,038","27,806","          1.87","25,873","26,165","          0.99","51,963","27,845","          1.87","25,838","26,125","          0.99","51,800","27,765","          1.87","25,742","26,058","          0.99","51,686","27,763","          1.86","25,685","26,001","          0.99","51,547","27,705","          1.86","25,629","25,918","          0.99","51,419","27,689","          1.86","25,563","25,856","          0.99","51,384","27,696","          1.86","25,528","25,856","          0.99","51,244","27,650","          1.85","25,466","25,778","          0.99","51,053","27,597","          1.85","25,358","25,695","          0.99","50,918","27,564","          1.85","25,300","25,618","          0.99","50,852","27,553","          1.85","25,286","25,566","          0.99","50,795","27,588","          1.84","25,262","25,533","          0.99","50,772","27,610","          1.84","25,255","25,517","          0.99","50,690","27,641","          1.83","25,221","25,469","          0.99","50,615","27,662","          1.83","25,211","25,404","          0.99","50,556","27,697","          1.83","25,162","25,394","          0.99","50,527","27,731","          1.82","25,166","25,361","          0.99","50,486","27,754","          1.82","25,147","25,339","          0.99","50,451","27,764","          1.82","25,116","25,335","          0.99","50,358","27,766","          1.81","25,049","25,309","          0.99","50,257","27,770","          1.81","24,983","25,274","          0.99","50,217","27,769","          1.81","24,974","25,243","          0.99","50,173","27,732","          1.81","24,951","25,222","          0.99","50,094","27,694","          1.81","24,913","25,181","          0.99","50,019","27,710","          1.81","24,862","25,157","          0.99"
"전라남도  (4600000000)","1,850,575","894,611","          2.07","930,132","920,443","          1.01","1,849,795","896,411","          2.06","929,889","919,906","          1.01","1,844,811","895,024","          2.06","927,884","916,927","          1.01","1,844,148","896,392","          2.06","927,667","916,481","          1.01","1,842,423","896,634","          2.05","927,074","915,349","          1.01","1,840,921","897,529","          2.05","926,398","914,523","          1.01","1,839,698","898,434","          2.05","925,751","913,947","          1.01","1,838,353","899,309","          2.04","924,912","913,441","          1.01","1,835,690","900,110","          2.04","923,651","912,039","          1.01","1,834,653","901,203","          2.04","923,037","911,616","          1.01","1,833,864","902,193","          2.03","922,677","911,187","          1.01","1,832,803","903,108","          2.03","922,221","910,582","          1.01","1,832,604","903,758","          2.03","922,190","910,414","          1.01","1,831,451","905,202","          2.02","921,753","909,698","          1.01","1,829,501","905,818","          2.02","920,971","908,530","          1.01","1,828,550","906,664","          2.02","920,492","908,058","          1.01","1,827,674","907,606","          2.01","920,050","907,624","          1.01","1,826,440","907,953","          2.01","919,417","907,023","          1.01","1,825,534","908,240","          2.01","918,956","906,578","          1.01","1,824,104","908,581","          2.01","918,260","905,844","          1.01","1,820,458","907,276","          2.01","916,611","903,847","          1.01","1,819,157","907,462","          2.00","915,996","903,161","          1.01","1,818,484","907,615","          2.00","915,677","902,807","          1.01","1,817,697","907,710","          2.00","915,272","902,425","          1.01","1,816,707","907,970","          2.00","914,811","901,896","          1.01"
"전라남도 목포시 (4611000000)","223,362","103,199","          2.16","111,241","112,121","          0.99","222,809","103,221","          2.16","110,972","111,837","          0.99","221,463","102,533","          2.16","110,341","111,122","          0.99","221,156","102,630","          2.15","110,217","110,939","          0.99","221,020","102,750","          2.15","110,120","110,900","          0.99","220,794","102,824","          2.15","109,995","110,799","          0.99","220,379","102,865","          2.14","109,762","110,617","          0.99","219,944","102,885","          2.14","109,535","110,409","          0.99","219,552","102,918","          2.13","109,300","110,252","          0.99","219,150","102,980","          2.13","109,103","110,047","          0.99","218,785","103,022","          2.12","108,916","109,869","          0.99","218,589","103,162","          2.12","108,808","109,781","          0.99","218,700","103,314","          2.12","108,833","109,867","          0.99","218,605","103,582","          2.11","108,802","109,803","          0.99","218,241","103,550","          2.11","108,609","109,632","          0.99","218,024","103,595","          2.10","108,480","109,544","          0.99","217,912","103,637","          2.10","108,386","109,526","          0.99","217,604","103,688","          2.10","108,210","109,394","          0.99","217,470","103,739","          2.10","108,158","109,312","          0.99","217,257","103,836","          2.09","108,029","109,228","          0.99","216,909","103,681","          2.09","107,802","109,107","          0.99","216,994","103,833","          2.09","107,880","109,114","          0.99","217,041","103,972","          2.09","107,911","109,130","          0.99","216,939","104,039","          2.09","107,826","109,113","          0.99","216,640","104,043","          2.08","107,690","108,950","          0.99"
"전라남도 여수시 (4613000000)","280,497","127,424","          2.20","143,083","137,414","          1.04","280,213","127,658","          2.20","142,979","137,234","          1.04","279,844","127,815","          2.19","142,785","137,059","          1.04","279,613","127,976","          2.18","142,638","136,975","          1.04","278,999","127,715","          2.18","142,379","136,620","          1.04","278,481","127,604","          2.18","142,137","136,344","          1.04","278,123","127,654","          2.18","141,900","136,223","          1.04","277,752","127,678","          2.18","141,667","136,085","          1.04","277,356","127,713","          2.17","141,439","135,917","          1.04","277,008","127,737","          2.17","141,225","135,783","          1.04","276,747","127,799","          2.17","141,051","135,696","          1.04","276,762","128,169","          2.16","141,074","135,688","          1.04","276,957","128,406","          2.16","141,173","135,784","          1.04","276,544","128,498","          2.15","140,955","135,589","          1.04","276,145","128,514","          2.15","140,757","135,388","          1.04","275,812","128,511","          2.15","140,523","135,289","          1.04","275,618","128,595","          2.14","140,399","135,219","          1.04","275,544","128,705","          2.14","140,332","135,212","          1.04","275,489","128,747","          2.14","140,274","135,215","          1.04","275,642","128,902","          2.14","140,351","135,291","          1.04","275,197","128,739","          2.14","140,132","135,065","          1.04","275,011","128,778","          2.14","140,028","134,983","          1.04","274,914","128,785","          2.13","139,925","134,989","          1.04","274,765","128,720","          2.13","139,821","134,944","          1.04","274,495","128,693","          2.13","139,685","134,810","          1.04"
"전라남도 순천시 (4615000000)","282,618","121,819","          2.32","141,003","141,615","          1.00","282,336","122,048","          2.31","140,880","141,456","          1.00","282,104","122,311","          2.31","140,755","141,349","          1.00","282,069","122,499","          2.30","140,756","141,313","          1.00","281,745","122,561","          2.30","140,637","141,108","          1.00","281,816","122,970","          2.29","140,664","141,152","          1.00","281,883","123,231","          2.29","140,682","141,201","          1.00","281,878","123,570","          2.28","140,664","141,214","          1.00","281,977","123,977","          2.27","140,731","141,246","          1.00","281,787","124,065","          2.27","140,625","141,162","          1.00","281,587","124,053","          2.27","140,550","141,037","          1.00","281,436","124,029","          2.27","140,466","140,970","          1.00","280,699","123,848","          2.27","140,117","140,582","          1.00","280,607","124,198","          2.26","140,048","140,559","          1.00","280,719","124,544","          2.25","140,136","140,583","          1.00","280,478","124,782","          2.25","140,006","140,472","          1.00","280,386","125,030","          2.24","139,957","140,429","          1.00","280,195","125,064","          2.24","139,846","140,349","          1.00","279,980","125,091","          2.24","139,700","140,280","          1.00","279,593","125,096","          2.24","139,482","140,111","          1.00","279,222","125,043","          2.23","139,240","139,982","          0.99","279,069","125,017","          2.23","139,135","139,934","          0.99","278,809","124,884","          2.23","139,050","139,759","          0.99","278,737","124,828","          2.23","139,014","139,723","          0.99","278,712","124,858","          2.23","139,019","139,693","          1.00"
"전라남도 나주시 (4617000000)","115,855","58,278","          1.99","58,307","57,548","          1.01","116,348","58,589","          1.99","58,542","57,806","          1.01","116,113","58,403","          1.99","58,516","57,597","          1.02","116,332","58,578","          1.99","58,605","57,727","          1.02","116,486","58,690","          1.98","58,714","57,772","          1.02","116,513","58,781","          1.98","58,762","57,751","          1.02","116,636","58,892","          1.98","58,823","57,813","          1.02","116,670","58,940","          1.98","58,844","57,826","          1.02","116,668","59,057","          1.98","58,833","57,835","          1.02","116,711","59,142","          1.97","58,861","57,850","          1.02","116,701","59,237","          1.97","58,889","57,812","          1.02","116,726","59,292","          1.97","58,906","57,820","          1.02","116,601","59,339","          1.96","58,813","57,788","          1.02","116,749","59,526","          1.96","58,896","57,853","          1.02","116,497","59,492","          1.96","58,799","57,698","          1.02","116,398","59,518","          1.96","58,765","57,633","          1.02","116,391","59,563","          1.95","58,730","57,661","          1.02","116,284","59,584","          1.95","58,689","57,595","          1.02","116,143","59,544","          1.95","58,625","57,518","          1.02","116,049","59,564","          1.95","58,541","57,508","          1.02","115,818","59,496","          1.95","58,464","57,354","          1.02","115,762","59,538","          1.94","58,399","57,363","          1.02","116,205","59,754","          1.94","58,597","57,608","          1.02","116,456","59,865","          1.95","58,749","57,707","          1.02","116,672","59,979","          1.95","58,853","57,819","          1.02"
"전라남도 광양시 (4623000000)","151,045","65,578","          2.30","78,821","72,224","          1.09","151,016","65,699","          2.30","78,778","72,238","          1.09","150,779","65,775","          2.29","78,670","72,109","          1.09","150,701","65,858","          2.29","78,627","72,074","          1.09","150,660","65,978","          2.28","78,631","72,029","          1.09","150,591","66,069","          2.28","78,601","71,990","          1.09","150,699","66,187","          2.28","78,693","72,006","          1.09","150,643","66,252","          2.27","78,647","71,996","          1.09","150,121","66,311","          2.26","78,399","71,722","          1.09","150,154","66,575","          2.26","78,423","71,731","          1.09","150,493","66,970","          2.25","78,624","71,869","          1.09","150,531","67,103","          2.24","78,626","71,905","          1.09","151,796","67,507","          2.25","79,278","72,518","          1.09","151,637","67,626","          2.24","79,192","72,445","          1.09","151,410","67,667","          2.24","79,104","72,306","          1.09","151,460","67,754","          2.24","79,124","72,336","          1.09","151,527","67,916","          2.23","79,171","72,356","          1.09","151,669","67,978","          2.23","79,226","72,443","          1.09","151,825","68,096","          2.23","79,302","72,523","          1.09","152,102","68,288","          2.23","79,450","72,652","          1.09","152,082","68,413","          2.22","79,462","72,620","          1.09","152,145","68,587","          2.22","79,499","72,646","          1.09","152,184","68,684","          2.22","79,528","72,656","          1.09","152,168","68,734","          2.21","79,523","72,645","          1.09","152,163","68,851","          2.21","79,549","72,614","          1.10"
"전라남도 담양군 (4671000000)","46,475","24,490","          1.90","23,583","22,892","          1.03","46,545","24,564","          1.89","23,627","22,918","          1.03","46,541","24,608","          1.89","23,599","22,942","          1.03","46,624","24,704","          1.89","23,627","22,997","          1.03","46,650","24,740","          1.89","23,648","23,002","          1.03","46,522","24,712","          1.88","23,607","22,915","          1.03","46,421","24,703","          1.88","23,553","22,868","          1.03","46,314","24,690","          1.88","23,497","22,817","          1.03","46,178","24,679","          1.87","23,432","22,746","          1.03","46,198","24,737","          1.87","23,427","22,771","          1.03","46,184","24,758","          1.87","23,432","22,752","          1.03","46,180","24,773","          1.86","23,428","22,752","          1.03","46,144","24,758","          1.86","23,401","22,743","          1.03","46,216","24,828","          1.86","23,431","22,785","          1.03","46,208","24,849","          1.86","23,421","22,787","          1.03","46,169","24,868","          1.86","23,402","22,767","          1.03","46,178","24,905","          1.85","23,384","22,794","          1.03","46,159","24,929","          1.85","23,344","22,815","          1.02","46,114","24,912","          1.85","23,319","22,795","          1.02","46,018","24,897","          1.85","23,276","22,742","          1.02","45,843","24,821","          1.85","23,228","22,615","          1.03","45,776","24,772","          1.85","23,184","22,592","          1.03","45,750","24,743","          1.85","23,160","22,590","          1.03","45,792","24,787","          1.85","23,168","22,624","          1.02","45,749","24,746","          1.85","23,140","22,609","          1.02"
"전라남도 곡성군 (4672000000)","27,982","15,415","          1.82","13,677","14,305","          0.96","27,952","15,436","          1.81","13,675","14,277","          0.96","27,888","15,427","          1.81","13,648","14,240","          0.96","27,916","15,480","          1.80","13,674","14,242","          0.96","27,962","15,588","          1.79","13,720","14,242","          0.96","27,916","15,587","          1.79","13,697","14,219","          0.96","27,835","15,581","          1.79","13,660","14,175","          0.96","27,754","15,567","          1.78","13,619","14,135","          0.96","27,655","15,539","          1.78","13,578","14,077","          0.96","27,616","15,537","          1.78","13,565","14,051","          0.97","27,581","15,544","          1.77","13,557","14,024","          0.97","27,535","15,536","          1.77","13,540","13,995","          0.97","27,508","15,527","          1.77","13,530","13,978","          0.97","27,475","15,519","          1.77","13,510","13,965","          0.97","27,432","15,544","          1.76","13,505","13,927","          0.97","27,466","15,587","          1.76","13,534","13,932","          0.97","27,443","15,604","          1.76","13,529","13,914","          0.97","27,396","15,608","          1.76","13,512","13,884","          0.97","27,348","15,604","          1.75","13,487","13,861","          0.97","27,283","15,596","          1.75","13,458","13,825","          0.97","27,158","15,522","          1.75","13,421","13,737","          0.98","27,114","15,516","          1.75","13,395","13,719","          0.98","27,085","15,505","          1.75","13,390","13,695","          0.98","27,060","15,512","          1.74","13,386","13,674","          0.98","27,070","15,524","          1.74","13,405","13,665","          0.98"
"전라남도 구례군 (4673000000)","25,573","13,385","          1.91","12,442","13,131","          0.95","25,505","13,384","          1.91","12,397","13,108","          0.95","25,437","13,372","          1.90","12,376","13,061","          0.95","25,400","13,389","          1.90","12,360","13,040","          0.95","25,287","13,320","          1.90","12,311","12,976","          0.95","25,255","13,315","          1.90","12,304","12,951","          0.95","25,181","13,321","          1.89","12,260","12,921","          0.95","25,161","13,332","          1.89","12,241","12,920","          0.95","25,095","13,323","          1.88","12,223","12,872","          0.95","25,121","13,365","          1.88","12,237","12,884","          0.95","25,175","13,409","          1.88","12,253","12,922","          0.95","25,235","13,462","          1.87","12,285","12,950","          0.95","25,173","13,462","          1.87","12,268","12,905","          0.95","25,149","13,465","          1.87","12,238","12,911","          0.95","25,130","13,477","          1.86","12,233","12,897","          0.95","25,186","13,517","          1.86","12,262","12,924","          0.95","25,140","13,503","          1.86","12,252","12,888","          0.95","25,011","13,467","          1.86","12,194","12,817","          0.95","24,953","13,455","          1.85","12,177","12,776","          0.95","24,884","13,440","          1.85","12,148","12,736","          0.95","24,798","13,433","          1.85","12,116","12,682","          0.96","24,761","13,421","          1.84","12,104","12,657","          0.96","24,711","13,418","          1.84","12,085","12,626","          0.96","24,655","13,429","          1.84","12,052","12,603","          0.96","24,592","13,418","          1.83","12,021","12,571","          0.96"
"전라남도 고흥군 (4677000000)","63,869","35,348","          1.81","31,016","32,853","          0.94","63,814","35,359","          1.80","31,004","32,810","          0.94","63,572","35,284","          1.80","30,898","32,674","          0.95","63,508","35,339","          1.80","30,867","32,641","          0.95","63,434","35,338","          1.80","30,819","32,615","          0.94","63,374","35,339","          1.79","30,813","32,561","          0.95","63,239","35,324","          1.79","30,749","32,490","          0.95","63,124","35,326","          1.79","30,683","32,441","          0.95","62,965","35,304","          1.78","30,600","32,365","          0.95","62,930","35,345","          1.78","30,606","32,324","          0.95","62,833","35,352","          1.78","30,566","32,267","          0.95","62,762","35,379","          1.77","30,569","32,193","          0.95","62,631","35,368","          1.77","30,497","32,134","          0.95","62,606","35,420","          1.77","30,504","32,102","          0.95","62,527","35,465","          1.76","30,465","32,062","          0.95","62,530","35,498","          1.76","30,474","32,056","          0.95","62,513","35,545","          1.76","30,459","32,054","          0.95","62,442","35,558","          1.76","30,442","32,000","          0.95","62,387","35,546","          1.76","30,405","31,982","          0.95","62,293","35,550","          1.75","30,357","31,936","          0.95","62,177","35,488","          1.75","30,312","31,865","          0.95","62,048","35,479","          1.75","30,255","31,793","          0.95","62,007","35,479","          1.75","30,232","31,775","          0.95","61,880","35,445","          1.75","30,170","31,710","          0.95","61,805","35,437","          1.74","30,150","31,655","          0.95"
"전라남도 보성군 (4678000000)","40,430","22,665","          1.78","19,702","20,728","          0.95","40,305","22,676","          1.78","19,650","20,655","          0.95","40,169","22,653","          1.77","19,585","20,584","          0.95","40,179","22,701","          1.77","19,592","20,587","          0.95","39,891","22,497","          1.77","19,498","20,393","          0.96","39,838","22,503","          1.77","19,462","20,376","          0.96","39,790","22,531","          1.77","19,430","20,360","          0.95","39,734","22,550","          1.76","19,387","20,347","          0.95","39,592","22,521","          1.76","19,329","20,263","          0.95","39,564","22,540","          1.76","19,314","20,250","          0.95","39,478","22,527","          1.75","19,264","20,214","          0.95","39,375","22,511","          1.75","19,221","20,154","          0.95","39,292","22,500","          1.75","19,172","20,120","          0.95","39,251","22,501","          1.74","19,146","20,105","          0.95","39,200","22,482","          1.74","19,130","20,070","          0.95","39,183","22,508","          1.74","19,127","20,056","          0.95","39,084","22,498","          1.74","19,068","20,016","          0.95","39,031","22,483","          1.74","19,057","19,974","          0.95","38,942","22,472","          1.73","19,022","19,920","          0.95","38,834","22,438","          1.73","18,975","19,859","          0.96","38,683","22,358","          1.73","18,906","19,777","          0.96","38,614","22,338","          1.73","18,888","19,726","          0.96","38,549","22,315","          1.73","18,854","19,695","          0.96","38,471","22,282","          1.73","18,823","19,648","          0.96","38,439","22,275","          1.73","18,803","19,636","          0.96"
"전라남도 화순군 (4679000000)","62,455","31,151","          2.00","30,893","31,562","          0.98","62,478","31,303","          2.00","30,888","31,590","          0.98","62,289","31,253","          1.99","30,820","31,469","          0.98","62,310","31,309","          1.99","30,841","31,469","          0.98","62,225","31,329","          1.99","30,786","31,439","          0.98","62,153","31,363","          1.98","30,733","31,420","          0.98","62,131","31,401","          1.98","30,722","31,409","          0.98","62,439","31,669","          1.97","30,870","31,569","          0.98","62,567","31,831","          1.97","30,932","31,635","          0.98","62,598","31,922","          1.96","30,920","31,678","          0.98","62,618","31,984","          1.96","30,908","31,710","          0.97","62,624","32,012","          1.96","30,910","31,714","          0.97","62,584","32,045","          1.95","30,901","31,683","          0.98","62,650","32,147","          1.95","30,942","31,708","          0.98","62,643","32,164","          1.95","30,946","31,697","          0.98","62,601","32,189","          1.94","30,927","31,674","          0.98","62,587","32,250","          1.94","30,930","31,657","          0.98","62,402","32,178","          1.94","30,839","31,563","          0.98","62,315","32,156","          1.94","30,793","31,522","          0.98","62,207","32,139","          1.94","30,758","31,449","          0.98","62,086","32,118","          1.93","30,699","31,387","          0.98","62,085","32,125","          1.93","30,689","31,396","          0.98","62,058","32,108","          1.93","30,690","31,368","          0.98","62,024","32,093","          1.93","30,643","31,381","          0.98","61,976","32,083","          1.93","30,609","31,367","          0.98"
"전라남도 장흥군 (4680000000)","37,689","20,398","          1.85","18,323","19,366","          0.95","37,528","20,376","          1.84","18,270","19,258","          0.95","37,266","20,252","          1.84","18,134","19,132","          0.95","37,177","20,239","          1.84","18,088","19,089","          0.95","37,095","20,217","          1.83","18,032","19,063","          0.95","37,028","20,218","          1.83","18,009","19,019","          0.95","36,963","20,207","          1.83","17,978","18,985","          0.95","36,876","20,197","          1.83","17,931","18,945","          0.95","36,742","20,170","          1.82","17,856","18,886","          0.95","36,701","20,155","          1.82","17,854","18,847","          0.95","36,622","20,126","          1.82","17,821","18,801","          0.95","36,547","20,103","          1.82","17,785","18,762","          0.95","36,514","20,092","          1.82","17,776","18,738","          0.95","36,405","20,063","          1.81","17,743","18,662","          0.95","36,298","20,024","          1.81","17,678","18,620","          0.95","36,236","20,020","          1.81","17,654","18,582","          0.95","36,181","20,013","          1.81","17,642","18,539","          0.95","36,147","20,005","          1.81","17,620","18,527","          0.95","36,102","19,973","          1.81","17,593","18,509","          0.95","35,999","19,937","          1.81","17,543","18,456","          0.95","35,856","19,867","          1.80","17,499","18,357","          0.95","35,797","19,834","          1.80","17,487","18,310","          0.96","35,726","19,815","          1.80","17,439","18,287","          0.95","35,650","19,788","          1.80","17,402","18,248","          0.95","35,607","19,779","          1.80","17,384","18,223","          0.95"
"전라남도 강진군 (4681000000)","34,568","18,650","          1.85","16,693","17,875","          0.93","34,487","18,626","          1.85","16,667","17,820","          0.94","34,327","18,574","          1.85","16,605","17,722","          0.94","34,314","18,608","          1.84","16,602","17,712","          0.94","34,275","18,622","          1.84","16,582","17,693","          0.94","34,248","18,620","          1.84","16,581","17,667","          0.94","34,194","18,633","          1.84","16,570","17,624","          0.94","34,099","18,641","          1.83","16,514","17,585","          0.94","33,961","18,620","          1.82","16,460","17,501","          0.94","33,860","18,590","          1.82","16,418","17,442","          0.94","33,793","18,576","          1.82","16,370","17,423","          0.94","33,753","18,592","          1.82","16,359","17,394","          0.94","33,664","18,554","          1.81","16,331","17,333","          0.94","33,620","18,560","          1.81","16,308","17,312","          0.94","33,534","18,540","          1.81","16,271","17,263","          0.94","33,503","18,557","          1.81","16,256","17,247","          0.94","33,461","18,565","          1.80","16,242","17,219","          0.94","33,428","18,571","          1.80","16,228","17,200","          0.94","33,397","18,582","          1.80","16,205","17,192","          0.94","33,314","18,569","          1.79","16,164","17,150","          0.94","33,243","18,555","          1.79","16,149","17,094","          0.94","33,223","18,542","          1.79","16,138","17,085","          0.94","33,169","18,532","          1.79","16,115","17,054","          0.94","33,177","18,550","          1.79","16,128","17,049","          0.95","33,157","18,545","          1.79","16,110","17,047","          0.95"
"전라남도 해남군 (4682000000)","68,736","35,308","          1.95","33,924","34,812","          0.97","68,589","35,320","          1.94","33,876","34,713","          0.98","68,291","35,212","          1.94","33,755","34,536","          0.98","68,229","35,261","          1.93","33,735","34,494","          0.98","68,153","35,313","          1.93","33,705","34,448","          0.98","68,055","35,330","          1.93","33,683","34,372","          0.98","67,917","35,322","          1.92","33,608","34,309","          0.98","67,797","35,323","          1.92","33,556","34,241","          0.98","67,576","35,303","          1.91","33,463","34,113","          0.98","67,425","35,284","          1.91","33,386","34,039","          0.98","67,328","35,266","          1.91","33,346","33,982","          0.98","67,166","35,225","          1.91","33,273","33,893","          0.98","67,099","35,235","          1.90","33,247","33,852","          0.98","67,071","35,245","          1.90","33,277","33,794","          0.98","66,961","35,260","          1.90","33,239","33,722","          0.99","66,855","35,237","          1.90","33,195","33,660","          0.99","66,722","35,202","          1.90","33,141","33,581","          0.99","66,629","35,187","          1.89","33,115","33,514","          0.99","66,523","35,193","          1.89","33,074","33,449","          0.99","66,336","35,157","          1.89","32,980","33,356","          0.99","66,129","35,068","          1.89","32,866","33,263","          0.99","66,001","35,047","          1.88","32,811","33,190","          0.99","65,917","35,077","          1.88","32,802","33,115","          0.99","65,831","35,074","          1.88","32,772","33,059","          0.99","65,742","35,086","          1.87","32,730","33,012","          0.99"
"전라남도 영암군 (4683000000)","53,687","27,876","          1.93","27,602","26,085","          1.06","53,652","27,912","          1.92","27,599","26,053","          1.06","53,469","27,881","          1.92","27,581","25,888","          1.07","53,437","27,920","          1.91","27,586","25,851","          1.07","53,370","27,936","          1.91","27,608","25,762","          1.07","53,290","27,993","          1.90","27,555","25,735","          1.07","53,236","28,048","          1.90","27,567","25,669","          1.07","53,108","28,040","          1.89","27,504","25,604","          1.07","53,020","28,068","          1.89","27,484","25,536","          1.08","53,000","28,139","          1.88","27,495","25,505","          1.08","52,964","28,175","          1.88","27,488","25,476","          1.08","52,937","28,197","          1.88","27,485","25,452","          1.08","53,022","28,246","          1.88","27,529","25,493","          1.08","52,946","28,262","          1.87","27,511","25,435","          1.08","52,970","28,316","          1.87","27,552","25,418","          1.08","53,103","28,422","          1.87","27,634","25,469","          1.09","53,108","28,516","          1.86","27,634","25,474","          1.08","53,052","28,554","          1.86","27,603","25,449","          1.08","52,976","28,571","          1.85","27,576","25,400","          1.09","52,898","28,561","          1.85","27,562","25,336","          1.09","52,679","28,408","          1.85","27,481","25,198","          1.09","52,555","28,370","          1.85","27,413","25,142","          1.09","52,513","28,388","          1.85","27,408","25,105","          1.09","52,395","28,353","          1.85","27,359","25,036","          1.09","52,363","28,352","          1.85","27,342","25,021","          1.09"
"전라남도 무안군 (4684000000)","86,940","40,442","          2.15","43,659","43,281","          1.01","87,570","40,793","          2.15","43,952","43,618","          1.01","87,870","40,913","          2.15","44,133","43,737","          1.01","88,075","41,086","          2.14","44,252","43,823","          1.01","88,339","41,240","          2.14","44,409","43,930","          1.01","88,660","41,475","          2.14","44,566","44,094","          1.01","89,184","41,746","          2.14","44,817","44,367","          1.01","89,675","41,970","          2.14","45,064","44,611","          1.01","90,086","42,226","          2.13","45,280","44,806","          1.01","90,488","42,384","          2.13","45,431","45,057","          1.01","90,973","42,613","          2.13","45,682","45,291","          1.01","91,107","42,739","          2.13","45,753","45,354","          1.01","91,102","42,790","          2.13","45,776","45,326","          1.01","91,013","42,839","          2.12","45,775","45,238","          1.01","90,874","42,890","          2.12","45,709","45,165","          1.01","90,876","42,957","          2.12","45,706","45,170","          1.01","90,882","43,050","          2.11","45,737","45,145","          1.01","91,078","43,105","          2.11","45,856","45,222","          1.01","91,158","43,147","          2.11","45,894","45,264","          1.01","91,097","43,211","          2.11","45,866","45,231","          1.01","90,904","43,181","          2.11","45,751","45,153","          1.01","90,784","43,220","          2.10","45,693","45,091","          1.01","90,757","43,164","          2.10","45,656","45,101","          1.01","90,608","43,119","          2.10","45,607","45,001","          1.01","90,767","43,206","          2.10","45,617","45,150","          1.01"
"전라남도 함평군 (4686000000)","31,992","18,012","          1.78","16,056","15,936","          1.01","31,899","18,009","          1.77","16,006","15,893","          1.01","31,711","17,880","          1.77","15,939","15,772","          1.01","31,653","17,846","          1.77","15,934","15,719","          1.01","31,629","17,837","          1.77","15,927","15,702","          1.01","31,526","17,838","          1.77","15,889","15,637","          1.02","31,444","17,838","          1.76","15,835","15,609","          1.01","31,418","17,857","          1.76","15,815","15,603","          1.01","31,375","17,877","          1.76","15,801","15,574","          1.01","31,379","17,970","          1.75","15,785","15,594","          1.01","31,343","17,976","          1.74","15,776","15,567","          1.01","31,274","17,980","          1.74","15,730","15,544","          1.01","31,157","17,942","          1.74","15,690","15,467","          1.01","31,126","17,945","          1.73","15,675","15,451","          1.01","31,167","18,033","          1.73","15,696","15,471","          1.01","31,090","18,019","          1.73","15,660","15,430","          1.01","31,076","18,018","          1.72","15,647","15,429","          1.01","31,000","18,010","          1.72","15,613","15,387","          1.01","30,977","18,027","          1.72","15,600","15,377","          1.01","30,952","18,031","          1.72","15,586","15,366","          1.01","30,923","18,008","          1.72","15,587","15,336","          1.02","30,875","18,010","          1.71","15,581","15,294","          1.02","30,848","18,015","          1.71","15,573","15,275","          1.02","30,784","18,010","          1.71","15,539","15,245","          1.02","30,767","18,012","          1.71","15,536","15,231","          1.02"
"전라남도 영광군 (4687000000)","53,048","27,166","          1.95","26,446","26,602","          0.99","52,944","27,181","          1.95","26,399","26,545","          0.99","52,663","27,009","          1.95","26,333","26,330","          1.00","52,587","27,016","          1.95","26,299","26,288","          1.00","52,571","27,033","          1.94","26,288","26,283","          1.00","52,487","27,040","          1.94","26,217","26,270","          1.00","52,407","27,045","          1.94","26,195","26,212","          1.00","52,288","27,023","          1.93","26,129","26,159","          1.00","52,119","26,986","          1.93","26,032","26,087","          1.00","52,113","27,041","          1.93","26,039","26,074","          1.00","52,024","27,069","          1.92","25,979","26,045","          1.00","51,985","27,112","          1.92","25,959","26,026","          1.00","52,045","27,179","          1.91","25,976","26,069","          1.00","51,980","27,236","          1.91","25,949","26,031","          1.00","51,947","27,292","          1.90","25,940","26,007","          1.00","51,973","27,333","          1.90","25,948","26,025","          1.00","52,033","27,411","          1.90","25,992","26,041","          1.00","52,127","27,474","          1.90","26,030","26,097","          1.00","52,292","27,547","          1.90","26,118","26,174","          1.00","52,348","27,570","          1.90","26,156","26,192","          1.00","52,204","27,490","          1.90","26,102","26,102","          1.00","52,202","27,517","          1.90","26,102","26,100","          1.00","52,169","27,530","          1.89","26,073","26,096","          1.00","52,197","27,549","          1.89","26,081","26,116","          1.00","52,179","27,569","          1.89","26,063","26,116","          1.00"
"전라남도 장성군 (4688000000)","44,330","23,176","          1.91","22,698","21,632","          1.05","44,432","23,279","          1.91","22,774","21,658","          1.05","44,129","23,133","          1.91","22,652","21,477","          1.05","44,078","23,142","          1.90","22,627","21,451","          1.05","44,029","23,159","          1.90","22,601","21,428","          1.05","43,915","23,135","          1.90","22,524","21,391","          1.05","43,808","23,143","          1.89","22,457","21,351","          1.05","43,715","23,116","          1.89","22,394","21,321","          1.05","43,575","23,107","          1.89","22,326","21,249","          1.05","43,553","23,142","          1.88","22,282","21,271","          1.05","43,518","23,167","          1.88","22,272","21,246","          1.05","43,365","23,160","          1.87","22,206","21,159","          1.05","43,343","23,178","          1.87","22,191","21,152","          1.05","43,356","23,244","          1.87","22,222","21,134","          1.05","43,241","23,216","          1.86","22,180","21,061","          1.05","43,239","23,251","          1.86","22,176","21,063","          1.05","43,190","23,239","          1.86","22,150","21,040","          1.05","43,182","23,256","          1.86","22,155","21,027","          1.05","43,231","23,286","          1.86","22,176","21,055","          1.05","43,233","23,330","          1.85","22,210","21,023","          1.06","43,134","23,264","          1.85","22,173","20,961","          1.06","43,118","23,299","          1.85","22,170","20,948","          1.06","43,046","23,276","          1.85","22,117","20,929","          1.06","43,146","23,358","          1.85","22,162","20,984","          1.06","43,043","23,353","          1.84","22,102","20,941","          1.06"
"전라남도 완도군 (4689000000)","49,811","26,272","          1.90","25,056","24,755","          1.01","49,757","26,306","          1.89","25,033","24,724","          1.01","49,673","26,291","          1.89","24,995","24,678","          1.01","49,604","26,296","          1.89","24,960","24,644","          1.01","49,458","26,223","          1.89","24,899","24,559","          1.01","49,404","26,212","          1.88","24,895","24,509","          1.02","49,308","26,178","          1.88","24,836","24,472","          1.01","49,171","26,133","          1.88","24,757","24,414","          1.01","48,990","26,083","          1.88","24,677","24,313","          1.01","48,861","26,056","          1.88","24,606","24,255","          1.01","48,770","26,055","          1.87","24,537","24,233","          1.01","48,631","26,029","          1.87","24,475","24,156","          1.01","48,481","25,974","          1.87","24,408","24,073","          1.01","48,415","25,985","          1.86","24,374","24,041","          1.01","48,329","25,957","          1.86","24,314","24,015","          1.01","48,314","25,966","          1.86","24,328","23,986","          1.01","48,197","25,953","          1.86","24,284","23,913","          1.02","48,079","25,937","          1.85","24,222","23,857","          1.02","48,013","25,917","          1.85","24,203","23,810","          1.02","47,955","25,883","          1.85","24,157","23,798","          1.02","47,830","25,819","          1.85","24,109","23,721","          1.02","47,754","25,800","          1.85","24,087","23,667","          1.02","47,634","25,767","          1.85","24,028","23,606","          1.02","47,597","25,781","          1.85","24,017","23,580","          1.02","47,490","25,766","          1.84","23,980","23,510","          1.02"
"전라남도 진도군 (4690000000)","30,845","16,756","          1.84","15,242","15,603","          0.98","30,709","16,737","          1.83","15,181","15,528","          0.98","30,494","16,640","          1.83","15,100","15,394","          0.98","30,445","16,649","          1.83","15,101","15,344","          0.98","30,421","16,659","          1.83","15,089","15,332","          0.98","30,368","16,700","          1.82","15,052","15,316","          0.98","30,306","16,685","          1.82","15,021","15,285","          0.98","30,242","16,656","          1.82","14,992","15,250","          0.98","30,129","16,636","          1.81","14,931","15,198","          0.98","30,110","16,651","          1.81","14,920","15,190","          0.98","30,104","16,682","          1.80","14,925","15,179","          0.98","30,066","16,700","          1.80","14,908","15,158","          0.98","29,996","16,680","          1.80","14,883","15,113","          0.98","29,969","16,690","          1.80","14,859","15,110","          0.98","29,915","16,674","          1.79","14,844","15,071","          0.98","29,914","16,687","          1.79","14,844","15,070","          0.99","29,888","16,682","          1.79","14,845","15,043","          0.99","29,816","16,651","          1.79","14,802","15,014","          0.99","29,729","16,645","          1.79","14,769","14,960","          0.99","29,686","16,632","          1.78","14,739","14,947","          0.99","29,602","16,610","          1.78","14,708","14,894","          0.99","29,559","16,581","          1.78","14,686","14,873","          0.99","29,543","16,580","          1.78","14,696","14,847","          0.99","29,507","16,578","          1.78","14,684","14,823","          0.99","29,472","16,585","          1.78","14,696","14,776","          0.99"
"전라남도 신안군 (4691000000)","38,768","21,803","          1.78","20,665","18,103","          1.14","38,907","21,935","          1.77","20,740","18,167","          1.14","38,719","21,805","          1.78","20,664","18,055","          1.14","38,741","21,866","          1.77","20,679","18,062","          1.14","38,724","21,889","          1.77","20,671","18,053","          1.15","38,687","21,901","          1.77","20,652","18,035","          1.15","38,614","21,899","          1.76","20,633","17,981","          1.15","38,551","21,894","          1.76","20,602","17,949","          1.15","38,391","21,861","          1.76","20,545","17,846","          1.15","38,326","21,846","          1.75","20,515","17,811","          1.15","38,243","21,833","          1.75","20,471","17,772","          1.15","38,217","21,843","          1.75","20,455","17,762","          1.15","38,096","21,814","          1.75","20,400","17,696","          1.15","38,061","21,823","          1.74","20,396","17,665","          1.15","38,113","21,868","          1.74","20,443","17,670","          1.16","38,140","21,888","          1.74","20,467","17,673","          1.16","38,157","21,911","          1.74","20,471","17,686","          1.16","38,165","21,961","          1.74","20,482","17,683","          1.16","38,170","21,990","          1.74","20,486","17,684","          1.16","38,124","21,954","          1.74","20,472","17,652","          1.16","37,981","21,894","          1.73","20,404","17,577","          1.16","37,910","21,838","          1.74","20,372","17,538","          1.16","37,849","21,824","          1.73","20,348","17,501","          1.16","37,858","21,816","          1.74","20,346","17,512","          1.16","37,807","21,810","          1.73","20,327","17,480","          1.16"
"경상북도  (4700000000)","2,637,639","1,256,416","          2.10","1,328,384","1,309,255","          1.01","2,636,747","1,259,684","          2.09","1,328,167","1,308,580","          1.01","2,635,563","1,262,718","          2.09","1,327,990","1,307,573","          1.02","2,635,896","1,265,410","          2.08","1,328,240","1,307,656","          1.02","2,633,592","1,265,179","          2.08","1,327,307","1,306,285","          1.02","2,632,401","1,266,588","          2.08","1,326,844","1,305,557","          1.02","2,631,649","1,268,267","          2.07","1,326,218","1,305,431","          1.02","2,630,254","1,269,770","          2.07","1,325,354","1,304,900","          1.02","2,628,344","1,271,864","          2.07","1,324,322","1,304,022","          1.02","2,627,925","1,273,579","          2.06","1,324,128","1,303,797","          1.02","2,627,468","1,275,275","          2.06","1,324,021","1,303,447","          1.02","2,626,609","1,276,846","          2.06","1,323,661","1,302,948","          1.02","2,624,310","1,277,295","          2.05","1,322,509","1,301,801","          1.02","2,622,026","1,279,337","          2.05","1,321,638","1,300,388","          1.02","2,619,641","1,281,587","          2.04","1,320,888","1,298,753","          1.02","2,617,552","1,282,737","          2.04","1,320,018","1,297,534","          1.02","2,616,177","1,284,046","          2.04","1,319,332","1,296,845","          1.02","2,613,963","1,284,663","          2.03","1,318,198","1,295,765","          1.02","2,612,016","1,285,289","          2.03","1,317,139","1,294,877","          1.02","2,609,356","1,286,286","          2.03","1,315,815","1,293,541","          1.02","2,605,066","1,285,019","          2.03","1,313,983","1,291,083","          1.02","2,603,389","1,285,483","          2.03","1,313,237","1,290,152","          1.02","2,602,052","1,286,170","          2.02","1,312,637","1,289,415","          1.02","2,600,492","1,286,873","          2.02","1,311,881","1,288,611","          1.02","2,597,527","1,286,840","          2.02","1,310,583","1,286,944","          1.02"
"경상북도 포항시 (4711000000)","502,736","226,057","          2.22","254,224","248,512","          1.02","503,051","226,944","          2.22","254,420","248,631","          1.02","503,786","228,238","          2.21","254,914","248,872","          1.02","504,103","228,898","          2.20","255,122","248,981","          1.02","503,580","228,970","          2.20","254,933","248,647","          1.03","503,634","229,461","          2.19","255,017","248,617","          1.03","503,489","229,763","          2.19","254,961","248,528","          1.03","503,344","230,298","          2.19","254,837","248,507","          1.03","503,146","230,831","          2.18","254,738","248,408","          1.03","503,179","231,176","          2.18","254,811","248,368","          1.03","503,388","231,711","          2.17","255,032","248,356","          1.03","503,852","232,201","          2.17","255,292","248,560","          1.03","503,404","232,261","          2.17","255,012","248,392","          1.03","502,704","232,573","          2.16","254,735","247,969","          1.03","501,691","232,609","          2.16","254,254","247,437","          1.03","500,947","232,602","          2.15","253,898","247,049","          1.03","500,324","232,593","          2.15","253,538","246,786","          1.03","499,854","232,603","          2.15","253,278","246,576","          1.03","499,363","232,609","          2.15","253,032","246,331","          1.03","498,597","232,627","          2.14","252,607","245,990","          1.03","497,900","232,400","          2.14","252,233","245,667","          1.03","497,546","232,428","          2.14","252,051","245,495","          1.03","497,197","232,411","          2.14","251,893","245,304","          1.03","496,650","232,371","          2.14","251,630","245,020","          1.03","496,052","232,329","          2.14","251,362","244,690","          1.03"
"경상북도 포항시 남구 (4711100000)","230,381","106,249","          2.17","118,821","111,560","          1.07","230,712","106,793","          2.16","119,052","111,660","          1.07","231,019","107,443","          2.15","119,293","111,726","          1.07","231,264","107,793","          2.15","119,459","111,805","          1.07","231,084","107,883","          2.14","119,382","111,702","          1.07","230,984","108,103","          2.14","119,367","111,617","          1.07","230,940","108,299","          2.13","119,374","111,566","          1.07","230,550","108,397","          2.13","119,156","111,394","          1.07","230,351","108,629","          2.12","119,087","111,264","          1.07","230,407","108,802","          2.12","119,172","111,235","          1.07","230,644","109,141","          2.11","119,349","111,295","          1.07","230,801","109,419","          2.11","119,438","111,363","          1.07","230,563","109,425","          2.11","119,294","111,269","          1.07","230,268","109,597","          2.10","119,182","111,086","          1.07","229,821","109,598","          2.10","118,992","110,829","          1.07","229,471","109,611","          2.09","118,860","110,611","          1.07","229,188","109,668","          2.09","118,718","110,470","          1.07","229,100","109,729","          2.09","118,654","110,446","          1.07","228,944","109,740","          2.09","118,587","110,357","          1.07","228,610","109,763","          2.08","118,428","110,182","          1.07","228,242","109,620","          2.08","118,221","110,021","          1.07","228,001","109,586","          2.08","118,091","109,910","          1.07","227,770","109,530","          2.08","117,941","109,829","          1.07","227,486","109,532","          2.08","117,785","109,701","          1.07","227,276","109,583","          2.07","117,704","109,572","          1.07"
"경상북도 포항시 북구 (4711300000)","272,355","119,808","          2.27","135,403","136,952","          0.99","272,339","120,151","          2.27","135,368","136,971","          0.99","272,767","120,795","          2.26","135,621","137,146","          0.99","272,839","121,105","          2.25","135,663","137,176","          0.99","272,496","121,087","          2.25","135,551","136,945","          0.99","272,650","121,358","          2.25","135,650","137,000","          0.99","272,549","121,464","          2.24","135,587","136,962","          0.99","272,794","121,901","          2.24","135,681","137,113","          0.99","272,795","122,202","          2.23","135,651","137,144","          0.99","272,772","122,374","          2.23","135,639","137,133","          0.99","272,744","122,570","          2.23","135,683","137,061","          0.99","273,051","122,782","          2.22","135,854","137,197","          0.99","272,841","122,836","          2.22","135,718","137,123","          0.99","272,436","122,976","          2.22","135,553","136,883","          0.99","271,870","123,011","          2.21","135,262","136,608","          0.99","271,476","122,991","          2.21","135,038","136,438","          0.99","271,136","122,925","          2.21","134,820","136,316","          0.99","270,754","122,874","          2.20","134,624","136,130","          0.99","270,419","122,869","          2.20","134,445","135,974","          0.99","269,987","122,864","          2.20","134,179","135,808","          0.99","269,658","122,780","          2.20","134,012","135,646","          0.99","269,545","122,842","          2.19","133,960","135,585","          0.99","269,427","122,881","          2.19","133,952","135,475","          0.99","269,164","122,839","          2.19","133,845","135,319","          0.99","268,776","122,746","          2.19","133,658","135,118","          0.99"
"경상북도 경주시 (4713000000)","253,475","121,727","          2.08","126,853","126,622","          1.00","253,579","122,092","          2.08","126,929","126,650","          1.00","252,911","121,888","          2.07","126,619","126,292","          1.00","252,869","122,131","          2.07","126,589","126,280","          1.00","252,830","122,314","          2.07","126,552","126,278","          1.00","252,602","122,465","          2.06","126,429","126,173","          1.00","252,438","122,566","          2.06","126,344","126,094","          1.00","252,344","122,742","          2.06","126,304","126,040","          1.00","252,444","122,973","          2.05","126,328","126,116","          1.00","252,403","123,032","          2.05","126,297","126,106","          1.00","252,162","123,042","          2.05","126,155","126,007","          1.00","251,889","123,071","          2.05","126,024","125,865","          1.00","251,627","123,141","          2.04","125,864","125,763","          1.00","251,505","123,365","          2.04","125,820","125,685","          1.00","251,154","123,578","          2.03","125,698","125,456","          1.00","251,133","123,823","          2.03","125,674","125,459","          1.00","251,021","123,933","          2.03","125,643","125,378","          1.00","250,857","124,034","          2.02","125,551","125,306","          1.00","250,743","124,065","          2.02","125,480","125,263","          1.00","250,453","124,137","          2.02","125,322","125,131","          1.00","250,108","124,029","          2.02","125,174","124,934","          1.00","249,928","124,003","          2.02","125,075","124,853","          1.00","249,845","124,055","          2.01","124,992","124,853","          1.00","249,607","124,027","          2.01","124,909","124,698","          1.00","249,320","123,983","          2.01","124,780","124,540","          1.00"
"경상북도 김천시 (4715000000)","140,511","67,165","          2.09","70,504","70,007","          1.01","140,560","67,407","          2.09","70,609","69,951","          1.01","140,720","67,851","          2.07","70,659","70,061","          1.01","140,665","67,981","          2.07","70,614","70,051","          1.01","140,629","68,052","          2.07","70,590","70,039","          1.01","140,293","67,881","          2.07","70,444","69,849","          1.01","140,219","67,949","          2.06","70,335","69,884","          1.01","140,130","67,961","          2.06","70,304","69,826","          1.01","140,061","68,026","          2.06","70,263","69,798","          1.01","140,149","68,159","          2.06","70,298","69,851","          1.01","140,120","68,236","          2.05","70,260","69,860","          1.01","140,239","68,393","          2.05","70,305","69,934","          1.01","140,144","68,358","          2.05","70,248","69,896","          1.01","140,039","68,494","          2.04","70,215","69,824","          1.01","140,078","68,789","          2.04","70,286","69,792","          1.01","140,065","68,900","          2.03","70,319","69,746","          1.01","140,023","68,984","          2.03","70,272","69,751","          1.01","139,906","69,009","          2.03","70,224","69,682","          1.01","139,851","69,087","          2.02","70,197","69,654","          1.01","139,710","69,111","          2.02","70,096","69,614","          1.01","139,573","69,070","          2.02","70,015","69,558","          1.01","139,477","69,063","          2.02","69,957","69,520","          1.01","139,396","69,080","          2.02","69,931","69,465","          1.01","139,324","69,038","          2.02","69,900","69,424","          1.01","139,144","68,928","          2.02","69,798","69,346","          1.01"
"경상북도 안동시 (4717000000)","158,675","76,973","          2.06","78,563","80,112","          0.98","158,493","77,132","          2.05","78,398","80,095","          0.98","158,240","77,232","          2.05","78,271","79,969","          0.98","158,210","77,388","          2.04","78,279","79,931","          0.98","157,882","77,267","          2.04","78,167","79,715","          0.98","157,805","77,329","          2.04","78,116","79,689","          0.98","157,690","77,379","          2.04","78,027","79,663","          0.98","157,534","77,398","          2.04","77,935","79,599","          0.98","157,401","77,504","          2.03","77,859","79,542","          0.98","157,317","77,594","          2.03","77,812","79,505","          0.98","157,177","77,627","          2.02","77,742","79,435","          0.98","156,972","77,666","          2.02","77,590","79,382","          0.98","156,729","77,636","          2.02","77,463","79,266","          0.98","156,533","77,681","          2.02","77,396","79,137","          0.98","156,182","77,742","          2.01","77,242","78,940","          0.98","156,023","77,836","          2.00","77,163","78,860","          0.98","156,006","77,914","          2.00","77,144","78,862","          0.98","155,904","77,975","          2.00","77,067","78,837","          0.98","155,725","77,969","          2.00","76,972","78,753","          0.98","155,451","77,903","          2.00","76,851","78,600","          0.98","155,182","77,832","          1.99","76,737","78,445","          0.98","155,020","77,865","          1.99","76,663","78,357","          0.98","154,860","77,839","          1.99","76,585","78,275","          0.98","154,610","77,759","          1.99","76,447","78,163","          0.98","154,351","77,740","          1.99","76,281","78,070","          0.98"
"경상북도 구미시 (4719000000)","415,949","180,189","          2.31","213,567","202,382","          1.06","415,409","180,627","          2.30","213,328","202,081","          1.06","414,953","181,067","          2.29","213,131","201,822","          1.06","414,730","181,296","          2.29","213,007","201,723","          1.06","414,525","181,372","          2.29","212,907","201,618","          1.06","414,284","181,490","          2.28","212,841","201,443","          1.06","414,207","181,732","          2.28","212,803","201,404","          1.06","413,813","181,896","          2.27","212,607","201,206","          1.06","413,594","182,378","          2.27","212,547","201,047","          1.06","413,366","182,595","          2.26","212,427","200,939","          1.06","413,164","182,653","          2.26","212,262","200,902","          1.06","412,581","182,645","          2.26","212,021","200,560","          1.06","412,345","182,799","          2.26","211,954","200,391","          1.06","411,476","183,038","          2.25","211,543","199,933","          1.06","410,412","183,121","          2.24","211,042","199,370","          1.06","409,935","183,228","          2.24","210,795","199,140","          1.06","409,679","183,527","          2.23","210,709","198,970","          1.06","409,555","183,785","          2.23","210,608","198,947","          1.06","409,091","183,853","          2.23","210,324","198,767","          1.06","408,619","184,089","          2.22","210,067","198,552","          1.06","408,179","184,105","          2.22","209,920","198,259","          1.06","407,993","184,181","          2.22","209,839","198,154","          1.06","407,880","184,340","          2.21","209,826","198,054","          1.06","408,110","184,786","          2.21","209,909","198,201","          1.06","407,928","184,999","          2.21","209,902","198,026","          1.06"
"경상북도 영주시 (4721000000)","103,043","49,813","          2.07","51,041","52,002","          0.98","102,917","49,872","          2.06","51,011","51,906","          0.98","102,738","49,869","          2.06","50,945","51,793","          0.98","102,703","50,000","          2.05","50,952","51,751","          0.98","102,506","49,933","          2.05","50,878","51,628","          0.99","102,440","49,959","          2.05","50,850","51,590","          0.99","102,377","49,965","          2.05","50,799","51,578","          0.98","102,258","49,989","          2.05","50,715","51,543","          0.98","102,065","50,024","          2.04","50,617","51,448","          0.98","101,929","50,050","          2.04","50,550","51,379","          0.98","101,895","50,123","          2.03","50,546","51,349","          0.98","101,942","50,271","          2.03","50,591","51,351","          0.99","101,879","50,306","          2.03","50,550","51,329","          0.98","101,786","50,387","          2.02","50,515","51,271","          0.99","101,599","50,450","          2.01","50,426","51,173","          0.99","101,512","50,487","          2.01","50,382","51,130","          0.99","101,421","50,522","          2.01","50,318","51,103","          0.98","101,370","50,576","          2.00","50,292","51,078","          0.98","101,332","50,610","          2.00","50,264","51,068","          0.98","101,192","50,608","          2.00","50,167","51,025","          0.98","100,997","50,571","          2.00","50,064","50,933","          0.98","100,901","50,616","          1.99","50,023","50,878","          0.98","100,823","50,645","          1.99","49,950","50,873","          0.98","100,749","50,663","          1.99","49,920","50,829","          0.98","100,630","50,644","          1.99","49,853","50,777","          0.98"
"경상북도 영천시 (4723000000)","101,799","52,875","          1.93","51,699","50,100","          1.03","102,024","53,117","          1.92","51,890","50,134","          1.04","102,383","53,423","          1.92","52,119","50,264","          1.04","102,529","53,603","          1.91","52,216","50,313","          1.04","102,194","53,392","          1.91","52,047","50,147","          1.04","102,099","53,435","          1.91","51,967","50,132","          1.04","101,856","53,379","          1.91","51,819","50,037","          1.04","101,881","53,458","          1.91","51,795","50,086","          1.03","101,670","53,437","          1.90","51,648","50,022","          1.03","101,681","53,550","          1.90","51,675","50,006","          1.03","101,703","53,672","          1.89","51,660","50,043","          1.03","101,888","53,904","          1.89","51,737","50,151","          1.03","101,634","53,821","          1.89","51,600","50,034","          1.03","101,513","53,890","          1.88","51,553","49,960","          1.03","101,552","54,090","          1.88","51,644","49,908","          1.03","101,492","54,133","          1.87","51,601","49,891","          1.03","101,391","54,173","          1.87","51,529","49,862","          1.03","101,285","54,171","          1.87","51,481","49,804","          1.03","101,222","54,189","          1.87","51,442","49,780","          1.03","101,200","54,249","          1.87","51,430","49,770","          1.03","101,131","54,253","          1.86","51,422","49,709","          1.03","101,181","54,337","          1.86","51,468","49,713","          1.04","101,051","54,334","          1.86","51,388","49,663","          1.03","101,088","54,431","          1.86","51,406","49,682","          1.03","100,946","54,422","          1.85","51,322","49,624","          1.03"
"경상북도 상주시 (4725000000)","97,159","48,860","          1.99","47,589","49,570","          0.96","96,942","48,939","          1.98","47,506","49,436","          0.96","96,855","49,049","          1.97","47,455","49,400","          0.96","96,793","49,086","          1.97","47,438","49,355","          0.96","96,337","48,773","          1.98","47,254","49,083","          0.96","96,273","48,816","          1.97","47,235","49,038","          0.96","96,160","48,787","          1.97","47,186","48,974","          0.96","96,019","48,773","          1.97","47,126","48,893","          0.96","95,788","48,774","          1.96","46,986","48,802","          0.96","95,677","48,761","          1.96","46,928","48,749","          0.96","95,701","48,878","          1.96","46,949","48,752","          0.96","95,566","48,965","          1.95","46,869","48,697","          0.96","95,615","49,046","          1.95","46,875","48,740","          0.96","95,849","49,212","          1.95","47,021","48,828","          0.96","95,771","49,330","          1.94","47,039","48,732","          0.97","95,695","49,385","          1.94","47,007","48,688","          0.97","95,501","49,392","          1.93","46,938","48,563","          0.97","95,490","49,457","          1.93","46,949","48,541","          0.97","95,394","49,458","          1.93","46,911","48,483","          0.97","95,305","49,460","          1.93","46,881","48,424","          0.97","95,108","49,378","          1.93","46,794","48,314","          0.97","95,026","49,362","          1.93","46,747","48,279","          0.97","94,931","49,364","          1.92","46,716","48,215","          0.97","94,823","49,315","          1.92","46,660","48,163","          0.97","94,696","49,281","          1.92","46,599","48,097","          0.97"
"경상북도 문경시 (4728000000)","70,919","36,139","          1.96","34,770","36,149","          0.96","71,030","36,255","          1.96","34,809","36,221","          0.96","71,924","36,880","          1.95","35,294","36,630","          0.96","71,800","36,861","          1.95","35,256","36,544","          0.96","71,591","36,810","          1.94","35,175","36,416","          0.97","71,409","36,778","          1.94","35,098","36,311","          0.97","71,242","36,775","          1.94","34,994","36,248","          0.97","71,045","36,702","          1.94","34,883","36,162","          0.96","71,096","36,807","          1.93","34,911","36,185","          0.96","71,223","36,910","          1.93","34,983","36,240","          0.97","71,159","36,946","          1.93","34,928","36,231","          0.96","71,154","37,069","          1.92","34,919","36,235","          0.96","70,935","37,001","          1.92","34,807","36,128","          0.96","71,106","37,102","          1.92","34,863","36,243","          0.96","72,283","37,666","          1.92","35,426","36,857","          0.96","72,212","37,702","          1.92","35,412","36,800","          0.96","72,390","37,769","          1.92","35,486","36,904","          0.96","72,065","37,695","          1.91","35,326","36,739","          0.96","71,752","37,659","          1.91","35,176","36,576","          0.96","71,481","37,573","          1.90","35,072","36,409","          0.96","71,003","37,283","          1.90","34,898","36,105","          0.97","70,847","37,217","          1.90","34,814","36,033","          0.97","70,645","37,143","          1.90","34,706","35,939","          0.97","70,373","37,056","          1.90","34,577","35,796","          0.97","70,082","36,977","          1.90","34,446","35,636","          0.97"
"경상북도 경산시 (4729000000)","264,150","120,176","          2.20","132,986","131,164","          1.01","264,279","120,577","          2.19","133,031","131,248","          1.01","264,023","120,655","          2.19","132,924","131,099","          1.01","264,722","121,239","          2.18","133,303","131,419","          1.01","265,888","121,960","          2.18","133,807","132,081","          1.01","266,747","122,666","          2.17","134,238","132,509","          1.01","267,453","123,338","          2.17","134,544","132,909","          1.01","267,935","123,760","          2.16","134,763","133,172","          1.01","268,331","124,332","          2.16","134,945","133,386","          1.01","268,431","124,572","          2.15","135,001","133,430","          1.01","268,455","124,786","          2.15","135,017","133,438","          1.01","268,369","124,869","          2.15","134,940","133,429","          1.01","268,157","124,959","          2.15","134,859","133,298","          1.01","268,087","125,244","          2.14","134,850","133,237","          1.01","267,844","125,450","          2.14","134,732","133,112","          1.01","267,583","125,549","          2.13","134,616","132,967","          1.01","267,579","125,802","          2.13","134,591","132,988","          1.01","267,423","125,875","          2.12","134,526","132,897","          1.01","267,607","126,071","          2.12","134,623","132,984","          1.01","268,138","126,645","          2.12","134,906","133,232","          1.01","267,891","126,727","          2.11","134,812","133,079","          1.01","267,710","126,869","          2.11","134,722","132,988","          1.01","267,763","127,105","          2.11","134,768","132,995","          1.01","267,725","127,392","          2.10","134,746","132,979","          1.01","267,424","127,435","          2.10","134,616","132,808","          1.01"
"경상북도 군위군 (4772000000)","23,216","13,112","          1.77","11,853","11,363","          1.04","23,130","13,108","          1.76","11,820","11,310","          1.05","23,094","13,114","          1.76","11,810","11,284","          1.05","23,063","13,123","          1.76","11,789","11,274","          1.05","22,942","13,043","          1.76","11,737","11,205","          1.05","22,924","13,063","          1.75","11,730","11,194","          1.05","22,880","13,068","          1.75","11,709","11,171","          1.05","22,853","13,062","          1.75","11,698","11,155","          1.05","22,829","13,075","          1.75","11,695","11,134","          1.05","22,894","13,161","          1.74","11,723","11,171","          1.05","22,899","13,196","          1.74","11,730","11,169","          1.05","22,945","13,258","          1.73","11,761","11,184","          1.05","23,008","13,302","          1.73","11,795","11,213","          1.05","23,053","13,344","          1.73","11,799","11,254","          1.05","23,258","13,457","          1.73","11,894","11,364","          1.05","23,314","13,526","          1.72","11,926","11,388","          1.05","23,409","13,575","          1.72","11,986","11,423","          1.05","23,405","13,617","          1.72","11,973","11,432","          1.05","23,359","13,626","          1.71","11,956","11,403","          1.05","23,318","13,635","          1.71","11,928","11,390","          1.05","23,312","13,641","          1.71","11,941","11,371","          1.05","23,302","13,645","          1.71","11,927","11,375","          1.05","23,338","13,672","          1.71","11,953","11,385","          1.05","23,340","13,693","          1.70","11,969","11,371","          1.05","23,307","13,689","          1.70","11,954","11,353","          1.05"
"경상북도 의성군 (4773000000)","51,601","28,771","          1.79","25,211","26,390","          0.96","51,501","28,783","          1.79","25,172","26,329","          0.96","51,404","28,784","          1.79","25,142","26,262","          0.96","51,380","28,834","          1.78","25,127","26,253","          0.96","51,161","28,699","          1.78","25,048","26,113","          0.96","51,099","28,759","          1.78","25,016","26,083","          0.96","51,042","28,792","          1.77","24,964","26,078","          0.96","50,952","28,781","          1.77","24,913","26,039","          0.96","50,831","28,784","          1.77","24,859","25,972","          0.96","50,739","28,789","          1.76","24,813","25,926","          0.96","50,665","28,783","          1.76","24,806","25,859","          0.96","50,632","28,798","          1.76","24,796","25,836","          0.96","50,561","28,808","          1.76","24,782","25,779","          0.96","50,487","28,846","          1.75","24,753","25,734","          0.96","50,560","28,930","          1.75","24,809","25,751","          0.96","50,609","28,976","          1.75","24,855","25,754","          0.97","50,597","29,008","          1.74","24,868","25,729","          0.97","50,554","29,010","          1.74","24,851","25,703","          0.97","50,477","28,992","          1.74","24,823","25,654","          0.97","50,374","28,981","          1.74","24,779","25,595","          0.97","50,241","28,927","          1.74","24,730","25,511","          0.97","50,172","28,898","          1.74","24,690","25,482","          0.97","50,113","28,900","          1.73","24,665","25,448","          0.97","50,186","29,005","          1.73","24,709","25,477","          0.97","50,123","29,017","          1.73","24,682","25,441","          0.97"
"경상북도 청송군 (4775000000)","25,030","14,081","          1.78","12,477","12,553","          0.99","24,991","14,112","          1.77","12,478","12,513","          1.00","24,907","14,075","          1.77","12,444","12,463","          1.00","24,904","14,109","          1.77","12,433","12,471","          1.00","24,825","14,052","          1.77","12,380","12,445","          0.99","24,784","14,060","          1.76","12,359","12,425","          0.99","24,768","14,069","          1.76","12,346","12,422","          0.99","24,773","14,075","          1.76","12,340","12,433","          0.99","24,706","14,066","          1.76","12,306","12,400","          0.99","24,605","14,027","          1.75","12,253","12,352","          0.99","24,590","14,044","          1.75","12,269","12,321","          1.00","24,539","14,029","          1.75","12,261","12,278","          1.00","24,535","14,047","          1.75","12,262","12,273","          1.00","24,546","14,051","          1.75","12,275","12,271","          1.00","24,538","14,085","          1.74","12,281","12,257","          1.00","24,555","14,110","          1.74","12,303","12,252","          1.00","24,532","14,106","          1.74","12,291","12,241","          1.00","24,486","14,093","          1.74","12,267","12,219","          1.00","24,464","14,077","          1.74","12,249","12,215","          1.00","24,387","14,074","          1.73","12,221","12,166","          1.00","24,286","14,031","          1.73","12,154","12,132","          1.00","24,289","14,041","          1.73","12,155","12,134","          1.00","24,288","14,052","          1.73","12,163","12,125","          1.00","24,295","14,038","          1.73","12,168","12,127","          1.00","24,250","14,030","          1.73","12,145","12,105","          1.00"
"경상북도 영양군 (4776000000)","16,638","9,092","          1.83","8,237","8,401","          0.98","16,623","9,086","          1.83","8,231","8,392","          0.98","16,549","9,048","          1.83","8,204","8,345","          0.98","16,516","9,042","          1.83","8,183","8,333","          0.98","16,494","9,039","          1.82","8,187","8,307","          0.99","16,411","8,986","          1.83","8,179","8,232","          0.99","16,396","8,992","          1.82","8,175","8,221","          0.99","16,350","8,994","          1.82","8,155","8,195","          1.00","16,319","9,012","          1.81","8,125","8,194","          0.99","16,330","9,039","          1.81","8,137","8,193","          0.99","16,335","9,052","          1.80","8,138","8,197","          0.99","16,320","9,055","          1.80","8,144","8,176","          1.00","16,289","9,061","          1.80","8,137","8,152","          1.00","16,248","9,052","          1.79","8,108","8,140","          1.00","16,256","9,074","          1.79","8,111","8,145","          1.00","16,263","9,111","          1.78","8,130","8,133","          1.00","16,262","9,127","          1.78","8,126","8,136","          1.00","16,218","9,112","          1.78","8,099","8,119","          1.00","16,200","9,117","          1.78","8,081","8,119","          1.00","16,126","9,098","          1.77","8,052","8,074","          1.00","16,095","9,080","          1.77","8,031","8,064","          1.00","16,066","9,082","          1.77","8,020","8,046","          1.00","16,058","9,079","          1.77","8,016","8,042","          1.00","16,022","9,070","          1.77","7,997","8,025","          1.00","15,988","9,056","          1.77","7,983","8,005","          1.00"
"경상북도 영덕군 (4777000000)","36,245","20,168","          1.80","17,163","19,082","          0.90","36,188","20,170","          1.79","17,155","19,033","          0.90","36,043","20,150","          1.79","17,086","18,957","          0.90","35,962","20,138","          1.79","17,031","18,931","          0.90","35,912","20,103","          1.79","17,021","18,891","          0.90","35,779","20,037","          1.79","16,972","18,807","          0.90","35,732","20,033","          1.78","16,933","18,799","          0.90","35,678","20,026","          1.78","16,902","18,776","          0.90","35,540","19,976","          1.78","16,854","18,686","          0.90","35,497","19,973","          1.78","16,847","18,650","          0.90","35,451","19,948","          1.78","16,834","18,617","          0.90","35,314","19,895","          1.78","16,777","18,537","          0.91","35,282","19,878","          1.77","16,785","18,497","          0.91","35,187","19,860","          1.77","16,730","18,457","          0.91","35,166","19,880","          1.77","16,744","18,422","          0.91","35,122","19,872","          1.77","16,726","18,396","          0.91","35,092","19,848","          1.77","16,687","18,405","          0.91","35,034","19,835","          1.77","16,664","18,370","          0.91","34,991","19,828","          1.76","16,633","18,358","          0.91","34,937","19,834","          1.76","16,617","18,320","          0.91","34,772","19,727","          1.76","16,546","18,226","          0.91","34,759","19,733","          1.76","16,545","18,214","          0.91","34,688","19,721","          1.76","16,513","18,175","          0.91","34,650","19,741","          1.76","16,481","18,169","          0.91","34,617","19,739","          1.75","16,470","18,147","          0.91"
"경상북도 청도군 (4782000000)","42,245","22,885","          1.85","20,782","21,463","          0.97","42,226","22,933","          1.84","20,769","21,457","          0.97","42,119","22,942","          1.84","20,705","21,414","          0.97","42,085","22,960","          1.83","20,707","21,378","          0.97","41,952","22,925","          1.83","20,642","21,310","          0.97","41,847","22,935","          1.82","20,580","21,267","          0.97","41,804","22,968","          1.82","20,551","21,253","          0.97","41,736","22,966","          1.82","20,518","21,218","          0.97","41,670","22,987","          1.81","20,484","21,186","          0.97","41,736","23,082","          1.81","20,495","21,241","          0.96","41,827","23,179","          1.80","20,549","21,278","          0.97","41,891","23,251","          1.80","20,598","21,293","          0.97","41,903","23,277","          1.80","20,602","21,301","          0.97","41,856","23,324","          1.79","20,592","21,264","          0.97","41,781","23,330","          1.79","20,576","21,205","          0.97","41,734","23,331","          1.79","20,575","21,159","          0.97","41,694","23,329","          1.79","20,581","21,113","          0.97","41,654","23,335","          1.79","20,563","21,091","          0.97","41,617","23,356","          1.78","20,542","21,075","          0.97","41,609","23,384","          1.78","20,534","21,075","          0.97","41,491","23,350","          1.78","20,474","21,017","          0.97","41,544","23,393","          1.78","20,489","21,055","          0.97","41,586","23,437","          1.77","20,516","21,070","          0.97","41,614","23,443","          1.78","20,541","21,073","          0.97","41,600","23,457","          1.77","20,533","21,067","          0.97"
"경상북도 고령군 (4783000000)","31,310","16,526","          1.89","16,044","15,266","          1.05","31,245","16,515","          1.89","16,013","15,232","          1.05","31,167","16,508","          1.89","15,993","15,174","          1.05","31,133","16,539","          1.88","15,978","15,155","          1.05","31,024","16,499","          1.88","15,939","15,085","          1.06","30,927","16,480","          1.88","15,879","15,048","          1.06","30,855","16,473","          1.87","15,851","15,004","          1.06","30,792","16,488","          1.87","15,830","14,962","          1.06","30,683","16,472","          1.86","15,762","14,921","          1.06","30,694","16,518","          1.86","15,769","14,925","          1.06","30,673","16,551","          1.85","15,762","14,911","          1.06","30,626","16,556","          1.85","15,741","14,885","          1.06","30,623","16,582","          1.85","15,732","14,891","          1.06","30,610","16,611","          1.84","15,722","14,888","          1.06","30,525","16,611","          1.84","15,684","14,841","          1.06","30,508","16,606","          1.84","15,674","14,834","          1.06","30,428","16,596","          1.83","15,625","14,803","          1.06","30,377","16,593","          1.83","15,596","14,781","          1.06","30,333","16,597","          1.83","15,579","14,754","          1.06","30,289","16,601","          1.82","15,547","14,742","          1.05","30,198","16,572","          1.82","15,499","14,699","          1.05","30,206","16,606","          1.82","15,484","14,722","          1.05","30,326","16,726","          1.81","15,555","14,771","          1.05","30,353","16,758","          1.81","15,572","14,781","          1.05","30,333","16,767","          1.81","15,580","14,753","          1.06"
"경상북도 성주군 (4784000000)","43,335","23,526","          1.84","22,429","20,906","          1.07","43,234","23,527","          1.84","22,375","20,859","          1.07","43,105","23,532","          1.83","22,329","20,776","          1.07","43,118","23,572","          1.83","22,314","20,804","          1.07","43,004","23,511","          1.83","22,260","20,744","          1.07","42,964","23,524","          1.83","22,238","20,726","          1.07","42,964","23,550","          1.82","22,248","20,716","          1.07","42,880","23,530","          1.82","22,197","20,683","          1.07","42,782","23,513","          1.82","22,155","20,627","          1.07","42,781","23,538","          1.82","22,174","20,607","          1.08","42,766","23,571","          1.81","22,166","20,600","          1.08","42,842","23,621","          1.81","22,216","20,626","          1.08","42,916","23,658","          1.81","22,254","20,662","          1.08","42,972","23,721","          1.81","22,308","20,664","          1.08","42,944","23,757","          1.81","22,308","20,636","          1.08","42,930","23,787","          1.80","22,317","20,613","          1.08","42,910","23,831","          1.80","22,313","20,597","          1.08","42,861","23,823","          1.80","22,280","20,581","          1.08","42,822","23,852","          1.80","22,256","20,566","          1.08","42,740","23,860","          1.79","22,227","20,513","          1.08","42,620","23,816","          1.79","22,167","20,453","          1.08","42,595","23,820","          1.79","22,178","20,417","          1.09","42,578","23,873","          1.78","22,180","20,398","          1.09","42,566","23,918","          1.78","22,161","20,405","          1.09","42,588","23,975","          1.78","22,172","20,416","          1.09"
"경상북도 칠곡군 (4785000000)","114,777","53,133","          2.16","59,819","54,958","          1.09","114,691","53,236","          2.15","59,741","54,950","          1.09","114,381","53,240","          2.15","59,593","54,788","          1.09","114,297","53,287","          2.14","59,540","54,757","          1.09","114,029","53,156","          2.15","59,450","54,579","          1.09","114,016","53,259","          2.14","59,430","54,586","          1.09","113,981","53,360","          2.14","59,388","54,593","          1.09","114,021","53,498","          2.13","59,390","54,631","          1.09","113,870","53,565","          2.13","59,311","54,559","          1.09","113,843","53,664","          2.12","59,251","54,592","          1.09","113,896","53,799","          2.12","59,313","54,583","          1.09","113,822","53,883","          2.11","59,260","54,562","          1.09","113,683","53,932","          2.11","59,203","54,480","          1.09","113,664","54,066","          2.10","59,207","54,457","          1.09","113,455","54,130","          2.10","59,142","54,313","          1.09","113,311","54,167","          2.09","59,070","54,241","          1.09","113,312","54,328","          2.09","59,085","54,227","          1.09","113,184","54,373","          2.08","59,060","54,124","          1.09","113,157","54,439","          2.08","59,040","54,117","          1.09","112,993","54,485","          2.07","58,973","54,020","          1.09","112,740","54,384","          2.07","58,916","53,824","          1.09","112,626","54,424","          2.07","58,911","53,715","          1.10","112,598","54,463","          2.07","58,880","53,718","          1.10","112,487","54,443","          2.07","58,821","53,666","          1.10","112,329","54,447","          2.06","58,805","53,524","          1.10"
"경상북도 예천군 (4790000000)","55,709","27,389","          2.03","27,411","28,298","          0.97","55,807","27,489","          2.03","27,441","28,366","          0.97","55,649","27,433","          2.03","27,391","28,258","          0.97","55,716","27,511","          2.03","27,393","28,323","          0.97","55,800","27,582","          2.02","27,416","28,384","          0.97","55,784","27,605","          2.02","27,398","28,386","          0.97","55,845","27,648","          2.02","27,430","28,415","          0.97","55,846","27,691","          2.02","27,439","28,407","          0.97","55,802","27,720","          2.01","27,415","28,387","          0.97","55,809","27,750","          2.01","27,405","28,404","          0.96","55,824","27,786","          2.01","27,414","28,410","          0.96","55,739","27,771","          2.01","27,391","28,348","          0.97","55,718","27,791","          2.00","27,379","28,339","          0.97","55,704","27,828","          2.00","27,381","28,323","          0.97","55,538","27,808","          2.00","27,308","28,230","          0.97","55,645","27,868","          2.00","27,362","28,283","          0.97","55,647","27,872","          2.00","27,352","28,295","          0.97","55,572","27,860","          1.99","27,316","28,256","          0.97","55,671","27,955","          1.99","27,353","28,318","          0.97","55,705","28,042","          1.99","27,341","28,364","          0.96","55,716","28,065","          1.99","27,342","28,374","          0.96","55,793","28,140","          1.98","27,398","28,395","          0.96","55,814","28,195","          1.98","27,427","28,387","          0.97","55,755","28,155","          1.98","27,400","28,355","          0.97","55,741","28,144","          1.98","27,376","28,365","          0.97"
"경상북도 봉화군 (4792000000)","31,407","16,913","          1.86","15,817","15,590","          1.01","31,317","16,905","          1.85","15,773","15,544","          1.01","31,232","16,895","          1.85","15,740","15,492","          1.02","31,236","16,930","          1.85","15,746","15,490","          1.02","31,142","16,860","          1.85","15,702","15,440","          1.02","31,084","16,861","          1.84","15,680","15,404","          1.02","31,057","16,896","          1.84","15,662","15,395","          1.02","30,969","16,872","          1.84","15,627","15,342","          1.02","30,860","16,862","          1.83","15,577","15,283","          1.02","30,807","16,858","          1.83","15,560","15,247","          1.02","30,802","16,882","          1.82","15,571","15,231","          1.02","30,762","16,882","          1.82","15,551","15,211","          1.02","30,682","16,856","          1.82","15,505","15,177","          1.02","30,635","16,864","          1.82","15,488","15,147","          1.02","30,594","16,868","          1.81","15,469","15,125","          1.02","30,572","16,908","          1.81","15,443","15,129","          1.02","30,515","16,922","          1.80","15,442","15,073","          1.02","30,478","16,911","          1.80","15,429","15,049","          1.03","30,462","16,927","          1.80","15,428","15,034","          1.03","30,413","16,909","          1.80","15,417","14,996","          1.03","30,317","16,851","          1.80","15,385","14,932","          1.03","30,272","16,849","          1.80","15,361","14,911","          1.03","30,207","16,833","          1.79","15,328","14,879","          1.03","30,139","16,830","          1.79","15,295","14,844","          1.03","30,096","16,829","          1.79","15,280","14,816","          1.03"
"경상북도 울진군 (4793000000)","48,675","25,549","          1.91","24,412","24,263","          1.01","48,460","25,525","          1.90","24,303","24,157","          1.01","48,361","25,524","          1.89","24,278","24,083","          1.01","48,327","25,535","          1.89","24,262","24,065","          1.01","48,313","25,521","          1.89","24,252","24,061","          1.01","48,206","25,437","          1.90","24,213","23,993","          1.01","48,175","25,453","          1.89","24,193","23,982","          1.01","48,125","25,482","          1.89","24,146","23,979","          1.01","47,969","25,475","          1.88","24,058","23,911","          1.01","47,941","25,500","          1.88","24,052","23,889","          1.01","47,928","25,537","          1.88","24,056","23,872","          1.01","47,858","25,535","          1.87","24,026","23,832","          1.01","47,775","25,504","          1.87","23,979","23,796","          1.01","47,552","25,453","          1.87","23,877","23,675","          1.01","47,483","25,457","          1.87","23,836","23,647","          1.01","47,389","25,438","          1.86","23,824","23,565","          1.01","47,430","25,480","          1.86","23,851","23,579","          1.01","47,349","25,462","          1.86","23,805","23,544","          1.01","47,321","25,491","          1.86","23,782","23,539","          1.01","47,249","25,494","          1.85","23,762","23,487","          1.01","47,167","25,459","          1.85","23,729","23,438","          1.01","47,123","25,452","          1.85","23,729","23,394","          1.01","47,082","25,448","          1.85","23,702","23,380","          1.01","47,030","25,462","          1.85","23,687","23,343","          1.01","47,015","25,486","          1.84","23,679","23,336","          1.01"
"경상북도 울릉군 (4794000000)","9,035","5,297","          1.71","4,933","4,102","          1.20","9,050","5,333","          1.70","4,965","4,085","          1.22","9,019","5,321","          1.69","4,944","4,075","          1.21","9,035","5,347","          1.69","4,961","4,074","          1.22","9,032","5,346","          1.69","4,963","4,069","          1.22","8,990","5,302","          1.70","4,935","4,055","          1.22","9,019","5,332","          1.69","4,956","4,063","          1.22","8,976","5,328","          1.68","4,930","4,046","          1.22","8,887","5,271","          1.69","4,879","4,008","          1.22","8,894","5,281","          1.68","4,867","4,027","          1.21","8,888","5,273","          1.69","4,862","4,026","          1.21","8,867","5,258","          1.69","4,851","4,016","          1.21","8,866","5,271","          1.68","4,862","4,004","          1.21","8,914","5,331","          1.67","4,887","4,027","          1.21","8,977","5,375","          1.67","4,937","4,040","          1.22","9,003","5,392","          1.67","4,946","4,057","          1.22","9,014","5,415","          1.66","4,957","4,057","          1.22","9,082","5,459","          1.66","4,993","4,089","          1.22","9,062","5,462","          1.66","4,996","4,066","          1.23","9,070","5,487","          1.65","5,018","4,052","          1.24","9,039","5,468","          1.65","5,000","4,039","          1.24","9,013","5,459","          1.65","4,991","4,022","          1.24","8,985","5,455","          1.65","4,984","4,001","          1.25","8,996","5,479","          1.64","4,976","4,020","          1.24","8,967","5,466","          1.64","4,965","4,002","          1.24"
"경상남도  (4800000000)","3,338,396","1,487,083","          2.24","1,680,383","1,658,013","          1.01","3,336,045","1,490,502","          2.24","1,679,295","1,656,750","          1.01","3,330,463","1,490,880","          2.23","1,677,021","1,653,442","          1.01","3,329,623","1,493,396","          2.23","1,676,550","1,653,073","          1.01","3,327,298","1,494,518","          2.23","1,675,389","1,651,909","          1.01","3,325,840","1,496,137","          2.22","1,674,612","1,651,228","          1.01","3,324,735","1,498,081","          2.22","1,674,003","1,650,732","          1.01","3,322,373","1,499,638","          2.22","1,672,737","1,649,636","          1.01","3,319,271","1,501,655","          2.21","1,671,042","1,648,229","          1.01","3,318,161","1,503,397","          2.21","1,670,394","1,647,767","          1.01","3,316,365","1,504,605","          2.20","1,669,512","1,646,853","          1.01","3,314,183","1,505,971","          2.20","1,668,338","1,645,845","          1.01","3,311,438","1,506,797","          2.20","1,666,968","1,644,470","          1.01","3,307,005","1,508,852","          2.19","1,664,907","1,642,098","          1.01","3,303,274","1,510,929","          2.19","1,663,146","1,640,128","          1.01","3,300,692","1,512,847","          2.18","1,661,866","1,638,826","          1.01","3,298,016","1,514,453","          2.18","1,660,600","1,637,416","          1.01","3,295,615","1,515,190","          2.18","1,659,245","1,636,370","          1.01","3,293,709","1,515,978","          2.17","1,658,198","1,635,511","          1.01","3,290,991","1,516,883","          2.17","1,656,746","1,634,245","          1.01","3,286,470","1,515,985","          2.17","1,654,622","1,631,848","          1.01","3,284,495","1,516,472","          2.17","1,653,654","1,630,841","          1.01","3,282,849","1,516,647","          2.16","1,652,807","1,630,042","          1.01","3,280,493","1,516,930","          2.16","1,651,675","1,628,818","          1.01","3,277,672","1,517,009","          2.16","1,650,300","1,627,372","          1.01"
"경상남도 창원시 (4812000000)","1,036,203","442,962","          2.34","524,947","511,256","          1.03","1,035,574","444,131","          2.33","524,688","510,886","          1.03","1,034,977","445,268","          2.32","524,419","510,558","          1.03","1,034,705","446,135","          2.32","524,287","510,418","          1.03","1,034,130","446,439","          2.32","524,029","510,101","          1.03","1,034,527","447,385","          2.31","524,225","510,302","          1.03","1,034,635","448,373","          2.31","524,211","510,424","          1.03","1,034,150","449,121","          2.30","523,919","510,231","          1.03","1,033,979","450,188","          2.30","523,791","510,188","          1.03","1,033,729","450,848","          2.29","523,629","510,100","          1.03","1,033,281","451,423","          2.29","523,465","509,816","          1.03","1,032,741","451,940","          2.29","523,223","509,518","          1.03","1,031,948","452,443","          2.28","522,799","509,149","          1.03","1,030,311","453,157","          2.27","522,012","508,299","          1.03","1,028,875","454,034","          2.27","521,296","507,579","          1.03","1,028,152","455,079","          2.26","520,904","507,248","          1.03","1,027,429","455,747","          2.25","520,548","506,881","          1.03","1,026,749","456,089","          2.25","520,087","506,662","          1.03","1,026,057","456,263","          2.25","519,679","506,378","          1.03","1,024,964","456,650","          2.24","519,080","505,884","          1.03","1,023,777","456,340","          2.24","518,462","505,315","          1.03","1,023,269","456,498","          2.24","518,179","505,090","          1.03","1,022,641","456,313","          2.24","517,816","504,825","          1.03","1,021,487","456,191","          2.24","517,211","504,276","          1.03","1,020,593","456,181","          2.24","516,701","503,892","          1.03"
"경상남도 창원시 의창구 (4812100000)","261,845","111,702","          2.34","133,265","128,580","          1.04","261,339","111,901","          2.34","133,019","128,320","          1.04","260,953","112,122","          2.33","132,831","128,122","          1.04","260,623","112,227","          2.32","132,638","127,985","          1.04","260,346","112,257","          2.32","132,480","127,866","          1.04","260,018","112,301","          2.32","132,314","127,704","          1.04","218,589","94,827","          2.31","111,364","107,225","          1.04","218,422","95,047","          2.30","111,226","107,196","          1.04","218,376","95,291","          2.29","111,195","107,181","          1.04","218,234","95,412","          2.29","111,085","107,149","          1.04","218,131","95,500","          2.28","111,038","107,093","          1.04","218,027","95,630","          2.28","110,998","107,029","          1.04","217,823","95,732","          2.28","110,898","106,925","          1.04","217,623","95,941","          2.27","110,869","106,754","          1.04","217,224","96,112","          2.26","110,689","106,535","          1.04","216,891","96,283","          2.25","110,536","106,355","          1.04","216,665","96,406","          2.25","110,386","106,279","          1.04","216,485","96,455","          2.24","110,277","106,208","          1.04","216,412","96,518","          2.24","110,212","106,200","          1.04","216,241","96,555","          2.24","110,106","106,135","          1.04","216,097","96,587","          2.24","110,009","106,088","          1.04","216,095","96,715","          2.23","109,983","106,112","          1.04","216,077","96,733","          2.23","109,965","106,112","          1.04","215,823","96,712","          2.23","109,824","105,999","          1.04","215,770","96,695","          2.23","109,763","106,007","          1.04"
"경상남도 창원시 성산구 (4812300000)","214,067","86,199","          2.48","109,349","104,718","          1.04","213,520","86,285","          2.47","109,060","104,460","          1.04","212,926","86,386","          2.46","108,787","104,139","          1.04","212,662","86,510","          2.46","108,658","104,004","          1.04","212,396","86,591","          2.45","108,541","103,855","          1.05","212,180","86,714","          2.45","108,457","103,723","          1.05","253,362","104,562","          2.42","129,261","124,101","          1.04","252,996","104,668","          2.42","129,076","123,920","          1.04","252,776","104,891","          2.41","128,929","123,847","          1.04","252,396","104,972","          2.40","128,793","123,603","          1.04","251,982","105,005","          2.40","128,576","123,406","          1.04","251,562","105,052","          2.39","128,346","123,216","          1.04","251,315","105,176","          2.39","128,187","123,128","          1.04","250,618","105,305","          2.38","127,772","122,846","          1.04","250,100","105,528","          2.37","127,496","122,604","          1.04","250,205","106,050","          2.36","127,578","122,627","          1.04","250,147","106,275","          2.35","127,618","122,529","          1.04","250,029","106,392","          2.35","127,499","122,530","          1.04","249,886","106,447","          2.35","127,460","122,426","          1.04","249,447","106,503","          2.34","127,229","122,218","          1.04","249,155","106,430","          2.34","127,067","122,088","          1.04","248,840","106,320","          2.34","126,910","121,930","          1.04","248,650","106,201","          2.34","126,810","121,840","          1.04","248,512","106,194","          2.34","126,737","121,775","          1.04","248,280","106,182","          2.34","126,627","121,653","          1.04"
"경상남도 창원시 마산합포구 (4812500000)","176,636","80,686","          2.19","87,863","88,773","          0.99","177,905","81,409","          2.19","88,555","89,350","          0.99","178,773","81,969","          2.18","88,979","89,794","          0.99","179,434","82,414","          2.18","89,323","90,111","          0.99","179,657","82,521","          2.18","89,458","90,199","          0.99","180,374","82,904","          2.18","89,785","90,589","          0.99","180,600","83,122","          2.17","89,869","90,731","          0.99","180,795","83,313","          2.17","89,940","90,855","          0.99","180,954","83,573","          2.17","90,018","90,936","          0.99","181,146","83,753","          2.16","90,077","91,069","          0.99","181,226","83,930","          2.16","90,123","91,103","          0.99","181,322","84,087","          2.16","90,141","91,181","          0.99","181,339","84,217","          2.15","90,142","91,197","          0.99","181,306","84,392","          2.15","90,148","91,158","          0.99","181,235","84,637","          2.14","90,125","91,110","          0.99","181,110","84,795","          2.14","90,057","91,053","          0.99","180,974","84,910","          2.13","89,979","90,995","          0.99","180,790","84,914","          2.13","89,888","90,902","          0.99","180,611","84,915","          2.13","89,785","90,826","          0.99","180,489","85,031","          2.12","89,727","90,762","          0.99","180,147","84,834","          2.12","89,599","90,548","          0.99","179,985","84,846","          2.12","89,511","90,474","          0.99","179,781","84,780","          2.12","89,387","90,394","          0.99","179,496","84,722","          2.12","89,243","90,253","          0.99","179,282","84,715","          2.12","89,113","90,169","          0.99"
"경상남도 창원시 마산회원구 (4812700000)","190,739","82,285","          2.32","95,637","95,102","          1.01","190,068","82,258","          2.31","95,265","94,803","          1.00","189,593","82,349","          2.30","95,030","94,563","          1.00","189,134","82,304","          2.30","94,775","94,359","          1.00","188,784","82,244","          2.30","94,581","94,203","          1.00","188,525","82,261","          2.29","94,463","94,062","          1.00","188,322","82,334","          2.29","94,325","93,997","          1.00","187,941","82,307","          2.28","94,123","93,818","          1.00","187,618","82,363","          2.28","93,975","93,643","          1.00","187,533","82,411","          2.28","93,919","93,614","          1.00","187,245","82,410","          2.27","93,813","93,432","          1.00","186,881","82,405","          2.27","93,661","93,220","          1.00","186,598","82,428","          2.26","93,517","93,081","          1.00","186,028","82,420","          2.26","93,202","92,826","          1.00","185,646","82,500","          2.25","92,947","92,699","          1.00","185,462","82,611","          2.25","92,811","92,651","          1.00","185,215","82,666","          2.24","92,676","92,539","          1.00","185,044","82,732","          2.24","92,555","92,489","          1.00","184,876","82,775","          2.23","92,449","92,427","          1.00","184,579","82,836","          2.23","92,233","92,346","          1.00","184,241","82,716","          2.23","92,025","92,216","          1.00","184,137","82,734","          2.23","91,963","92,174","          1.00","183,995","82,728","          2.22","91,884","92,111","          1.00","183,662","82,697","          2.22","91,696","91,966","          1.00","183,365","82,692","          2.22","91,524","91,841","          1.00"
"경상남도 창원시 진해구 (4812900000)","192,916","82,090","          2.35","98,833","94,083","          1.05","192,742","82,278","          2.34","98,789","93,953","          1.05","192,732","82,442","          2.34","98,792","93,940","          1.05","192,852","82,680","          2.33","98,893","93,959","          1.05","192,947","82,826","          2.33","98,969","93,978","          1.05","193,430","83,205","          2.32","99,206","94,224","          1.05","193,762","83,528","          2.32","99,392","94,370","          1.05","193,996","83,786","          2.32","99,554","94,442","          1.05","194,255","84,070","          2.31","99,674","94,581","          1.05","194,420","84,300","          2.31","99,755","94,665","          1.05","194,697","84,578","          2.30","99,915","94,782","          1.05","194,949","84,766","          2.30","100,077","94,872","          1.05","194,873","84,890","          2.30","100,055","94,818","          1.06","194,736","85,099","          2.29","100,021","94,715","          1.06","194,670","85,257","          2.28","100,039","94,631","          1.06","194,484","85,340","          2.28","99,922","94,562","          1.06","194,428","85,490","          2.27","99,889","94,539","          1.06","194,401","85,596","          2.27","99,868","94,533","          1.06","194,272","85,608","          2.27","99,773","94,499","          1.06","194,208","85,725","          2.27","99,785","94,423","          1.06","194,137","85,773","          2.26","99,762","94,375","          1.06","194,212","85,883","          2.26","99,812","94,400","          1.06","194,138","85,871","          2.26","99,770","94,368","          1.06","193,994","85,866","          2.26","99,711","94,283","          1.06","193,896","85,897","          2.26","99,674","94,222","          1.06"
"경상남도 진주시 (4817000000)","348,022","154,458","          2.25","172,072","175,950","          0.98","347,750","154,891","          2.25","171,924","175,826","          0.98","347,034","154,802","          2.24","171,573","175,461","          0.98","347,056","155,054","          2.24","171,584","175,472","          0.98","347,274","155,396","          2.23","171,697","175,577","          0.98","347,204","155,633","          2.23","171,653","175,551","          0.98","347,314","155,877","          2.23","171,664","175,650","          0.98","347,407","156,271","          2.22","171,691","175,716","          0.98","347,621","156,800","          2.22","171,782","175,839","          0.98","347,569","157,059","          2.21","171,749","175,820","          0.98","347,380","157,106","          2.21","171,710","175,670","          0.98","347,097","157,292","          2.21","171,601","175,496","          0.98","346,733","157,369","          2.20","171,450","175,283","          0.98","346,328","157,623","          2.20","171,158","175,170","          0.98","345,957","157,878","          2.19","170,962","174,995","          0.98","345,686","158,186","          2.19","170,768","174,918","          0.98","345,463","158,477","          2.18","170,712","174,751","          0.98","345,303","158,594","          2.18","170,623","174,680","          0.98","344,966","158,584","          2.18","170,451","174,515","          0.98","344,675","158,715","          2.17","170,289","174,386","          0.98","344,459","158,766","          2.17","170,150","174,309","          0.98","344,293","158,864","          2.17","170,055","174,238","          0.98","344,133","158,797","          2.17","169,998","174,135","          0.98","343,782","158,827","          2.16","169,862","173,920","          0.98","343,487","158,787","          2.16","169,741","173,746","          0.98"
"경상남도 통영시 (4822000000)","128,084","59,857","          2.14","64,398","63,686","          1.01","127,720","59,881","          2.13","64,198","63,522","          1.01","126,988","59,595","          2.13","63,843","63,145","          1.01","126,798","59,654","          2.13","63,718","63,080","          1.01","126,587","59,663","          2.12","63,585","63,002","          1.01","126,413","59,641","          2.12","63,516","62,897","          1.01","126,312","59,721","          2.12","63,445","62,867","          1.01","126,141","59,728","          2.11","63,327","62,814","          1.01","125,881","59,764","          2.11","63,201","62,680","          1.01","125,744","59,766","          2.10","63,116","62,628","          1.01","125,595","59,748","          2.10","63,042","62,553","          1.01","125,383","59,738","          2.10","62,928","62,455","          1.01","125,128","59,709","          2.10","62,788","62,340","          1.01","124,941","59,747","          2.09","62,662","62,279","          1.01","124,872","59,829","          2.09","62,687","62,185","          1.01","124,554","59,782","          2.08","62,523","62,031","          1.01","124,346","59,782","          2.08","62,420","61,926","          1.01","124,115","59,783","          2.08","62,275","61,840","          1.01","123,997","59,788","          2.07","62,223","61,774","          1.01","123,645","59,707","          2.07","62,041","61,604","          1.01","123,344","59,634","          2.07","61,921","61,423","          1.01","123,158","59,612","          2.07","61,825","61,333","          1.01","123,008","59,588","          2.06","61,751","61,257","          1.01","122,681","59,506","          2.06","61,587","61,094","          1.01","122,511","59,523","          2.06","61,493","61,018","          1.01"
"경상남도 사천시 (4824000000)","111,005","53,557","          2.07","55,985","55,020","          1.02","110,868","53,619","          2.07","55,939","54,929","          1.02","110,501","53,473","          2.07","55,785","54,716","          1.02","110,461","53,500","          2.06","55,738","54,723","          1.02","110,371","53,568","          2.06","55,696","54,675","          1.02","110,414","53,681","          2.06","55,729","54,685","          1.02","110,338","53,744","          2.05","55,697","54,641","          1.02","110,243","53,759","          2.05","55,613","54,630","          1.02","110,099","53,804","          2.05","55,543","54,556","          1.02","110,108","53,843","          2.04","55,531","54,577","          1.02","110,044","53,905","          2.04","55,498","54,546","          1.02","109,953","53,944","          2.04","55,433","54,520","          1.02","109,916","54,007","          2.04","55,409","54,507","          1.02","109,743","54,039","          2.03","55,336","54,407","          1.02","109,617","54,086","          2.03","55,259","54,358","          1.02","109,494","54,125","          2.02","55,238","54,256","          1.02","109,474","54,176","          2.02","55,205","54,269","          1.02","109,520","54,265","          2.02","55,235","54,285","          1.02","109,752","54,395","          2.02","55,337","54,415","          1.02","109,891","54,488","          2.02","55,429","54,462","          1.02","109,585","54,384","          2.02","55,304","54,281","          1.02","109,518","54,423","          2.01","55,268","54,250","          1.02","109,465","54,438","          2.01","55,253","54,212","          1.02","109,369","54,395","          2.01","55,239","54,130","          1.02","109,357","54,478","          2.01","55,249","54,108","          1.02"
"경상남도 사천남양출장소 (4824500000)","0","0","          0.00","0","0","          0.00","0","0","          0.00","0","0","          0.00","0","0","          0.00","0","0","          0.00","0","0","          0.00","0","0","          0.00","0","0","          0.00","0","0","          0.00","0","0","          0.00","0","0","          0.00","0","0","          0.00","0","0","          0.00","0","0","          0.00","0","0","          0.00","0","0","          0.00","0","0","          0.00","0","0","          0.00","0","0","          0.00","0","0","          0.00","0","0","          0.00","0","0","          0.00","0","0","          0.00","0","0","          0.00","0","0","          0.00","0","0","          0.00","0","0","          0.00","0","0","          0.00","0","0","          0.00","0","0","          0.00","0","0","          0.00","0","0","          0.00","0","0","          0.00","0","0","          0.00","0","0","          0.00","0","0","          0.00","0","0","          0.00","0","0","          0.00","0","0","          0.00","0","0","          0.00","0","0","          0.00","0","0","          0.00","0","0","          0.00","0","0","          0.00","0","0","          0.00","0","0","          0.00","0","0","          0.00","0","0","          0.00","0","0","          0.00"
"경상남도 김해시 (4825000000)","542,296","223,712","          2.42","274,253","268,043","          1.02","542,254","224,387","          2.42","274,198","268,056","          1.02","540,863","224,081","          2.41","273,581","267,282","          1.02","540,686","224,376","          2.41","273,479","267,207","          1.02","540,423","224,709","          2.40","273,340","267,083","          1.02","539,841","224,865","          2.40","273,017","266,824","          1.02","539,477","225,089","          2.40","272,845","266,632","          1.02","539,226","225,360","          2.39","272,767","266,459","          1.02","538,781","225,612","          2.39","272,581","266,200","          1.02","538,682","225,789","          2.39","272,490","266,192","          1.02","538,286","225,884","          2.38","272,256","266,030","          1.02","537,673","225,984","          2.38","271,899","265,774","          1.02","537,601","226,203","          2.38","271,874","265,727","          1.02","537,125","226,665","          2.37","271,662","265,463","          1.02","536,662","226,996","          2.36","271,444","265,218","          1.02","536,565","227,366","          2.36","271,397","265,168","          1.02","536,340","227,699","          2.36","271,285","265,055","          1.02","536,175","227,834","          2.35","271,226","264,949","          1.02","536,065","228,081","          2.35","271,180","264,885","          1.02","536,533","228,405","          2.35","271,359","265,174","          1.02","535,913","228,341","          2.35","271,068","264,845","          1.02","535,734","228,414","          2.35","270,978","264,756","          1.02","535,380","228,451","          2.34","270,781","264,599","          1.02","535,129","228,540","          2.34","270,652","264,477","          1.02","534,935","228,661","          2.34","270,566","264,369","          1.02"
"경상남도 장유출장소 (4825200000)","0","0","          0.00","0","0","          0.00","0","0","          0.00","0","0","          0.00","0","0","          0.00","0","0","          0.00","0","0","          0.00","0","0","          0.00","0","0","          0.00","0","0","          0.00","0","0","          0.00","0","0","          0.00","0","0","          0.00","0","0","          0.00","0","0","          0.00","0","0","          0.00","0","0","          0.00","0","0","          0.00","0","0","          0.00","0","0","          0.00","0","0","          0.00","0","0","          0.00","0","0","          0.00","0","0","          0.00","0","0","          0.00","0","0","          0.00","0","0","          0.00","0","0","          0.00","0","0","          0.00","0","0","          0.00","0","0","          0.00","0","0","          0.00","0","0","          0.00","0","0","          0.00","0","0","          0.00","0","0","          0.00","0","0","          0.00","0","0","          0.00","0","0","          0.00","0","0","          0.00","0","0","          0.00","0","0","          0.00","0","0","          0.00","0","0","          0.00","0","0","          0.00","0","0","          0.00","0","0","          0.00","0","0","          0.00","0","0","          0.00","0","0","          0.00"
"경상남도 밀양시 (4827000000)","104,687","52,723","          1.99","51,291","53,396","          0.96","104,497","52,797","          1.98","51,214","53,283","          0.96","104,354","52,864","          1.97","51,206","53,148","          0.96","104,383","52,980","          1.97","51,224","53,159","          0.96","104,133","52,809","          1.97","51,149","52,984","          0.97","104,070","52,827","          1.97","51,109","52,961","          0.97","103,986","52,858","          1.97","51,065","52,921","          0.96","103,891","52,891","          1.96","51,010","52,881","          0.96","103,691","52,916","          1.96","50,907","52,784","          0.96","103,667","52,992","          1.96","50,916","52,751","          0.97","103,636","53,022","          1.95","50,910","52,726","          0.97","103,525","53,120","          1.95","50,849","52,676","          0.97","103,466","53,126","          1.95","50,825","52,641","          0.97","103,361","53,171","          1.94","50,789","52,572","          0.97","103,482","53,251","          1.94","50,851","52,631","          0.97","103,375","53,260","          1.94","50,803","52,572","          0.97","103,293","53,306","          1.94","50,756","52,537","          0.97","103,183","53,323","          1.94","50,706","52,477","          0.97","103,155","53,355","          1.93","50,675","52,480","          0.97","102,979","53,385","          1.93","50,593","52,386","          0.97","102,775","53,364","          1.93","50,517","52,258","          0.97","102,725","53,411","          1.92","50,498","52,227","          0.97","102,893","53,558","          1.92","50,602","52,291","          0.97","102,945","53,674","          1.92","50,636","52,309","          0.97","102,817","53,626","          1.92","50,584","52,233","          0.97"
"경상남도 거제시 (4831000000)","245,492","103,846","          2.36","128,819","116,673","          1.10","245,008","103,923","          2.36","128,574","116,434","          1.10","244,154","103,697","          2.35","128,130","116,024","          1.10","243,902","103,748","          2.35","127,950","115,952","          1.10","243,484","103,722","          2.35","127,683","115,801","          1.10","243,200","103,705","          2.35","127,510","115,690","          1.10","242,852","103,675","          2.34","127,340","115,512","          1.10","242,555","103,667","          2.34","127,156","115,399","          1.10","242,103","103,703","          2.33","126,877","115,226","          1.10","241,879","103,718","          2.33","126,734","115,145","          1.10","241,576","103,668","          2.33","126,496","115,080","          1.10","241,216","103,674","          2.33","126,291","114,925","          1.10","240,802","103,585","          2.32","126,068","114,734","          1.10","240,059","103,628","          2.32","125,673","114,386","          1.10","239,554","103,602","          2.31","125,392","114,162","          1.10","239,212","103,596","          2.31","125,206","114,006","          1.10","238,822","103,590","          2.31","124,993","113,829","          1.10","238,423","103,540","          2.30","124,748","113,675","          1.10","238,192","103,577","          2.30","124,591","113,601","          1.10","237,774","103,558","          2.30","124,364","113,410","          1.10","237,293","103,461","          2.29","124,092","113,201","          1.10","237,090","103,471","          2.29","123,987","113,103","          1.10","236,888","103,488","          2.29","123,842","113,046","          1.10","236,662","103,495","          2.29","123,712","112,950","          1.10","236,301","103,446","          2.28","123,565","112,736","          1.10"
"경상남도 양산시 (4833000000)","352,421","150,026","          2.35","176,705","175,716","          1.01","352,682","150,459","          2.34","176,863","175,819","          1.01","352,830","150,688","          2.34","176,987","175,843","          1.01","353,291","151,169","          2.34","177,200","176,091","          1.01","353,415","151,482","          2.33","177,197","176,218","          1.01","353,686","151,873","          2.33","177,308","176,378","          1.01","353,981","152,169","          2.33","177,443","176,538","          1.01","353,798","152,317","          2.32","177,367","176,431","          1.01","353,662","152,549","          2.32","177,286","176,376","          1.01","353,783","152,871","          2.31","177,336","176,447","          1.01","354,071","153,253","          2.31","177,478","176,593","          1.01","354,726","153,732","          2.31","177,759","176,967","          1.00","354,699","153,910","          2.30","177,719","176,980","          1.00","354,489","154,135","          2.30","177,713","176,776","          1.01","354,386","154,366","          2.30","177,588","176,798","          1.00","354,290","154,464","          2.29","177,507","176,783","          1.00","353,939","154,571","          2.29","177,337","176,602","          1.00","353,886","154,728","          2.29","177,290","176,596","          1.00","353,821","154,865","          2.28","177,264","176,557","          1.00","353,668","155,045","          2.28","177,188","176,480","          1.00","353,576","155,181","          2.28","177,169","176,407","          1.00","353,410","155,319","          2.28","177,096","176,314","          1.00","353,647","155,611","          2.27","177,164","176,483","          1.00","353,792","155,897","          2.27","177,238","176,554","          1.00","353,778","156,086","          2.27","177,203","176,575","          1.00"
"경상남도 양산시웅상출장소 (4833200000)","0","0","          0.00","0","0","          0.00","0","0","          0.00","0","0","          0.00","0","0","          0.00","0","0","          0.00","0","0","          0.00","0","0","          0.00","0","0","          0.00","0","0","          0.00","0","0","          0.00","0","0","          0.00","0","0","          0.00","0","0","          0.00","0","0","          0.00","0","0","          0.00","0","0","          0.00","0","0","          0.00","0","0","          0.00","0","0","          0.00","0","0","          0.00","0","0","          0.00","0","0","          0.00","0","0","          0.00","0","0","          0.00","0","0","          0.00","0","0","          0.00","0","0","          0.00","0","0","          0.00","0","0","          0.00","0","0","          0.00","0","0","          0.00","0","0","          0.00","0","0","          0.00","0","0","          0.00","0","0","          0.00","0","0","          0.00","0","0","          0.00","0","0","          0.00","0","0","          0.00","0","0","          0.00","0","0","          0.00","0","0","          0.00","0","0","          0.00","0","0","          0.00","0","0","          0.00","0","0","          0.00","0","0","          0.00","0","0","          0.00","0","0","          0.00"
"경상남도 의령군 (4872000000)","26,778","14,967","          1.79","13,146","13,632","          0.96","26,757","15,011","          1.78","13,141","13,616","          0.97","26,669","14,953","          1.78","13,111","13,558","          0.97","26,624","14,957","          1.78","13,069","13,555","          0.96","26,627","15,007","          1.77","13,089","13,538","          0.97","26,526","14,966","          1.77","13,035","13,491","          0.97","26,530","14,983","          1.77","13,055","13,475","          0.97","26,475","14,986","          1.77","13,039","13,436","          0.97","26,381","14,965","          1.76","13,001","13,380","          0.97","26,370","14,983","          1.76","12,992","13,378","          0.97","26,330","14,985","          1.76","12,979","13,351","          0.97","26,322","15,010","          1.75","12,966","13,356","          0.97","26,343","15,034","          1.75","12,973","13,370","          0.97","26,332","15,064","          1.75","12,979","13,353","          0.97","26,335","15,092","          1.74","12,999","13,336","          0.97","26,381","15,125","          1.74","13,035","13,346","          0.98","26,359","15,130","          1.74","13,026","13,333","          0.98","26,330","15,140","          1.74","13,000","13,330","          0.98","26,271","15,159","          1.73","12,983","13,288","          0.98","26,206","15,138","          1.73","12,951","13,255","          0.98","26,131","15,099","          1.73","12,930","13,201","          0.98","26,100","15,090","          1.73","12,907","13,193","          0.98","26,087","15,090","          1.73","12,908","13,179","          0.98","26,061","15,098","          1.73","12,893","13,168","          0.98","25,978","15,075","          1.72","12,882","13,096","          0.98"
"경상남도 함안군 (4873000000)","64,036","31,080","          2.06","32,487","31,549","          1.03","63,879","31,099","          2.05","32,425","31,454","          1.03","63,694","31,084","          2.05","32,325","31,369","          1.03","63,573","31,121","          2.04","32,279","31,294","          1.03","63,267","30,987","          2.04","32,137","31,130","          1.03","63,157","30,995","          2.04","32,088","31,069","          1.03","63,127","31,029","          2.03","32,100","31,027","          1.03","63,039","31,019","          2.03","32,084","30,955","          1.04","62,879","31,000","          2.03","32,003","30,876","          1.04","62,788","31,020","          2.02","31,954","30,834","          1.04","62,663","31,002","          2.02","31,882","30,781","          1.04","62,547","30,978","          2.02","31,816","30,731","          1.04","62,531","30,957","          2.02","31,830","30,701","          1.04","62,461","30,980","          2.02","31,792","30,669","          1.04","62,269","30,984","          2.01","31,715","30,554","          1.04","62,163","30,965","          2.01","31,682","30,481","          1.04","62,078","30,960","          2.01","31,646","30,432","          1.04","61,989","30,939","          2.00","31,631","30,358","          1.04","61,967","30,962","          2.00","31,614","30,353","          1.04","61,776","30,874","          2.00","31,524","30,252","          1.04","61,677","30,859","          2.00","31,484","30,193","          1.04","61,613","30,828","          2.00","31,451","30,162","          1.04","61,530","30,823","          2.00","31,409","30,121","          1.04","61,456","30,808","          1.99","31,371","30,085","          1.04","61,361","30,804","          1.99","31,316","30,045","          1.04"
"경상남도 창녕군 (4874000000)","61,305","32,309","          1.90","30,468","30,837","          0.99","61,286","32,367","          1.89","30,473","30,813","          0.99","61,072","32,358","          1.89","30,399","30,673","          0.99","60,951","32,339","          1.88","30,349","30,602","          0.99","60,972","32,424","          1.88","30,363","30,609","          0.99","60,754","32,323","          1.88","30,247","30,507","          0.99","60,592","32,326","          1.87","30,156","30,436","          0.99","60,389","32,283","          1.87","30,044","30,345","          0.99","60,100","32,238","          1.86","29,926","30,174","          0.99","60,102","32,309","          1.86","29,925","30,177","          0.99","60,147","32,407","          1.86","29,942","30,205","          0.99","60,129","32,469","          1.85","29,948","30,181","          0.99","59,987","32,466","          1.85","29,888","30,099","          0.99","59,950","32,568","          1.84","29,905","30,045","          1.00","59,767","32,537","          1.84","29,821","29,946","          1.00","59,616","32,542","          1.83","29,744","29,872","          1.00","59,568","32,575","          1.83","29,724","29,844","          1.00","59,424","32,566","          1.82","29,660","29,764","          1.00","59,229","32,528","          1.82","29,564","29,665","          1.00","59,051","32,513","          1.82","29,490","29,561","          1.00","58,750","32,320","          1.82","29,360","29,390","          1.00","58,633","32,295","          1.82","29,300","29,333","          1.00","58,523","32,272","          1.81","29,254","29,269","          1.00","58,372","32,198","          1.81","29,180","29,192","          1.00","58,285","32,208","          1.81","29,157","29,128","          1.00"
"경상남도 고성군 (4882000000)","51,372","26,250","          1.96","25,763","25,609","          1.01","51,283","26,283","          1.95","25,707","25,576","          1.01","51,035","26,157","          1.95","25,621","25,414","          1.01","51,009","26,230","          1.94","25,603","25,406","          1.01","50,987","26,275","          1.94","25,578","25,409","          1.01","50,933","26,290","          1.94","25,551","25,382","          1.01","50,894","26,313","          1.93","25,537","25,357","          1.01","50,803","26,308","          1.93","25,509","25,294","          1.01","50,732","26,344","          1.93","25,444","25,288","          1.01","50,634","26,331","          1.92","25,379","25,255","          1.00","50,558","26,338","          1.92","25,327","25,231","          1.00","50,478","26,318","          1.92","25,297","25,181","          1.00","50,339","26,262","          1.92","25,225","25,114","          1.00","50,224","26,250","          1.91","25,193","25,031","          1.01","50,126","26,249","          1.91","25,143","24,983","          1.01","50,108","26,266","          1.91","25,139","24,969","          1.01","50,018","26,261","          1.90","25,099","24,919","          1.01","49,987","26,277","          1.90","25,105","24,882","          1.01","49,962","26,297","          1.90","25,094","24,868","          1.01","49,994","26,339","          1.90","25,112","24,882","          1.01","49,895","26,281","          1.90","25,066","24,829","          1.01","49,913","26,304","          1.90","25,074","24,839","          1.01","49,871","26,301","          1.90","25,074","24,797","          1.01","50,448","26,564","          1.90","25,366","25,082","          1.01","50,315","26,503","          1.90","25,305","25,010","          1.01"
"경상남도 남해군 (4884000000)","42,855","22,773","          1.88","20,661","22,194","          0.93","42,794","22,765","          1.88","20,634","22,160","          0.93","42,709","22,748","          1.88","20,599","22,110","          0.93","42,688","22,761","          1.88","20,629","22,059","          0.94","42,690","22,810","          1.87","20,649","22,041","          0.94","42,650","22,810","          1.87","20,633","22,017","          0.94","42,572","22,800","          1.87","20,597","21,975","          0.94","42,538","22,831","          1.86","20,581","21,957","          0.94","42,404","22,800","          1.86","20,497","21,907","          0.94","42,372","22,804","          1.86","20,491","21,881","          0.94","42,309","22,791","          1.86","20,471","21,838","          0.94","42,266","22,786","          1.85","20,450","21,816","          0.94","42,255","22,794","          1.85","20,449","21,806","          0.94","42,235","22,788","          1.85","20,463","21,772","          0.94","42,221","22,866","          1.85","20,464","21,757","          0.94","42,172","22,890","          1.84","20,454","21,718","          0.94","42,128","22,918","          1.84","20,439","21,689","          0.94","42,071","22,905","          1.84","20,423","21,648","          0.94","42,015","22,890","          1.84","20,403","21,612","          0.94","41,919","22,869","          1.83","20,353","21,566","          0.94","41,769","22,875","          1.83","20,287","21,482","          0.94","41,727","22,863","          1.83","20,260","21,467","          0.94","41,696","22,834","          1.83","20,253","21,443","          0.94","41,579","22,774","          1.83","20,190","21,389","          0.94","41,505","22,729","          1.83","20,146","21,359","          0.94"
"경상남도 하동군 (4885000000)","44,673","23,803","          1.88","22,299","22,374","          1.00","44,494","23,803","          1.87","22,217","22,277","          1.00","44,388","23,807","          1.86","22,166","22,222","          1.00","44,326","23,847","          1.86","22,133","22,193","          1.00","44,223","23,831","          1.86","22,080","22,143","          1.00","44,065","23,756","          1.85","22,015","22,050","          1.00","43,974","23,740","          1.85","21,976","21,998","          1.00","43,896","23,760","          1.85","21,927","21,969","          1.00","43,650","23,733","          1.84","21,785","21,865","          1.00","43,572","23,757","          1.83","21,741","21,831","          1.00","43,530","23,773","          1.83","21,732","21,798","          1.00","43,449","23,769","          1.83","21,696","21,753","          1.00","43,315","23,745","          1.82","21,632","21,683","          1.00","43,256","23,778","          1.82","21,589","21,667","          1.00","43,114","23,738","          1.82","21,539","21,575","          1.00","43,074","23,739","          1.81","21,537","21,537","          1.00","43,036","23,751","          1.81","21,532","21,504","          1.00","42,975","23,756","          1.81","21,496","21,479","          1.00","42,927","23,743","          1.81","21,470","21,457","          1.00","42,756","23,693","          1.80","21,374","21,382","          1.00","42,679","23,694","          1.80","21,329","21,350","          1.00","42,630","23,701","          1.80","21,325","21,305","          1.00","42,564","23,695","          1.80","21,289","21,275","          1.00","42,465","23,675","          1.79","21,255","21,210","          1.00","42,407","23,666","          1.79","21,222","21,185","          1.00"
"경상남도 산청군 (4886000000)","34,809","19,490","          1.79","17,085","17,724","          0.96","34,788","19,532","          1.78","17,082","17,706","          0.96","34,686","19,471","          1.78","17,058","17,628","          0.97","34,668","19,533","          1.77","17,048","17,620","          0.97","34,641","19,555","          1.77","17,016","17,625","          0.97","34,587","19,549","          1.77","16,992","17,595","          0.97","34,557","19,564","          1.77","16,975","17,582","          0.97","34,530","19,583","          1.76","16,967","17,563","          0.97","34,442","19,562","          1.76","16,939","17,503","          0.97","34,416","19,577","          1.76","16,935","17,481","          0.97","34,394","19,594","          1.76","16,923","17,471","          0.97","34,360","19,600","          1.75","16,931","17,429","          0.97","34,303","19,597","          1.75","16,901","17,402","          0.97","34,244","19,581","          1.75","16,883","17,361","          0.97","34,197","19,584","          1.75","16,877","17,320","          0.97","34,196","19,594","          1.75","16,896","17,300","          0.98","34,205","19,627","          1.74","16,906","17,299","          0.98","34,194","19,619","          1.74","16,900","17,294","          0.98","34,189","19,640","          1.74","16,920","17,269","          0.98","34,144","19,623","          1.74","16,907","17,237","          0.98","34,089","19,585","          1.74","16,886","17,203","          0.98","34,062","19,589","          1.74","16,867","17,195","          0.98","34,083","19,597","          1.74","16,894","17,189","          0.98","34,028","19,576","          1.74","16,871","17,157","          0.98","34,093","19,614","          1.74","16,892","17,201","          0.98"
"경상남도 함양군 (4887000000)","39,013","20,751","          1.88","18,809","20,204","          0.93","39,044","20,902","          1.87","18,827","20,217","          0.93","39,014","20,913","          1.87","18,820","20,194","          0.93","39,008","20,952","          1.86","18,824","20,184","          0.93","38,860","20,906","          1.86","18,778","20,082","          0.94","38,793","20,909","          1.86","18,746","20,047","          0.94","38,736","20,915","          1.85","18,737","19,999","          0.94","38,665","20,939","          1.85","18,706","19,959","          0.94","38,567","20,925","          1.84","18,647","19,920","          0.94","38,475","20,913","          1.84","18,608","19,867","          0.94","38,415","20,903","          1.84","18,592","19,823","          0.94","38,310","20,840","          1.84","18,531","19,779","          0.94","38,301","20,851","          1.84","18,527","19,774","          0.94","38,321","20,876","          1.84","18,540","19,781","          0.94","38,283","20,902","          1.83","18,513","19,770","          0.94","38,285","20,955","          1.83","18,515","19,770","          0.94","38,269","20,975","          1.82","18,515","19,754","          0.94","38,189","20,965","          1.82","18,473","19,716","          0.94","38,131","20,960","          1.82","18,450","19,681","          0.94","38,077","20,978","          1.82","18,419","19,658","          0.94","37,962","20,926","          1.81","18,365","19,597","          0.94","37,900","20,915","          1.81","18,355","19,545","          0.94","37,797","20,889","          1.81","18,306","19,491","          0.94","37,708","20,868","          1.81","18,270","19,438","          0.94","37,585","20,834","          1.80","18,227","19,358","          0.94"
"경상남도 거창군 (4888000000)","61,474","30,271","          2.03","30,058","31,416","          0.96","61,564","30,402","          2.02","30,100","31,464","          0.96","61,860","30,742","          2.01","30,326","31,534","          0.96","61,877","30,823","          2.01","30,361","31,516","          0.96","61,646","30,679","          2.01","30,255","31,391","          0.96","61,555","30,673","          2.01","30,214","31,341","          0.96","61,478","30,648","          2.01","30,169","31,309","          0.96","61,399","30,614","          2.01","30,116","31,283","          0.96","61,245","30,576","          2.00","30,018","31,227","          0.96","61,242","30,627","          2.00","30,050","31,192","          0.96","61,143","30,606","          2.00","29,992","31,151","          0.96","61,073","30,564","          2.00","29,955","31,118","          0.96","60,916","30,525","          2.00","29,890","31,026","          0.96","60,828","30,573","          1.99","29,844","30,984","          0.96","60,841","30,716","          1.98","29,893","30,948","          0.97","60,756","30,704","          1.98","29,861","30,895","          0.97","60,689","30,697","          1.98","29,829","30,860","          0.97","60,600","30,652","          1.98","29,768","30,832","          0.97","60,531","30,647","          1.98","29,716","30,815","          0.96","60,523","30,664","          1.97","29,699","30,824","          0.96","60,476","30,670","          1.97","29,687","30,789","          0.96","60,475","30,680","          1.97","29,691","30,784","          0.96","60,462","30,710","          1.97","29,699","30,763","          0.97","60,387","30,659","          1.97","29,655","30,732","          0.96","60,266","30,609","          1.97","29,578","30,688","          0.96"
"경상남도 합천군 (4889000000)","43,871","24,248","          1.81","21,137","22,734","          0.93","43,803","24,250","          1.81","21,091","22,712","          0.93","43,635","24,179","          1.80","21,072","22,563","          0.93","43,617","24,217","          1.80","21,075","22,542","          0.93","43,568","24,256","          1.80","21,068","22,500","          0.94","43,465","24,256","          1.79","21,024","22,441","          0.94","43,380","24,257","          1.79","20,991","22,389","          0.94","43,228","24,201","          1.79","20,914","22,314","          0.94","43,054","24,176","          1.78","20,814","22,240","          0.94","43,029","24,190","          1.78","20,818","22,211","          0.94","43,007","24,197","          1.78","20,817","22,190","          0.94","42,935","24,213","          1.77","20,765","22,170","          0.94","42,855","24,214","          1.77","20,721","22,134","          0.94","42,797","24,229","          1.77","20,714","22,083","          0.94","42,716","24,219","          1.76","20,703","22,013","          0.94","42,613","24,209","          1.76","20,657","21,956","          0.94","42,560","24,211","          1.76","20,628","21,932","          0.94","42,502","24,215","          1.76","20,599","21,903","          0.94","42,482","24,244","          1.75","20,584","21,898","          0.94","42,416","24,239","          1.75","20,574","21,842","          0.94","42,320","24,205","          1.75","20,545","21,775","          0.94","42,245","24,195","          1.75","20,538","21,707","          0.95","42,181","24,192","          1.74","20,514","21,667","          0.95","42,142","24,185","          1.74","20,487","21,655","          0.95","42,098","24,179","          1.74","20,473","21,625","          0.95"
"제주특별자치도  (5000000000)","674,615","302,473","          2.23","338,553","336,062","          1.01","675,137","303,203","          2.23","338,673","336,464","          1.01","673,974","302,580","          2.23","338,206","335,768","          1.01","674,484","303,191","          2.22","338,422","336,062","          1.01","674,877","303,845","          2.22","338,566","336,311","          1.01","675,293","304,353","          2.22","338,766","336,527","          1.01","675,876","305,044","          2.22","338,978","336,898","          1.01","675,883","305,517","          2.21","338,962","336,921","          1.01","676,079","306,252","          2.21","338,975","337,104","          1.01","676,569","306,741","          2.21","339,195","337,374","          1.01","676,768","307,266","          2.20","339,256","337,512","          1.01","676,759","307,529","          2.20","339,177","337,582","          1.00","676,691","307,819","          2.20","339,071","337,620","          1.00","677,143","308,530","          2.19","339,248","337,895","          1.00","677,218","308,988","          2.19","339,320","337,898","          1.00","677,413","309,322","          2.19","339,383","338,030","          1.00","677,766","309,822","          2.19","339,578","338,188","          1.00","678,012","310,265","          2.19","339,697","338,315","          1.00","678,491","310,747","          2.18","339,951","338,540","          1.00","679,016","311,272","          2.18","340,105","338,911","          1.00","678,426","311,115","          2.18","339,801","338,625","          1.00","678,324","311,251","          2.18","339,731","338,593","          1.00","678,373","311,303","          2.18","339,758","338,615","          1.00","678,159","311,355","          2.18","339,590","338,569","          1.00","677,493","311,360","          2.18","339,325","338,168","          1.00"
"제주특별자치도 제주시 (5011000000)","492,346","216,505","          2.27","246,474","245,872","          1.00","492,653","217,089","          2.27","246,518","246,135","          1.00","491,843","216,717","          2.27","246,203","245,640","          1.00","492,168","217,186","          2.27","246,287","245,881","          1.00","492,383","217,649","          2.26","246,373","246,010","          1.00","492,627","218,029","          2.26","246,476","246,151","          1.00","492,917","218,419","          2.26","246,568","246,349","          1.00","492,868","218,778","          2.25","246,576","246,292","          1.00","492,927","219,276","          2.25","246,557","246,370","          1.00","493,225","219,542","          2.25","246,694","246,531","          1.00","493,220","219,870","          2.24","246,637","246,583","          1.00","493,096","219,978","          2.24","246,494","246,602","          1.00","492,919","220,126","          2.24","246,352","246,567","          1.00","492,919","220,558","          2.23","246,383","246,536","          1.00","493,023","220,899","          2.23","246,449","246,574","          1.00","493,076","221,135","          2.23","246,450","246,626","          1.00","493,275","221,471","          2.23","246,548","246,727","          1.00","493,538","221,890","          2.22","246,672","246,866","          1.00","493,898","222,251","          2.22","246,826","247,072","          1.00","494,059","222,610","          2.22","246,892","247,167","          1.00","493,575","222,460","          2.22","246,644","246,931","          1.00","493,459","222,496","          2.22","246,594","246,865","          1.00","493,543","222,554","          2.22","246,655","246,888","          1.00","493,389","222,599","          2.22","246,504","246,885","          1.00","492,817","222,600","          2.21","246,309","246,508","          1.00"
"제주특별자치도 서귀포시 (5013000000)","182,269","85,968","          2.12","92,079","90,190","          1.02","182,484","86,114","          2.12","92,155","90,329","          1.02","182,131","85,863","          2.12","92,003","90,128","          1.02","182,316","86,005","          2.12","92,135","90,181","          1.02","182,494","86,196","          2.12","92,193","90,301","          1.02","182,666","86,324","          2.12","92,290","90,376","          1.02","182,959","86,625","          2.11","92,410","90,549","          1.02","183,015","86,739","          2.11","92,386","90,629","          1.02","183,152","86,976","          2.11","92,418","90,734","          1.02","183,344","87,199","          2.10","92,501","90,843","          1.02","183,548","87,396","          2.10","92,619","90,929","          1.02","183,663","87,551","          2.10","92,683","90,980","          1.02","183,772","87,693","          2.10","92,719","91,053","          1.02","184,224","87,972","          2.09","92,865","91,359","          1.02","184,195","88,089","          2.09","92,871","91,324","          1.02","184,337","88,187","          2.09","92,933","91,404","          1.02","184,491","88,351","          2.09","93,030","91,461","          1.02","184,474","88,375","          2.09","93,025","91,449","          1.02","184,593","88,496","          2.09","93,125","91,468","          1.02","184,957","88,662","          2.09","93,213","91,744","          1.02","184,851","88,655","          2.09","93,157","91,694","          1.02","184,865","88,755","          2.08","93,137","91,728","          1.02","184,830","88,749","          2.08","93,103","91,727","          1.02","184,770","88,756","          2.08","93,086","91,684","          1.02","184,676","88,760","          2.08","93,016","91,660","          1.01"
