"행정구역","2023년02월_총인구수","2023년02월_세대수","2023년02월_세대당 인구","2023년02월_남자 인구수","2023년02월_여자 인구수","2023년02월_남여 비율","2023년03월_총인구수","2023년03월_세대수","2023년03월_세대당 인구","2023년03월_남자 인구수","2023년03월_여자 인구수","2023년03월_남여 비율","2023년04월_총인구수","2023년04월_세대수","2023년04월_세대당 인구","2023년04월_남자 인구수","2023년04월_여자 인구수","2023년04월_남여 비율","2023년05월_총인구수","2023년05월_세대수","2023년05월_세대당 인구","2023년05월_남자 인구수","2023년05월_여자 인구수","2023년05월_남여 비율","2023년06월_총인구수","2023년06월_세대수","2023년06월_세대당 인구","2023년06월_남자 인구수","2023년06월_여자 인구수","2023년06월_남여 비율","2023년07월_총인구수","2023년07월_세대수","2023년07월_세대당 인구","2023년07월_남자 인구수","2023년07월_여자 인구수","2023년07월_남여 비율","2023년08월_총인구수","2023년08월_세대수","2023년08월_세대당 인구","2023년08월_남자 인구수","2023년08월_여자 인구수","2023년08월_남여 비율","2023년09월_총인구수","2023년09월_세대수","2023년09월_세대당 인구","2023년09월_남자 인구수","2023년09월_여자 인구수","2023년09월_남여 비율","2023년10월_총인구수","2023년10월_세대수","2023년10월_세대당 인구","2023년10월_남자 인구수","2023년10월_여자 인구수","2023년10월_남여 비율","2023년11월_총인구수","2023년11월_세대수","2023년11월_세대당 인구","2023년11월_남자 인구수","2023년11월_여자 인구수","2023년11월_남여 비율","2023년12월_총인구수","2023년12월_세대수","2023년12월_세대당 인구","2023년12월_남자 인구수","2023년12월_여자 인구수","2023년12월_남여 비율","2024년01월_총인구수","2024년01월_세대수","2024년01월_세대당 인구","2024년01월_남자 인구수","2024년01월_여자 인구수","2024년01월_남여 비율"
"서울특별시  (1100000000)","9,427,583","4,457,982","          2.11","4,567,957","4,859,626","          0.94","9,426,404","4,463,385","          2.11","4,566,299","4,860,105","          0.94","9,422,710","4,465,391","          2.11","4,563,512","4,859,198","          0.94","9,418,885","4,467,999","          2.11","4,560,702","4,858,183","          0.94","9,414,093","4,469,158","          2.11","4,557,609","4,856,484","          0.94","9,411,260","4,471,174","          2.10","4,555,784","4,855,476","          0.94","9,409,466","4,473,734","          2.10","4,554,020","4,855,446","          0.94","9,407,540","4,475,726","          2.10","4,552,501","4,855,039","          0.94","9,400,249","4,472,603","          2.10","4,548,150","4,852,099","          0.94","9,390,925","4,469,374","          2.10","4,543,055","4,847,870","          0.94","9,386,034","4,469,417","          2.10","4,540,031","4,846,003","          0.94","9,384,325","4,471,017","          2.10","4,538,354","4,845,971","          0.94"
"서울특별시 종로구 (1111000000)","141,433","72,773","          1.94","68,399","73,034","          0.94","141,060","72,679","          1.94","68,170","72,890","          0.94","140,891","72,644","          1.94","68,079","72,812","          0.93","140,601","72,584","          1.94","67,923","72,678","          0.93","140,397","72,507","          1.94","67,834","72,563","          0.93","140,206","72,440","          1.94","67,747","72,459","          0.93","140,032","72,381","          1.93","67,682","72,350","          0.94","139,945","72,304","          1.94","67,625","72,320","          0.94","139,606","72,132","          1.94","67,466","72,140","          0.94","139,497","72,060","          1.94","67,393","72,104","          0.93","139,417","72,067","          1.93","67,306","72,111","          0.93","139,378","72,101","          1.93","67,240","72,138","          0.93"
"서울특별시 중구 (1114000000)","120,555","63,492","          1.90","58,557","61,998","          0.94","120,963","63,862","          1.89","58,699","62,264","          0.94","121,250","64,081","          1.89","58,806","62,444","          0.94","121,346","64,260","          1.89","58,845","62,501","          0.94","121,441","64,375","          1.89","58,857","62,584","          0.94","121,460","64,465","          1.88","58,899","62,561","          0.94","121,482","64,558","          1.88","58,840","62,642","          0.94","121,405","64,609","          1.88","58,788","62,617","          0.94","121,300","64,590","          1.88","58,720","62,580","          0.94","121,230","64,586","          1.88","58,631","62,599","          0.94","121,312","64,714","          1.87","58,659","62,653","          0.94","121,322","64,758","          1.87","58,651","62,671","          0.94"
"서울특별시 용산구 (1117000000)","218,175","109,778","          1.99","104,860","113,315","          0.93","217,756","109,735","          1.98","104,640","113,116","          0.93","217,611","109,712","          1.98","104,580","113,031","          0.93","217,438","109,717","          1.98","104,495","112,943","          0.93","217,288","109,679","          1.98","104,357","112,931","          0.92","217,042","109,674","          1.98","104,221","112,821","          0.92","216,547","109,527","          1.98","103,993","112,554","          0.92","216,152","109,360","          1.98","103,804","112,348","          0.92","215,397","108,907","          1.98","103,398","111,999","          0.92","214,381","108,381","          1.98","102,925","111,456","          0.92","213,151","107,825","          1.98","102,312","110,839","          0.92","212,175","107,328","          1.98","101,793","110,382","          0.92"
"서울특별시 성동구 (1120000000)","280,474","133,517","          2.10","136,361","144,113","          0.95","280,240","133,513","          2.10","136,233","144,007","          0.95","279,980","133,503","          2.10","136,059","143,921","          0.95","279,760","133,551","          2.09","135,931","143,829","          0.95","279,374","133,484","          2.09","135,723","143,651","          0.94","279,142","133,464","          2.09","135,562","143,580","          0.94","278,750","133,433","          2.09","135,346","143,404","          0.94","278,366","133,366","          2.09","135,143","143,223","          0.94","278,035","133,253","          2.09","134,979","143,056","          0.94","277,701","133,178","          2.09","134,760","142,941","          0.94","277,361","133,089","          2.08","134,519","142,842","          0.94","277,090","132,985","          2.08","134,390","142,700","          0.94"
"서울특별시 광진구 (1121500000)","337,071","169,648","          1.99","162,329","174,742","          0.93","336,801","169,787","          1.98","162,209","174,592","          0.93","336,558","169,725","          1.98","162,071","174,487","          0.93","336,580","169,950","          1.98","162,020","174,560","          0.93","336,169","169,857","          1.98","161,755","174,414","          0.93","336,141","169,935","          1.98","161,729","174,412","          0.93","336,446","170,210","          1.98","161,828","174,618","          0.93","336,604","170,388","          1.98","161,892","174,712","          0.93","336,294","170,271","          1.98","161,662","174,632","          0.93","335,854","170,152","          1.97","161,430","174,424","          0.93","335,554","170,077","          1.97","161,277","174,277","          0.93","335,335","170,093","          1.97","161,154","174,181","          0.93"
"서울특별시 동대문구 (1123000000)","337,293","170,766","          1.98","165,962","171,331","          0.97","337,574","171,140","          1.97","165,933","171,641","          0.97","337,692","171,288","          1.97","165,936","171,756","          0.97","337,680","171,388","          1.97","165,868","171,812","          0.97","338,115","171,703","          1.97","166,040","172,075","          0.96","338,657","171,945","          1.97","166,298","172,359","          0.96","340,333","172,680","          1.97","167,083","173,250","          0.96","341,238","173,091","          1.97","167,468","173,770","          0.96","341,521","173,003","          1.97","167,569","173,952","          0.96","341,510","172,934","          1.97","167,556","173,954","          0.96","341,149","172,801","          1.97","167,346","173,803","          0.96","340,983","172,756","          1.97","167,230","173,753","          0.96"
"서울특별시 중랑구 (1126000000)","385,129","187,776","          2.05","189,306","195,823","          0.97","385,003","187,898","          2.05","189,186","195,817","          0.97","384,867","187,977","          2.05","189,099","195,768","          0.97","384,650","188,020","          2.05","189,019","195,631","          0.97","384,272","187,981","          2.04","188,744","195,528","          0.97","383,687","187,978","          2.04","188,446","195,241","          0.97","383,072","187,877","          2.04","188,091","194,981","          0.96","382,797","187,900","          2.04","187,844","194,953","          0.96","382,390","187,858","          2.04","187,618","194,772","          0.96","381,858","187,680","          2.03","187,262","194,596","          0.96","382,155","188,097","          2.03","187,372","194,783","          0.96","382,284","188,277","          2.03","187,392","194,892","          0.96"
"서울특별시 성북구 (1129000000)","430,170","197,673","          2.18","206,753","223,417","          0.93","430,100","197,859","          2.17","206,634","223,466","          0.92","429,751","197,801","          2.17","206,367","223,384","          0.92","429,689","197,906","          2.17","206,319","223,370","          0.92","429,142","197,831","          2.17","206,043","223,099","          0.92","428,507","197,686","          2.17","205,714","222,793","          0.92","428,122","197,673","          2.17","205,537","222,585","          0.92","427,671","197,607","          2.16","205,245","222,426","          0.92","426,892","197,271","          2.16","204,851","222,041","          0.92","426,276","197,041","          2.16","204,546","221,730","          0.92","425,602","196,800","          2.16","204,171","221,431","          0.92","424,916","196,512","          2.16","203,824","221,092","          0.92"
"서울특별시 강북구 (1130500000)","293,119","144,506","          2.03","142,254","150,865","          0.94","292,762","144,557","          2.03","142,028","150,734","          0.94","292,383","144,559","          2.02","141,837","150,546","          0.94","291,959","144,577","          2.02","141,577","150,382","          0.94","291,384","144,447","          2.02","141,302","150,082","          0.94","291,025","144,427","          2.02","141,112","149,913","          0.94","290,583","144,345","          2.01","140,828","149,755","          0.94","290,155","144,269","          2.01","140,589","149,566","          0.94","289,372","143,963","          2.01","140,185","149,187","          0.94","288,735","143,796","          2.01","139,850","148,885","          0.94","288,113","143,560","          2.01","139,514","148,599","          0.94","287,490","143,411","          2.00","139,141","148,349","          0.94"
"서울특별시 도봉구 (1132000000)","310,853","138,384","          2.25","150,964","159,889","          0.94","310,509","138,376","          2.24","150,806","159,703","          0.94","310,023","138,314","          2.24","150,535","159,488","          0.94","309,622","138,289","          2.24","150,317","159,305","          0.94","308,986","138,188","          2.24","150,001","158,985","          0.94","308,447","138,069","          2.23","149,718","158,729","          0.94","307,968","138,102","          2.23","149,408","158,560","          0.94","307,740","138,210","          2.23","149,281","158,459","          0.94","307,470","138,223","          2.22","149,132","158,338","          0.94","307,070","138,161","          2.22","148,907","158,163","          0.94","306,948","138,261","          2.22","148,796","158,152","          0.94","306,722","138,373","          2.22","148,670","158,052","          0.94"
"서울특별시 노원구 (1135000000)","502,820","217,926","          2.31","241,743","261,077","          0.93","502,515","218,341","          2.30","241,532","260,983","          0.93","501,838","218,262","          2.30","241,168","260,670","          0.93","501,237","218,187","          2.30","240,844","260,393","          0.92","500,104","217,858","          2.30","240,221","259,883","          0.92","500,094","218,003","          2.29","240,150","259,944","          0.92","499,908","218,087","          2.29","240,063","259,845","          0.92","499,989","218,367","          2.29","240,084","259,905","          0.92","499,553","218,280","          2.29","239,787","259,766","          0.92","498,976","218,106","          2.29","239,508","259,468","          0.92","498,213","217,904","          2.29","239,117","259,096","          0.92","497,237","217,446","          2.29","238,609","258,628","          0.92"
"서울특별시 은평구 (1138000000)","465,627","214,070","          2.18","221,790","243,837","          0.91","464,871","213,989","          2.17","221,350","243,521","          0.91","464,217","213,907","          2.17","220,904","243,313","          0.91","463,612","213,830","          2.17","220,559","243,053","          0.91","463,298","213,827","          2.17","220,342","242,956","          0.91","463,702","214,175","          2.17","220,452","243,250","          0.91","465,977","215,200","          2.17","221,459","244,518","          0.91","467,098","215,776","          2.16","221,977","245,121","          0.91","467,124","215,694","          2.17","221,903","245,221","          0.90","466,968","215,700","          2.16","221,801","245,167","          0.90","466,770","215,721","          2.16","221,725","245,045","          0.90","466,474","215,799","          2.16","221,484","244,990","          0.90"
"서울특별시 서대문구 (1141000000)","308,194","146,908","          2.10","146,671","161,523","          0.91","308,437","147,146","          2.10","146,732","161,705","          0.91","308,338","147,183","          2.09","146,684","161,654","          0.91","308,208","147,197","          2.09","146,572","161,636","          0.91","308,122","147,226","          2.09","146,570","161,552","          0.91","307,870","147,184","          2.09","146,409","161,461","          0.91","307,672","147,271","          2.09","146,292","161,380","          0.91","307,441","147,333","          2.09","146,119","161,322","          0.91","306,927","147,074","          2.09","145,820","161,107","          0.91","306,594","146,938","          2.09","145,615","160,979","          0.90","306,231","146,845","          2.09","145,404","160,827","          0.90","305,857","146,787","          2.08","145,212","160,645","          0.90"
"서울특별시 마포구 (1144000000)","365,447","180,807","          2.02","171,284","194,163","          0.88","365,570","181,034","          2.02","171,215","194,355","          0.88","365,287","180,976","          2.02","171,058","194,229","          0.88","365,283","181,093","          2.02","170,922","194,361","          0.88","365,111","181,097","          2.02","170,813","194,298","          0.88","364,978","181,163","          2.01","170,734","194,244","          0.88","364,573","181,177","          2.01","170,455","194,118","          0.88","364,257","181,192","          2.01","170,296","193,961","          0.88","363,953","181,052","          2.01","170,141","193,812","          0.88","363,862","181,058","          2.01","170,111","193,751","          0.88","363,697","181,090","          2.01","169,990","193,707","          0.88","363,679","181,156","          2.01","169,882","193,797","          0.88"
"서울특별시 양천구 (1147000000)","440,042","181,177","          2.43","215,195","224,847","          0.96","439,219","181,072","          2.43","214,703","224,516","          0.96","438,848","181,057","          2.42","214,455","224,393","          0.96","438,641","181,169","          2.42","214,331","224,310","          0.96","438,353","181,210","          2.42","214,173","224,180","          0.96","438,125","181,264","          2.42","213,992","224,133","          0.95","437,665","181,139","          2.42","213,802","223,863","          0.96","437,401","181,072","          2.42","213,648","223,753","          0.95","437,199","181,038","          2.41","213,482","223,717","          0.95","436,475","180,794","          2.41","213,092","223,383","          0.95","436,028","180,695","          2.41","212,835","223,193","          0.95","435,548","180,615","          2.41","212,547","223,001","          0.95"
"서울특별시 강서구 (1150000000)","568,666","274,186","          2.07","272,826","295,840","          0.92","568,287","274,283","          2.07","272,693","295,594","          0.92","567,883","274,428","          2.07","272,404","295,479","          0.92","567,237","274,425","          2.07","272,061","295,176","          0.92","566,839","274,521","          2.06","271,822","295,017","          0.92","566,333","274,601","          2.06","271,536","294,797","          0.92","565,195","274,426","          2.06","270,918","294,277","          0.92","564,339","274,249","          2.06","270,491","293,848","          0.92","563,663","274,032","          2.06","270,136","293,527","          0.92","563,575","274,100","          2.06","270,108","293,467","          0.92","563,058","274,084","          2.05","269,822","293,236","          0.92","562,550","274,034","          2.05","269,623","292,927","          0.92"
"서울특별시 구로구 (1153000000)","395,422","184,142","          2.15","194,182","201,240","          0.96","395,183","184,268","          2.14","194,039","201,144","          0.96","395,099","184,388","          2.14","193,938","201,161","          0.96","394,973","184,498","          2.14","193,810","201,163","          0.96","394,833","184,546","          2.14","193,729","201,104","          0.96","394,746","184,616","          2.14","193,696","201,050","          0.96","394,363","184,484","          2.14","193,517","200,846","          0.96","393,929","184,467","          2.14","193,258","200,671","          0.96","393,459","184,272","          2.14","192,957","200,502","          0.96","392,967","184,188","          2.13","192,669","200,298","          0.96","392,405","184,096","          2.13","192,341","200,064","          0.96","392,311","184,161","          2.13","192,252","200,059","          0.96"
"서울특별시 금천구 (1154500000)","229,395","119,830","          1.91","115,635","113,760","          1.02","229,307","120,051","          1.91","115,624","113,683","          1.02","229,328","120,274","          1.91","115,578","113,750","          1.02","229,251","120,423","          1.90","115,453","113,798","          1.01","229,235","120,578","          1.90","115,396","113,839","          1.01","229,086","120,628","          1.90","115,339","113,747","          1.01","228,858","120,696","          1.90","115,190","113,668","          1.01","228,611","120,650","          1.89","115,038","113,573","          1.01","228,274","120,555","          1.89","114,845","113,429","          1.01","227,701","120,312","          1.89","114,552","113,149","          1.01","227,481","120,381","          1.89","114,414","113,067","          1.01","227,457","120,610","          1.89","114,471","112,986","          1.01"
"서울특별시 영등포구 (1156000000)","376,410","189,857","          1.98","184,956","191,454","          0.97","376,614","190,252","          1.98","184,973","191,641","          0.97","376,423","190,393","          1.98","184,827","191,596","          0.96","376,347","190,437","          1.98","184,761","191,586","          0.96","376,139","190,482","          1.97","184,615","191,524","          0.96","375,997","190,531","          1.97","184,522","191,475","          0.96","375,526","190,508","          1.97","184,189","191,337","          0.96","375,586","190,761","          1.97","184,175","191,411","          0.96","375,276","190,702","          1.97","184,010","191,266","          0.96","374,920","190,604","          1.97","183,803","191,117","          0.96","374,794","190,737","          1.96","183,726","191,068","          0.96","374,985","191,005","          1.96","183,769","191,216","          0.96"
"서울특별시 동작구 (1159000000)","379,622","186,053","          2.04","183,606","196,016","          0.94","380,201","186,534","          2.04","183,900","196,301","          0.94","380,385","186,730","          2.04","184,072","196,313","          0.94","380,594","186,980","          2.04","184,116","196,478","          0.94","380,622","187,058","          2.03","184,103","196,519","          0.94","380,562","187,112","          2.03","184,127","196,435","          0.94","380,478","187,178","          2.03","184,062","196,416","          0.94","380,154","187,199","          2.03","183,880","196,274","          0.94","379,640","186,990","          2.03","183,620","196,020","          0.94","379,186","186,818","          2.03","183,420","195,766","          0.94","378,769","186,675","          2.03","183,153","195,616","          0.94","378,360","186,473","          2.03","182,934","195,426","          0.94"
"서울특별시 관악구 (1162000000)","487,430","285,206","          1.71","245,125","242,305","          1.01","487,815","285,914","          1.71","245,376","242,439","          1.01","487,641","286,127","          1.70","245,231","242,410","          1.01","487,462","286,538","          1.70","245,217","242,245","          1.01","487,192","286,647","          1.70","245,081","242,111","          1.01","486,633","286,569","          1.70","244,793","241,840","          1.01","485,994","286,379","          1.70","244,539","241,455","          1.01","485,172","286,045","          1.70","244,198","240,974","          1.01","483,959","285,450","          1.70","243,673","240,286","          1.01","482,692","284,786","          1.69","242,985","239,707","          1.01","481,956","284,578","          1.69","242,651","239,305","          1.01","481,872","284,877","          1.69","242,598","239,274","          1.01"
"서울특별시 서초구 (1165000000)","405,126","168,173","          2.41","193,397","211,729","          0.91","404,831","168,234","          2.41","193,158","211,673","          0.91","404,539","168,238","          2.40","192,932","211,607","          0.91","404,436","168,344","          2.40","192,875","211,561","          0.91","404,484","168,590","          2.40","192,850","211,634","          0.91","404,731","168,844","          2.40","192,945","211,786","          0.91","404,616","168,924","          2.40","192,847","211,769","          0.91","406,404","169,621","          2.40","193,703","212,701","          0.91","407,788","170,040","          2.40","194,384","213,404","          0.91","408,098","170,059","          2.40","194,526","213,572","          0.91","407,664","169,884","          2.40","194,291","213,373","          0.91","407,768","170,015","          2.40","194,231","213,537","          0.91"
"서울특별시 강남구 (1168000000)","529,962","233,325","          2.27","253,498","276,464","          0.92","532,798","234,735","          2.27","254,811","277,987","          0.92","534,646","235,708","          2.27","255,637","279,009","          0.92","535,744","236,296","          2.27","256,095","279,649","          0.92","537,139","236,935","          2.27","256,737","280,402","          0.92","538,872","237,646","          2.27","257,631","281,241","          0.92","540,730","238,500","          2.27","258,464","282,266","          0.92","540,957","238,647","          2.27","258,656","282,301","          0.92","541,565","238,712","          2.27","258,897","282,668","          0.92","541,130","238,463","          2.27","258,700","282,430","          0.92","544,873","239,775","          2.27","260,520","284,353","          0.92","549,154","241,315","          2.28","262,618","286,536","          0.92"
"서울특별시 송파구 (1171000000)","658,868","285,420","          2.31","317,024","341,844","          0.93","658,006","285,489","          2.30","316,564","341,442","          0.93","657,665","285,493","          2.30","316,356","341,309","          0.93","657,260","285,615","          2.30","316,082","341,178","          0.93","657,101","285,798","          2.30","316,010","341,091","          0.93","656,603","285,951","          2.30","315,715","340,888","          0.93","656,176","286,095","          2.29","315,487","340,689","          0.93","655,744","286,123","          2.29","315,224","340,520","          0.93","655,300","286,018","          2.29","314,985","340,315","          0.93","654,845","286,016","          2.29","314,665","340,180","          0.92","654,166","285,927","          2.29","314,347","339,819","          0.93","653,989","286,180","          2.29","314,189","339,800","          0.92"
"서울특별시 강동구 (1174000000)","460,280","202,589","          2.27","225,280","235,000","          0.96","459,982","202,637","          2.27","225,091","234,891","          0.96","459,567","202,623","          2.27","224,899","234,668","          0.96","459,275","202,725","          2.27","224,690","234,585","          0.96","458,953","202,733","          2.26","224,491","234,462","          0.96","458,614","202,804","          2.26","224,297","234,317","          0.96","458,400","202,884","          2.26","224,100","234,300","          0.96","458,385","203,120","          2.26","224,075","234,310","          0.96","458,292","203,223","          2.26","223,930","234,362","          0.96","458,824","203,463","          2.26","224,240","234,584","          0.96","459,167","203,734","          2.25","224,423","234,744","          0.96","459,389","203,950","          2.25","224,450","234,939","          0.96"
"부산광역시  (2600000000)","3,315,516","1,559,593","          2.13","1,618,202","1,697,314","          0.95","3,313,539","1,561,008","          2.12","1,616,930","1,696,609","          0.95","3,311,402","1,561,666","          2.12","1,615,593","1,695,809","          0.95","3,309,261","1,562,595","          2.12","1,614,226","1,695,035","          0.95","3,306,993","1,563,362","          2.12","1,613,071","1,693,922","          0.95","3,305,052","1,564,252","          2.11","1,611,959","1,693,093","          0.95","3,302,740","1,564,900","          2.11","1,610,738","1,692,002","          0.95","3,300,836","1,565,115","          2.11","1,609,650","1,691,186","          0.95","3,298,213","1,564,546","          2.11","1,608,156","1,690,057","          0.95","3,295,496","1,564,199","          2.11","1,606,680","1,688,816","          0.95","3,293,362","1,564,588","          2.10","1,605,431","1,687,931","          0.95","3,290,964","1,564,763","          2.10","1,603,859","1,687,105","          0.95"
"부산광역시 중구 (2611000000)","39,711","24,123","          1.65","19,233","20,478","          0.94","39,589","24,099","          1.64","19,172","20,417","          0.94","39,478","24,061","          1.64","19,111","20,367","          0.94","39,411","24,066","          1.64","19,069","20,342","          0.94","39,311","24,040","          1.64","19,020","20,291","          0.94","39,151","23,983","          1.63","18,930","20,221","          0.94","39,060","23,931","          1.63","18,911","20,149","          0.94","38,956","23,874","          1.63","18,873","20,083","          0.94","38,831","23,798","          1.63","18,810","20,021","          0.94","38,723","23,766","          1.63","18,761","19,962","          0.94","38,619","23,747","          1.63","18,703","19,916","          0.94","38,476","23,729","          1.62","18,668","19,808","          0.94"
"부산광역시 서구 (2614000000)","104,952","53,689","          1.95","50,638","54,314","          0.93","104,798","53,670","          1.95","50,503","54,295","          0.93","104,738","53,640","          1.95","50,446","54,292","          0.93","104,570","53,593","          1.95","50,353","54,217","          0.93","104,449","53,542","          1.95","50,298","54,151","          0.93","104,299","53,519","          1.95","50,213","54,086","          0.93","104,304","53,521","          1.95","50,188","54,116","          0.93","104,251","53,510","          1.95","50,142","54,109","          0.93","104,268","53,590","          1.95","50,129","54,139","          0.93","104,192","53,657","          1.94","50,077","54,115","          0.93","104,089","53,630","          1.94","50,028","54,061","          0.93","103,889","53,521","          1.94","49,956","53,933","          0.93"
"부산광역시 동구 (2617000000)","85,988","46,224","          1.86","41,973","44,015","          0.95","85,839","46,196","          1.86","41,889","43,950","          0.95","85,629","46,162","          1.85","41,781","43,848","          0.95","85,520","46,152","          1.85","41,700","43,820","          0.95","86,809","46,797","          1.86","42,344","44,465","          0.95","87,721","47,279","          1.86","42,767","44,954","          0.95","88,027","47,445","          1.86","42,912","45,115","          0.95","88,069","47,503","          1.85","42,920","45,149","          0.95","88,008","47,466","          1.85","42,895","45,113","          0.95","87,910","47,471","          1.85","42,831","45,079","          0.95","87,792","47,428","          1.85","42,736","45,056","          0.95","87,619","47,383","          1.85","42,595","45,024","          0.95"
"부산광역시 영도구 (2620000000)","107,783","54,322","          1.98","53,039","54,744","          0.97","107,632","54,335","          1.98","52,942","54,690","          0.97","107,454","54,299","          1.98","52,869","54,585","          0.97","107,209","54,248","          1.98","52,716","54,493","          0.97","107,006","54,218","          1.97","52,612","54,394","          0.97","107,143","54,342","          1.97","52,659","54,484","          0.97","107,103","54,409","          1.97","52,650","54,453","          0.97","107,003","54,425","          1.97","52,565","54,438","          0.97","106,816","54,373","          1.96","52,462","54,354","          0.97","106,701","54,325","          1.96","52,390","54,311","          0.96","106,548","54,293","          1.96","52,317","54,231","          0.96","106,335","54,249","          1.96","52,207","54,128","          0.96"
"부산광역시 부산진구 (2623000000)","357,345","179,307","          1.99","171,699","185,646","          0.92","357,626","179,744","          1.99","171,814","185,812","          0.92","357,615","179,949","          1.99","171,805","185,810","          0.92","357,762","180,263","          1.98","171,865","185,897","          0.92","357,475","180,383","          1.98","171,710","185,765","          0.92","357,296","180,514","          1.98","171,650","185,646","          0.92","357,196","180,664","          1.98","171,587","185,609","          0.92","358,316","181,219","          1.98","172,142","186,174","          0.92","359,329","181,565","          1.98","172,612","186,717","          0.92","359,712","181,807","          1.98","172,759","186,953","          0.92","359,508","181,914","          1.98","172,607","186,901","          0.92","360,053","182,417","          1.97","172,807","187,246","          0.92"
"부산광역시 동래구 (2626000000)","273,351","119,887","          2.28","132,289","141,062","          0.94","273,195","119,963","          2.28","132,146","141,049","          0.94","273,034","119,980","          2.28","132,038","140,996","          0.94","272,797","120,032","          2.27","131,970","140,827","          0.94","272,590","120,060","          2.27","131,819","140,771","          0.94","272,376","120,056","          2.27","131,708","140,668","          0.94","272,176","120,076","          2.27","131,606","140,570","          0.94","271,877","119,933","          2.27","131,458","140,419","          0.94","271,670","119,841","          2.27","131,356","140,314","          0.94","271,504","119,814","          2.27","131,257","140,247","          0.94","270,815","119,706","          2.26","130,920","139,895","          0.94","269,784","119,440","          2.26","130,367","139,417","          0.94"
"부산광역시 남구 (2629000000)","256,371","118,209","          2.17","125,108","131,263","          0.95","256,332","118,462","          2.16","125,071","131,261","          0.95","256,257","118,556","          2.16","124,998","131,259","          0.95","256,133","118,686","          2.16","124,909","131,224","          0.95","255,786","118,673","          2.16","124,724","131,062","          0.95","255,392","118,641","          2.15","124,518","130,874","          0.95","255,095","118,641","          2.15","124,362","130,733","          0.95","254,599","118,470","          2.15","124,105","130,494","          0.95","254,455","118,390","          2.15","124,031","130,424","          0.95","254,469","118,495","          2.15","124,035","130,434","          0.95","254,185","118,427","          2.15","123,851","130,334","          0.95","254,348","118,473","          2.15","123,849","130,499","          0.95"
"부산광역시 북구 (2632000000)","278,059","123,568","          2.25","136,825","141,234","          0.97","277,756","123,573","          2.25","136,670","141,086","          0.97","277,390","123,532","          2.25","136,470","140,920","          0.97","276,982","123,510","          2.24","136,251","140,731","          0.97","276,684","123,558","          2.24","136,136","140,548","          0.97","276,316","123,504","          2.24","135,947","140,369","          0.97","275,670","123,417","          2.23","135,629","140,041","          0.97","274,961","123,253","          2.23","135,247","139,714","          0.97","274,481","123,164","          2.23","135,020","139,461","          0.97","274,072","123,077","          2.23","134,837","139,235","          0.97","273,596","123,082","          2.22","134,559","139,037","          0.97","272,932","123,062","          2.22","134,225","138,707","          0.97"
"부산광역시 해운대구 (2635000000)","385,516","170,331","          2.26","184,883","200,633","          0.92","384,866","170,251","          2.26","184,555","200,311","          0.92","384,335","170,185","          2.26","184,285","200,050","          0.92","384,036","170,221","          2.26","184,117","199,919","          0.92","383,355","170,143","          2.25","183,796","199,559","          0.92","383,042","170,207","          2.25","183,653","199,389","          0.92","382,448","170,087","          2.25","183,307","199,141","          0.92","382,115","170,022","          2.25","183,135","198,980","          0.92","381,466","169,820","          2.25","182,767","198,699","          0.92","381,031","169,633","          2.25","182,594","198,437","          0.92","380,448","169,532","          2.24","182,289","198,159","          0.92","379,702","169,375","          2.24","181,894","197,808","          0.92"
"부산광역시 사하구 (2638000000)","302,091","141,291","          2.14","150,071","152,020","          0.99","301,929","141,398","          2.14","149,953","151,976","          0.99","301,709","141,450","          2.13","149,798","151,911","          0.99","301,398","141,510","          2.13","149,553","151,845","          0.98","300,922","141,455","          2.13","149,319","151,603","          0.98","300,440","141,438","          2.12","149,094","151,346","          0.99","299,844","141,279","          2.12","148,785","151,059","          0.98","299,416","141,165","          2.12","148,576","150,840","          0.98","298,815","140,951","          2.12","148,309","150,506","          0.99","298,339","140,857","          2.12","148,043","150,296","          0.99","297,831","140,764","          2.12","147,805","150,026","          0.99","296,935","140,523","          2.11","147,333","149,602","          0.98"
"부산광역시 금정구 (2641000000)","220,223","106,851","          2.06","107,568","112,655","          0.95","219,936","106,954","          2.06","107,415","112,521","          0.95","219,484","106,821","          2.05","107,157","112,327","          0.95","219,177","106,809","          2.05","106,987","112,190","          0.95","218,711","106,725","          2.05","106,730","111,981","          0.95","218,300","106,693","          2.05","106,536","111,764","          0.95","217,839","106,726","          2.04","106,365","111,474","          0.95","217,429","106,616","          2.04","106,123","111,306","          0.95","216,770","106,297","          2.04","105,792","110,978","          0.95","216,290","106,121","          2.04","105,550","110,740","          0.95","215,590","105,906","          2.04","105,149","110,441","          0.95","214,642","105,465","          2.04","104,650","109,992","          0.95"
"부산광역시 강서구 (2644000000)","142,886","62,350","          2.29","74,098","68,788","          1.08","142,935","62,376","          2.29","74,079","68,856","          1.08","142,983","62,443","          2.29","74,108","68,875","          1.08","143,029","62,466","          2.29","74,162","68,867","          1.08","143,052","62,494","          2.29","74,173","68,879","          1.08","142,970","62,482","          2.29","74,106","68,864","          1.08","142,890","62,506","          2.29","74,082","68,808","          1.08","142,886","62,513","          2.29","74,062","68,824","          1.08","142,777","62,465","          2.29","74,003","68,774","          1.08","142,704","62,354","          2.29","73,981","68,723","          1.08","142,396","62,238","          2.29","73,821","68,575","          1.08","142,109","62,153","          2.29","73,702","68,407","          1.08"
"부산광역시 연제구 (2647000000)","203,048","93,538","          2.17","97,313","105,735","          0.92","203,115","93,650","          2.17","97,330","105,785","          0.92","203,081","93,724","          2.17","97,308","105,773","          0.92","203,012","93,852","          2.16","97,248","105,764","          0.92","202,919","93,904","          2.16","97,165","105,754","          0.92","203,027","94,064","          2.16","97,164","105,863","          0.92","202,918","94,093","          2.16","97,076","105,842","          0.92","202,884","94,338","          2.15","97,043","105,841","          0.92","203,004","94,650","          2.14","97,058","105,946","          0.92","203,008","94,760","          2.14","96,997","106,011","          0.91","205,766","95,873","          2.15","98,344","107,422","          0.92","209,331","97,257","          2.15","100,036","109,295","          0.92"
"부산광역시 수영구 (2650000000)","175,179","87,774","          2.00","82,253","92,926","          0.89","175,388","87,985","          1.99","82,322","93,066","          0.88","175,426","88,084","          1.99","82,339","93,087","          0.88","175,470","88,211","          1.99","82,309","93,161","          0.88","175,511","88,315","          1.99","82,363","93,148","          0.88","175,413","88,385","          1.98","82,328","93,085","          0.88","175,455","88,469","          1.98","82,379","93,076","          0.89","175,150","88,357","          1.98","82,247","92,903","          0.89","174,994","88,321","          1.98","82,136","92,858","          0.88","174,744","88,285","          1.98","82,019","92,725","          0.88","174,518","88,299","          1.98","81,901","92,617","          0.88","174,086","88,195","          1.97","81,657","92,429","          0.88"
"부산광역시 사상구 (2653000000)","203,685","99,040","          2.06","102,418","101,267","          1.01","203,455","99,173","          2.05","102,311","101,144","          1.01","203,418","99,293","          2.05","102,236","101,182","          1.01","203,314","99,353","          2.05","102,167","101,147","          1.01","203,029","99,364","          2.04","101,998","101,031","          1.01","202,889","99,400","          2.04","101,903","100,986","          1.01","203,534","99,813","          2.04","102,171","101,363","          1.01","203,749","100,053","          2.04","102,280","101,469","          1.01","203,445","100,043","          2.03","102,097","101,348","          1.01","203,139","99,998","          2.03","101,926","101,213","          1.01","202,932","100,003","          2.03","101,865","101,067","          1.01","202,376","99,827","          2.03","101,549","100,827","          1.01"
"부산광역시 기장군 (2671000000)","179,328","79,089","          2.27","88,794","90,534","          0.98","179,148","79,179","          2.26","88,758","90,390","          0.98","179,371","79,487","          2.26","88,844","90,527","          0.98","179,441","79,623","          2.25","88,850","90,591","          0.98","179,384","79,691","          2.25","88,864","90,520","          0.98","179,277","79,745","          2.25","88,783","90,494","          0.98","179,181","79,823","          2.24","88,728","90,453","          0.98","179,175","79,864","          2.24","88,732","90,443","          0.98","179,084","79,812","          2.24","88,679","90,405","          0.98","178,958","79,779","          2.24","88,623","90,335","          0.98","178,729","79,746","          2.24","88,536","90,193","          0.98","178,347","79,694","          2.24","88,364","89,983","          0.98"
"대구광역시  (2700000000)","2,360,662","1,072,255","          2.20","1,160,942","1,199,720","          0.97","2,358,988","1,073,400","          2.20","1,159,876","1,199,112","          0.97","2,357,881","1,074,370","          2.19","1,159,042","1,198,839","          0.97","2,357,032","1,075,529","          2.19","1,158,397","1,198,635","          0.97","2,356,416","1,076,379","          2.19","1,157,923","1,198,493","          0.97","2,379,086","1,091,073","          2.18","1,169,503","1,209,583","          0.97","2,378,464","1,091,990","          2.18","1,169,083","1,209,381","          0.97","2,377,801","1,092,536","          2.18","1,168,679","1,209,122","          0.97","2,376,978","1,092,922","          2.17","1,168,087","1,208,891","          0.97","2,376,044","1,093,499","          2.17","1,167,480","1,208,564","          0.97","2,374,960","1,094,148","          2.17","1,166,803","1,208,157","          0.97","2,373,844","1,094,529","          2.17","1,166,110","1,207,734","          0.97"
"대구광역시 중구 (2711000000)","81,791","41,518","          1.97","39,233","42,558","          0.92","82,835","42,037","          1.97","39,691","43,144","          0.92","83,438","42,325","          1.97","39,982","43,456","          0.92","83,702","42,468","          1.97","40,089","43,613","          0.92","83,945","42,582","          1.97","40,220","43,725","          0.92","85,296","43,214","          1.97","40,886","44,410","          0.92","86,210","43,650","          1.98","41,283","44,927","          0.92","86,714","43,916","          1.97","41,480","45,234","          0.92","87,387","44,197","          1.98","41,785","45,602","          0.92","87,998","44,439","          1.98","42,109","45,889","          0.92","89,064","44,871","          1.98","42,629","46,435","          0.92","89,685","45,209","          1.98","42,950","46,735","          0.92"
"대구광역시 동구 (2714000000)","338,610","159,365","          2.12","166,179","172,431","          0.96","338,782","159,627","          2.12","166,214","172,568","          0.96","338,820","159,865","          2.12","166,217","172,603","          0.96","339,677","160,454","          2.12","166,570","173,107","          0.96","339,988","160,720","          2.12","166,672","173,316","          0.96","340,568","161,108","          2.11","166,941","173,627","          0.96","341,800","161,740","          2.11","167,550","174,250","          0.96","342,476","162,098","          2.11","167,836","174,640","          0.96","342,627","162,298","          2.11","167,902","174,725","          0.96","343,031","162,554","          2.11","168,058","174,973","          0.96","342,813","162,691","          2.11","167,928","174,885","          0.96","342,703","162,840","          2.10","167,899","174,804","          0.96"
"대구광역시 서구 (2717000000)","158,968","80,960","          1.96","79,122","79,846","          0.99","158,546","80,886","          1.96","78,857","79,689","          0.99","158,907","81,175","          1.96","79,057","79,850","          0.99","159,646","81,623","          1.96","79,405","80,241","          0.99","159,908","81,819","          1.95","79,531","80,377","          0.99","159,603","81,747","          1.95","79,367","80,236","          0.99","159,255","81,679","          1.95","79,170","80,085","          0.99","159,896","82,020","          1.95","79,474","80,422","          0.99","161,149","82,606","          1.95","80,039","81,110","          0.99","163,028","83,483","          1.95","80,972","82,056","          0.99","164,088","83,949","          1.95","81,498","82,590","          0.99","164,513","84,189","          1.95","81,686","82,827","          0.99"
"대구광역시 남구 (2720000000)","141,762","76,575","          1.85","67,871","73,891","          0.92","141,631","76,613","          1.85","67,764","73,867","          0.92","141,640","76,715","          1.85","67,704","73,936","          0.92","141,577","76,714","          1.85","67,662","73,915","          0.92","141,212","76,592","          1.84","67,476","73,736","          0.92","140,768","76,471","          1.84","67,252","73,516","          0.91","140,497","76,349","          1.84","67,105","73,392","          0.91","140,404","76,333","          1.84","67,115","73,289","          0.92","140,132","76,207","          1.84","66,999","73,133","          0.92","139,664","76,051","          1.84","66,761","72,903","          0.92","139,187","75,887","          1.83","66,512","72,675","          0.92","138,806","75,729","          1.83","66,319","72,487","          0.91"
"대구광역시 북구 (2723000000)","429,014","192,326","          2.23","213,150","215,864","          0.99","428,117","192,368","          2.23","212,687","215,430","          0.99","427,120","192,193","          2.22","212,133","214,987","          0.99","426,202","192,245","          2.22","211,654","214,548","          0.99","426,284","192,580","          2.21","211,635","214,649","          0.99","425,718","192,659","          2.21","211,326","214,392","          0.99","424,831","192,586","          2.21","210,862","213,969","          0.99","423,657","192,326","          2.20","210,314","213,343","          0.99","422,571","192,066","          2.20","209,725","212,846","          0.99","420,972","191,653","          2.20","208,881","212,091","          0.98","419,624","191,349","          2.19","208,178","211,446","          0.98","418,563","190,928","          2.19","207,552","211,011","          0.98"
"대구광역시 수성구 (2726000000)","410,761","171,571","          2.39","198,294","212,467","          0.93","409,977","171,509","          2.39","197,896","212,081","          0.93","409,419","171,471","          2.39","197,507","211,912","          0.93","408,697","171,335","          2.39","197,118","211,579","          0.93","408,238","171,299","          2.38","196,842","211,396","          0.93","407,697","171,298","          2.38","196,533","211,164","          0.93","407,190","171,331","          2.38","196,254","210,936","          0.93","406,915","171,306","          2.38","196,129","210,786","          0.93","406,802","171,334","          2.37","196,099","210,703","          0.93","407,004","171,619","          2.37","196,133","210,871","          0.93","407,331","171,939","          2.37","196,277","211,054","          0.93","408,260","172,450","          2.37","196,713","211,547","          0.93"
"대구광역시 달서구 (2729000000)","537,040","236,709","          2.27","263,859","273,181","          0.97","536,483","236,967","          2.26","263,537","272,946","          0.97","535,656","236,971","          2.26","263,040","272,616","          0.96","534,465","236,794","          2.26","262,408","272,057","          0.96","533,810","236,791","          2.25","262,063","271,747","          0.96","533,248","236,819","          2.25","261,783","271,465","          0.96","532,496","236,834","          2.25","261,398","271,098","          0.96","531,782","236,717","          2.25","261,011","270,771","          0.96","530,737","236,483","          2.24","260,446","270,291","          0.96","529,085","235,997","          2.24","259,642","269,443","          0.96","527,781","235,685","          2.24","258,933","268,848","          0.96","526,576","235,455","          2.24","258,322","268,254","          0.96"
"대구광역시 달성군 (2771000000)","262,716","113,231","          2.32","133,234","129,482","          1.03","262,617","113,393","          2.32","133,230","129,387","          1.03","262,881","113,655","          2.31","133,402","129,479","          1.03","263,066","113,896","          2.31","133,491","129,575","          1.03","263,031","113,996","          2.31","133,484","129,547","          1.03","263,023","114,071","          2.31","133,478","129,545","          1.03","263,055","114,159","          2.30","133,524","129,531","          1.03","262,850","114,169","          2.30","133,381","129,469","          1.03","262,525","114,105","          2.30","133,188","129,337","          1.03","262,243","114,097","          2.30","133,033","129,210","          1.03","262,084","114,189","          2.30","132,962","129,122","          1.03","261,808","114,163","          2.29","132,810","128,998","          1.03"
"대구광역시 군위군 (2772000000)","","","","","","","","","","","","","","","","","","","","","","","","","","","","","","","23,165","13,686","          1.69","11,937","11,228","          1.06","23,130","13,662","          1.69","11,937","11,193","          1.07","23,107","13,651","          1.69","11,939","11,168","          1.07","23,048","13,626","          1.69","11,904","11,144","          1.07","23,019","13,606","          1.69","11,891","11,128","          1.07","22,988","13,588","          1.69","11,886","11,102","          1.07","22,930","13,566","          1.69","11,859","11,071","          1.07"
"인천광역시  (2800000000)","2,971,788","1,326,947","          2.24","1,487,333","1,484,455","          1.00","2,974,481","1,330,898","          2.23","1,488,490","1,485,991","          1.00","2,976,338","1,333,148","          2.23","1,489,277","1,487,061","          1.00","2,978,089","1,335,225","          2.23","1,490,065","1,488,024","          1.00","2,978,749","1,336,603","          2.23","1,490,345","1,488,404","          1.00","2,981,553","1,339,361","          2.23","1,491,638","1,489,915","          1.00","2,985,152","1,341,807","          2.22","1,493,440","1,491,712","          1.00","2,987,918","1,344,029","          2.22","1,494,725","1,493,193","          1.00","2,990,276","1,345,719","          2.22","1,495,744","1,494,532","          1.00","2,993,492","1,347,984","          2.22","1,497,231","1,496,261","          1.00","2,997,410","1,350,912","          2.22","1,499,016","1,498,394","          1.00","3,000,454","1,352,622","          2.22","1,500,414","1,500,040","          1.00"
"인천광역시 중구 (2811000000)","153,715","76,378","          2.01","79,735","73,980","          1.08","153,924","76,484","          2.01","79,754","74,170","          1.08","155,310","77,145","          2.01","80,416","74,894","          1.07","156,240","77,663","          2.01","80,871","75,369","          1.07","156,658","77,965","          2.01","81,143","75,515","          1.07","156,906","78,165","          2.01","81,233","75,673","          1.07","157,127","78,276","          2.01","81,403","75,724","          1.07","157,595","78,508","          2.01","81,663","75,932","          1.08","158,181","78,924","          2.00","81,978","76,203","          1.08","158,588","79,155","          2.00","82,179","76,409","          1.08","158,958","79,520","          2.00","82,334","76,624","          1.07","159,481","79,803","          2.00","82,604","76,877","          1.07"
"인천광역시 중구영종출장소 (2811400000)","0","0","          0.00","0","0","          0.00","0","0","          0.00","0","0","          0.00","0","0","          0.00","0","0","          0.00","0","0","          0.00","0","0","          0.00","0","0","          0.00","0","0","          0.00","0","0","          0.00","0","0","          0.00","0","0","          0.00","0","0","          0.00","0","0","          0.00","0","0","          0.00","0","0","          0.00","0","0","          0.00","0","0","          0.00","0","0","          0.00","0","0","          0.00","0","0","          0.00","0","0","          0.00","0","0","          0.00"
"인천광역시 중구용유출장소 (2811800000)","0","0","          0.00","0","0","          0.00","0","0","          0.00","0","0","          0.00","0","0","          0.00","0","0","          0.00","0","0","          0.00","0","0","          0.00","0","0","          0.00","0","0","          0.00","0","0","          0.00","0","0","          0.00","0","0","          0.00","0","0","          0.00","0","0","          0.00","0","0","          0.00","0","0","          0.00","0","0","          0.00","0","0","          0.00","0","0","          0.00","0","0","          0.00","0","0","          0.00","0","0","          0.00","0","0","          0.00"
"인천광역시 동구 (2814000000)","59,297","27,815","          2.13","29,832","29,465","          1.01","59,383","27,877","          2.13","29,878","29,505","          1.01","59,636","27,970","          2.13","29,980","29,656","          1.01","59,906","28,118","          2.13","30,101","29,805","          1.01","60,023","28,196","          2.13","30,139","29,884","          1.01","60,011","28,220","          2.13","30,111","29,900","          1.01","59,922","28,219","          2.12","30,075","29,847","          1.01","59,940","28,238","          2.12","30,071","29,869","          1.01","59,806","28,174","          2.12","29,986","29,820","          1.01","59,695","28,123","          2.12","29,920","29,775","          1.00","59,482","28,091","          2.12","29,805","29,677","          1.00","59,325","28,058","          2.11","29,718","29,607","          1.00"
"인천광역시 미추홀구 (2817700000)","404,692","194,606","          2.08","203,713","200,979","          1.01","404,867","195,013","          2.08","203,745","201,122","          1.01","404,852","195,178","          2.07","203,685","201,167","          1.01","404,466","195,194","          2.07","203,537","200,929","          1.01","404,177","195,189","          2.07","203,440","200,737","          1.01","405,054","195,811","          2.07","203,893","201,161","          1.01","405,633","196,193","          2.07","204,176","201,457","          1.01","405,471","196,206","          2.07","204,051","201,420","          1.01","405,499","196,239","          2.07","203,998","201,501","          1.01","404,987","196,079","          2.07","203,729","201,258","          1.01","405,995","196,607","          2.07","204,247","201,748","          1.01","406,937","196,899","          2.07","204,668","202,269","          1.01"
"인천광역시 연수구 (2818500000)","386,506","156,287","          2.47","191,686","194,820","          0.98","388,239","157,800","          2.46","192,573","195,666","          0.98","388,606","158,147","          2.46","192,725","195,881","          0.98","389,153","158,409","          2.46","193,045","196,108","          0.98","389,418","158,561","          2.46","193,188","196,230","          0.98","389,315","158,575","          2.46","193,086","196,229","          0.98","389,310","158,542","          2.46","193,015","196,295","          0.98","389,722","158,949","          2.45","193,227","196,495","          0.98","390,896","159,414","          2.45","193,805","197,091","          0.98","391,934","159,777","          2.45","194,367","197,567","          0.98","392,416","159,905","          2.45","194,599","197,817","          0.98","392,681","159,854","          2.46","194,710","197,971","          0.98"
"인천광역시 남동구 (2820000000)","503,689","226,328","          2.23","250,249","253,440","          0.99","502,526","226,387","          2.22","249,684","252,842","          0.99","501,481","226,289","          2.22","249,152","252,329","          0.99","500,534","226,249","          2.21","248,661","251,873","          0.99","499,891","226,224","          2.21","248,326","251,565","          0.99","498,379","225,845","          2.21","247,569","250,810","          0.99","497,181","225,493","          2.20","247,008","250,173","          0.99","496,318","225,302","          2.20","246,584","249,734","          0.99","495,110","224,875","          2.20","245,981","249,129","          0.99","493,559","224,365","          2.20","245,116","248,443","          0.99","492,415","224,268","          2.20","244,530","247,885","          0.99","491,660","224,237","          2.19","244,140","247,520","          0.99"
"인천광역시 부평구 (2823700000)","490,423","219,116","          2.24","241,853","248,570","          0.97","490,430","219,569","          2.23","241,789","248,641","          0.97","490,063","219,660","          2.23","241,598","248,465","          0.97","489,740","219,732","          2.23","241,369","248,371","          0.97","489,621","219,959","          2.23","241,267","248,354","          0.97","489,017","219,946","          2.22","240,883","248,134","          0.97","488,696","220,018","          2.22","240,684","248,012","          0.97","488,383","220,016","          2.22","240,540","247,843","          0.97","487,885","220,034","          2.22","240,207","247,678","          0.97","490,899","221,574","          2.22","241,706","249,193","          0.97","494,138","223,271","          2.21","243,292","250,846","          0.97","495,627","224,024","          2.21","243,992","251,635","          0.97"
"인천광역시 계양구 (2824500000)","287,238","126,891","          2.26","143,093","144,145","          0.99","286,390","126,758","          2.26","142,585","143,805","          0.99","285,774","126,685","          2.26","142,313","143,461","          0.99","285,376","126,728","          2.25","142,094","143,282","          0.99","285,060","126,665","          2.25","141,893","143,167","          0.99","284,133","126,447","          2.25","141,425","142,708","          0.99","283,422","126,352","          2.24","141,082","142,340","          0.99","282,826","126,218","          2.24","140,734","142,092","          0.99","282,158","126,053","          2.24","140,417","141,741","          0.99","281,063","125,795","          2.23","139,907","141,156","          0.99","280,266","125,640","          2.23","139,459","140,807","          0.99","279,708","125,549","          2.23","139,204","140,504","          0.99"
"인천광역시 서구 (2826000000)","596,063","251,983","          2.37","300,597","295,466","          1.02","598,675","253,473","          2.36","301,945","296,730","          1.02","600,578","254,490","          2.36","302,876","297,702","          1.02","602,711","255,561","          2.36","303,883","298,828","          1.02","604,017","256,292","          2.36","304,499","299,518","          1.02","608,904","258,808","          2.35","306,996","301,908","          1.02","614,123","261,144","          2.35","309,591","304,532","          1.02","618,052","263,059","          2.35","311,536","306,516","          1.02","621,152","264,468","          2.35","313,053","308,099","          1.02","623,256","265,596","          2.35","314,024","309,232","          1.02","624,358","266,168","          2.35","314,541","309,817","          1.02","625,675","266,720","          2.35","315,196","310,479","          1.02"
"인천광역시 서구검단출장소 (2826500000)","0","0","          0.00","0","0","          0.00","0","0","          0.00","0","0","          0.00","0","0","          0.00","0","0","          0.00","0","0","          0.00","0","0","          0.00","0","0","          0.00","0","0","          0.00","0","0","          0.00","0","0","          0.00","0","0","          0.00","0","0","          0.00","0","0","          0.00","0","0","          0.00","0","0","          0.00","0","0","          0.00","0","0","          0.00","0","0","          0.00","0","0","          0.00","0","0","          0.00","0","0","          0.00","0","0","          0.00"
"인천광역시 강화군 (2871000000)","69,638","35,104","          1.98","34,845","34,793","          1.00","69,541","35,113","          1.98","34,827","34,714","          1.00","69,550","35,142","          1.98","34,836","34,714","          1.00","69,470","35,127","          1.98","34,795","34,675","          1.00","69,394","35,104","          1.98","34,747","34,647","          1.00","69,326","35,066","          1.98","34,710","34,616","          1.00","69,265","35,100","          1.97","34,699","34,566","          1.00","69,162","35,072","          1.97","34,632","34,530","          1.00","69,137","35,067","          1.97","34,634","34,503","          1.00","69,073","35,049","          1.97","34,597","34,476","          1.00","69,005","35,005","          1.97","34,566","34,439","          1.00","69,013","35,025","          1.97","34,553","34,460","          1.00"
"인천광역시 옹진군 (2872000000)","20,527","12,439","          1.65","11,730","8,797","          1.33","20,506","12,424","          1.65","11,710","8,796","          1.33","20,488","12,442","          1.65","11,696","8,792","          1.33","20,493","12,444","          1.65","11,709","8,784","          1.33","20,490","12,448","          1.65","11,703","8,787","          1.33","20,508","12,478","          1.64","11,732","8,776","          1.34","20,473","12,470","          1.64","11,707","8,766","          1.34","20,449","12,461","          1.64","11,687","8,762","          1.33","20,452","12,471","          1.64","11,685","8,767","          1.33","20,438","12,471","          1.64","11,686","8,752","          1.34","20,377","12,437","          1.64","11,643","8,734","          1.33","20,347","12,453","          1.63","11,629","8,718","          1.33"
"광주광역시  (2900000000)","1,428,927","653,209","          2.19","706,167","722,760","          0.98","1,427,508","653,806","          2.18","705,471","722,037","          0.98","1,426,625","654,192","          2.18","704,974","721,651","          0.98","1,425,739","654,682","          2.18","704,489","721,250","          0.98","1,424,818","655,025","          2.18","703,887","720,931","          0.98","1,424,305","655,435","          2.17","703,548","720,757","          0.98","1,423,810","656,055","          2.17","703,131","720,679","          0.98","1,422,999","656,061","          2.17","702,748","720,251","          0.98","1,421,760","655,675","          2.17","702,121","719,639","          0.98","1,420,822","655,552","          2.17","701,645","719,177","          0.98","1,419,237","655,433","          2.17","700,896","718,341","          0.98","1,418,241","655,359","          2.16","700,377","717,864","          0.98"
"광주광역시 동구 (2911000000)","106,101","54,342","          1.95","52,399","53,702","          0.98","106,247","54,507","          1.95","52,416","53,831","          0.97","106,443","54,667","          1.95","52,470","53,973","          0.97","106,595","54,805","          1.94","52,499","54,096","          0.97","106,666","54,882","          1.94","52,558","54,108","          0.97","106,720","54,933","          1.94","52,569","54,151","          0.97","106,704","55,009","          1.94","52,529","54,175","          0.97","106,675","54,985","          1.94","52,514","54,161","          0.97","106,957","55,107","          1.94","52,674","54,283","          0.97","107,165","55,243","          1.94","52,785","54,380","          0.97","107,176","55,283","          1.94","52,830","54,346","          0.97","107,152","55,255","          1.94","52,795","54,357","          0.97"
"광주광역시 서구 (2914000000)","287,237","133,857","          2.15","140,606","146,631","          0.96","286,826","133,935","          2.14","140,374","146,452","          0.96","286,574","134,000","          2.14","140,253","146,321","          0.96","286,370","134,116","          2.14","140,180","146,190","          0.96","286,100","134,185","          2.13","140,017","146,083","          0.96","285,972","134,288","          2.13","139,941","146,031","          0.96","285,843","134,476","          2.13","139,831","146,012","          0.96","285,537","134,405","          2.12","139,654","145,883","          0.96","284,870","134,154","          2.12","139,391","145,479","          0.96","284,355","133,907","          2.12","139,149","145,206","          0.96","283,991","133,816","          2.12","138,939","145,052","          0.96","283,582","133,690","          2.12","138,771","144,811","          0.96"
"광주광역시 남구 (2915500000)","211,907","95,795","          2.21","101,635","110,272","          0.92","211,563","95,778","          2.21","101,510","110,053","          0.92","211,329","95,717","          2.21","101,391","109,938","          0.92","211,010","95,633","          2.21","101,226","109,784","          0.92","210,762","95,597","          2.20","101,069","109,693","          0.92","210,618","95,629","          2.20","100,978","109,640","          0.92","210,423","95,603","          2.20","100,819","109,604","          0.92","210,329","95,626","          2.20","100,802","109,527","          0.92","210,027","95,511","          2.20","100,600","109,427","          0.92","209,979","95,479","          2.20","100,547","109,432","          0.92","209,646","95,417","          2.20","100,350","109,296","          0.92","209,472","95,383","          2.20","100,272","109,200","          0.92"
"광주광역시 북구 (2917000000)","424,013","198,320","          2.14","209,973","214,040","          0.98","423,723","198,569","          2.13","209,814","213,909","          0.98","423,338","198,611","          2.13","209,591","213,747","          0.98","423,015","198,757","          2.13","209,362","213,653","          0.98","422,629","198,806","          2.13","209,128","213,501","          0.98","422,475","198,872","          2.12","209,021","213,454","          0.98","422,881","199,279","          2.12","209,216","213,665","          0.98","422,776","199,404","          2.12","209,163","213,613","          0.98","422,567","199,373","          2.12","209,037","213,530","          0.98","422,159","199,313","          2.12","208,847","213,312","          0.98","421,683","199,280","          2.12","208,679","213,004","          0.98","421,473","199,286","          2.11","208,505","212,968","          0.98"
"광주광역시 광산구 (2920000000)","399,669","170,895","          2.34","201,554","198,115","          1.02","399,149","171,017","          2.33","201,357","197,792","          1.02","398,941","171,197","          2.33","201,269","197,672","          1.02","398,749","171,371","          2.33","201,222","197,527","          1.02","398,661","171,555","          2.32","201,115","197,546","          1.02","398,520","171,713","          2.32","201,039","197,481","          1.02","397,959","171,688","          2.32","200,736","197,223","          1.02","397,682","171,641","          2.32","200,615","197,067","          1.02","397,339","171,530","          2.32","200,419","196,920","          1.02","397,164","171,610","          2.31","200,317","196,847","          1.02","396,741","171,637","          2.31","200,098","196,643","          1.02","396,562","171,745","          2.31","200,034","196,528","          1.02"
"대전광역시  (3000000000)","1,445,875","675,760","          2.14","721,195","724,680","          1.00","1,445,519","677,326","          2.13","721,051","724,468","          1.00","1,445,214","677,706","          2.13","720,934","724,280","          1.00","1,445,221","678,666","          2.13","720,874","724,347","          1.00","1,445,126","679,151","          2.13","720,783","724,343","          1.00","1,444,898","679,611","          2.13","720,637","724,261","          0.99","1,444,837","680,337","          2.12","720,688","724,149","          1.00","1,444,595","680,653","          2.12","720,520","724,075","          1.00","1,443,965","680,363","          2.12","720,207","723,758","          1.00","1,443,106","680,226","          2.12","719,805","723,301","          1.00","1,442,216","680,261","          2.12","719,292","722,924","          0.99","1,441,562","680,459","          2.12","719,008","722,554","          1.00"
"대전광역시 동구 (3011000000)","219,610","108,829","          2.02","110,614","108,996","          1.01","219,576","109,136","          2.01","110,597","108,979","          1.01","219,272","109,062","          2.01","110,471","108,801","          1.02","219,137","109,196","          2.01","110,400","108,737","          1.02","218,927","109,218","          2.00","110,244","108,683","          1.01","218,701","109,186","          2.00","110,095","108,606","          1.01","218,694","109,296","          2.00","110,123","108,571","          1.01","218,687","109,366","          2.00","110,136","108,551","          1.01","218,465","109,264","          2.00","109,994","108,471","          1.01","218,037","109,170","          2.00","109,801","108,236","          1.01","217,628","108,996","          2.00","109,555","108,073","          1.01","217,079","108,714","          2.00","109,283","107,796","          1.01"
"대전광역시 중구 (3014000000)","226,421","107,657","          2.10","111,292","115,129","          0.97","226,080","107,670","          2.10","111,123","114,957","          0.97","225,688","107,543","          2.10","110,900","114,788","          0.97","225,267","107,476","          2.10","110,699","114,568","          0.97","224,799","107,336","          2.09","110,478","114,321","          0.97","224,684","107,337","          2.09","110,392","114,292","          0.97","224,439","107,327","          2.09","110,235","114,204","          0.97","224,439","107,367","          2.09","110,229","114,210","          0.97","224,143","107,218","          2.09","110,048","114,095","          0.96","223,506","106,910","          2.09","109,728","113,778","          0.96","223,256","106,885","          2.09","109,626","113,630","          0.96","222,919","106,872","          2.09","109,425","113,494","          0.96"
"대전광역시 서구 (3017000000)","469,709","217,163","          2.16","230,651","239,058","          0.96","469,386","217,534","          2.16","230,420","238,966","          0.96","468,561","217,490","          2.15","230,018","238,543","          0.96","468,048","217,627","          2.15","229,725","238,323","          0.96","467,866","217,750","          2.15","229,628","238,238","          0.96","467,653","217,881","          2.15","229,511","238,142","          0.96","467,364","217,946","          2.14","229,348","238,016","          0.96","466,927","217,882","          2.14","229,071","237,856","          0.96","465,978","217,477","          2.14","228,648","237,330","          0.96","465,183","217,325","          2.14","228,347","236,836","          0.96","464,634","217,305","          2.14","228,024","236,610","          0.96","464,741","217,536","          2.14","228,082","236,659","          0.96"
"대전광역시 유성구 (3020000000)","358,189","161,894","          2.21","181,227","176,962","          1.02","358,798","162,707","          2.21","181,590","177,208","          1.02","360,321","163,362","          2.21","182,370","177,951","          1.02","361,748","164,099","          2.20","183,059","178,689","          1.02","362,665","164,554","          2.20","183,523","179,142","          1.02","363,057","164,851","          2.20","183,781","179,276","          1.03","363,731","165,383","          2.20","184,227","179,504","          1.03","364,062","165,672","          2.20","184,408","179,654","          1.03","365,082","166,028","          2.20","184,938","180,144","          1.03","366,294","166,481","          2.20","185,521","180,773","          1.03","366,845","166,767","          2.20","185,786","181,059","          1.03","367,240","167,008","          2.20","186,028","181,212","          1.03"
"대전광역시 대덕구 (3023000000)","171,946","80,217","          2.14","87,411","84,535","          1.03","171,679","80,279","          2.14","87,321","84,358","          1.04","171,372","80,249","          2.14","87,175","84,197","          1.04","171,021","80,268","          2.13","86,991","84,030","          1.04","170,869","80,293","          2.13","86,910","83,959","          1.04","170,803","80,356","          2.13","86,858","83,945","          1.03","170,609","80,385","          2.12","86,755","83,854","          1.03","170,480","80,366","          2.12","86,676","83,804","          1.03","170,297","80,376","          2.12","86,579","83,718","          1.03","170,086","80,340","          2.12","86,408","83,678","          1.03","169,853","80,308","          2.12","86,301","83,552","          1.03","169,583","80,329","          2.11","86,190","83,393","          1.03"
"울산광역시  (3100000000)","1,108,665","486,823","          2.28","569,576","539,089","          1.06","1,107,746","487,241","          2.27","569,131","538,615","          1.06","1,107,134","487,447","          2.27","568,824","538,310","          1.06","1,106,446","487,873","          2.27","568,518","537,928","          1.06","1,106,015","488,421","          2.26","568,302","537,713","          1.06","1,105,326","488,828","          2.26","567,947","537,379","          1.06","1,104,448","489,064","          2.26","567,403","537,045","          1.06","1,104,167","489,298","          2.26","567,314","536,853","          1.06","1,104,031","489,851","          2.25","567,309","536,722","          1.06","1,103,752","490,174","          2.25","567,145","536,607","          1.06","1,103,661","490,690","          2.25","567,153","536,508","          1.06","1,103,402","490,987","          2.25","567,081","536,321","          1.06"
"울산광역시 중구 (3111000000)","207,368","92,950","          2.23","104,861","102,507","          1.02","207,028","92,922","          2.23","104,692","102,336","          1.02","206,815","92,883","          2.23","104,574","102,241","          1.02","206,621","92,929","          2.22","104,468","102,153","          1.02","206,246","92,892","          2.22","104,269","101,977","          1.02","205,838","92,841","          2.22","104,055","101,783","          1.02","205,464","92,718","          2.22","103,868","101,596","          1.02","205,345","92,747","          2.21","103,832","101,513","          1.02","207,179","93,597","          2.21","104,767","102,412","          1.02","208,347","94,147","          2.21","105,358","102,989","          1.02","208,668","94,372","          2.21","105,547","103,121","          1.02","208,568","94,357","          2.21","105,484","103,084","          1.02"
"울산광역시 남구 (3114000000)","310,269","139,757","          2.22","158,271","151,998","          1.04","309,906","139,864","          2.22","158,170","151,736","          1.04","309,680","139,903","          2.21","157,992","151,688","          1.04","309,495","140,041","          2.21","157,862","151,633","          1.04","309,256","140,125","          2.21","157,760","151,496","          1.04","309,220","140,335","          2.20","157,733","151,487","          1.04","309,139","140,531","          2.20","157,634","151,505","          1.04","309,184","140,590","          2.20","157,680","151,504","          1.04","308,438","140,443","          2.20","157,314","151,124","          1.04","307,790","140,245","          2.19","157,005","150,785","          1.04","307,232","140,162","          2.19","156,729","150,503","          1.04","306,762","140,080","          2.19","156,534","150,228","          1.04"
"울산광역시 동구 (3117000000)","151,185","66,328","          2.28","78,855","72,330","          1.09","151,009","66,373","          2.28","78,776","72,233","          1.09","150,850","66,334","          2.27","78,697","72,153","          1.09","150,846","66,396","          2.27","78,713","72,133","          1.09","151,556","66,859","          2.27","79,086","72,470","          1.09","152,048","67,186","          2.26","79,324","72,724","          1.09","152,315","67,445","          2.26","79,445","72,870","          1.09","152,523","67,608","          2.26","79,555","72,968","          1.09","152,419","67,651","          2.25","79,474","72,945","          1.09","152,356","67,702","          2.25","79,432","72,924","          1.09","152,287","67,743","          2.25","79,411","72,876","          1.09","152,104","67,824","          2.24","79,360","72,744","          1.09"
"울산광역시 북구 (3120000000)","218,696","87,526","          2.50","113,121","105,575","          1.07","218,747","87,713","          2.49","113,133","105,614","          1.07","218,758","87,844","          2.49","113,167","105,591","          1.07","218,633","87,962","          2.49","113,154","105,479","          1.07","218,292","87,965","          2.48","113,009","105,283","          1.07","217,879","87,903","          2.48","112,775","105,104","          1.07","217,533","87,838","          2.48","112,578","104,955","          1.07","217,322","87,846","          2.47","112,460","104,862","          1.07","216,567","87,665","          2.47","112,140","104,427","          1.07","216,025","87,543","          2.47","111,861","104,164","          1.07","216,477","87,865","          2.46","112,115","104,362","          1.07","217,045","88,149","          2.46","112,423","104,622","          1.07"
"울산광역시 울주군 (3171000000)","221,147","100,262","          2.21","114,468","106,679","          1.07","221,056","100,369","          2.20","114,360","106,696","          1.07","221,031","100,483","          2.20","114,394","106,637","          1.07","220,851","100,545","          2.20","114,321","106,530","          1.07","220,665","100,580","          2.19","114,178","106,487","          1.07","220,341","100,563","          2.19","114,060","106,281","          1.07","219,997","100,532","          2.19","113,878","106,119","          1.07","219,793","100,507","          2.19","113,787","106,006","          1.07","219,428","100,495","          2.18","113,614","105,814","          1.07","219,234","100,537","          2.18","113,489","105,745","          1.07","218,997","100,548","          2.18","113,351","105,646","          1.07","218,923","100,577","          2.18","113,280","105,643","          1.07"
"세종특별자치시  (3600000000)","385,285","160,012","          2.41","192,110","193,175","          0.99","385,609","160,320","          2.41","192,212","193,397","          0.99","385,825","160,474","          2.40","192,316","193,509","          0.99","386,050","160,604","          2.40","192,393","193,657","          0.99","386,126","160,615","          2.40","192,435","193,691","          0.99","386,192","160,562","          2.41","192,449","193,743","          0.99","385,953","160,439","          2.41","192,271","193,682","          0.99","385,932","160,479","          2.40","192,246","193,686","          0.99","386,079","160,556","          2.40","192,299","193,780","          0.99","386,256","160,764","          2.40","192,396","193,860","          0.99","386,525","160,835","          2.40","192,524","194,001","          0.99","386,944","160,942","          2.40","192,704","194,240","          0.99"
"세종특별자치시  (3611000000)","385,285","160,012","          2.41","192,110","193,175","          0.99","385,609","160,320","          2.41","192,212","193,397","          0.99","385,825","160,474","          2.40","192,316","193,509","          0.99","386,050","160,604","          2.40","192,393","193,657","          0.99","386,126","160,615","          2.40","192,435","193,691","          0.99","386,192","160,562","          2.41","192,449","193,743","          0.99","385,953","160,439","          2.41","192,271","193,682","          0.99","385,932","160,479","          2.40","192,246","193,686","          0.99","386,079","160,556","          2.40","192,299","193,780","          0.99","386,256","160,764","          2.40","192,396","193,860","          0.99","386,525","160,835","          2.40","192,524","194,001","          0.99","386,944","160,942","          2.40","192,704","194,240","          0.99"
"경기도  (4100000000)","13,600,800","5,927,894","          2.29","6,844,167","6,756,633","          1.01","13,603,546","5,936,411","          2.29","6,845,505","6,758,041","          1.01","13,607,919","5,942,067","          2.29","6,847,848","6,760,071","          1.01","13,612,597","5,948,920","          2.29","6,850,133","6,762,464","          1.01","13,618,969","5,956,358","          2.29","6,852,980","6,765,989","          1.01","13,623,055","5,962,224","          2.28","6,854,747","6,768,308","          1.01","13,624,964","5,965,990","          2.28","6,855,409","6,769,555","          1.01","13,626,339","5,969,573","          2.28","6,855,626","6,770,713","          1.01","13,627,840","5,971,803","          2.28","6,855,616","6,772,224","          1.01","13,628,135","5,974,055","          2.28","6,855,041","6,773,094","          1.01","13,630,821","5,978,724","          2.28","6,855,895","6,774,926","          1.01","13,635,250","5,984,576","          2.28","6,857,867","6,777,383","          1.01"
"경기도 수원시 (4111000000)","1,192,686","530,462","          2.25","600,546","592,140","          1.01","1,192,225","530,780","          2.25","600,239","591,986","          1.01","1,191,821","531,034","          2.24","600,021","591,800","          1.01","1,191,505","531,460","          2.24","599,765","591,740","          1.01","1,191,988","532,199","          2.24","599,852","592,136","          1.01","1,192,960","533,196","          2.24","600,349","592,611","          1.01","1,195,111","534,722","          2.24","601,447","593,664","          1.01","1,195,718","535,414","          2.23","601,621","594,097","          1.01","1,196,864","536,194","          2.23","602,159","594,705","          1.01","1,197,241","536,680","          2.23","602,392","594,849","          1.01","1,197,257","537,078","          2.23","602,346","594,911","          1.01","1,197,220","537,396","          2.23","602,313","594,907","          1.01"
"경기도 수원시 장안구 (4111100000)","269,841","118,785","          2.27","135,744","134,097","          1.01","269,403","118,713","          2.27","135,528","133,875","          1.01","269,189","118,635","          2.27","135,398","133,791","          1.01","268,813","118,580","          2.27","135,191","133,622","          1.01","269,214","118,875","          2.26","135,387","133,827","          1.01","269,128","118,967","          2.26","135,329","133,799","          1.01","268,547","118,902","          2.26","135,069","133,478","          1.01","268,202","118,837","          2.26","134,886","133,316","          1.01","269,440","119,289","          2.26","135,495","133,945","          1.01","270,294","119,626","          2.26","135,928","134,366","          1.01","270,849","119,900","          2.26","136,145","134,704","          1.01","270,959","119,980","          2.26","136,151","134,808","          1.01"
"경기도 수원시 권선구 (4111300000)","367,638","161,695","          2.27","185,764","181,874","          1.02","367,618","161,880","          2.27","185,722","181,896","          1.02","367,324","161,993","          2.27","185,585","181,739","          1.02","367,779","162,586","          2.26","185,774","182,005","          1.02","368,501","163,262","          2.26","186,128","182,373","          1.02","368,915","163,776","          2.25","186,360","182,555","          1.02","368,270","163,823","          2.25","186,016","182,254","          1.02","367,359","163,613","          2.25","185,498","181,861","          1.02","366,740","163,560","          2.24","185,199","181,541","          1.02","366,467","163,666","          2.24","185,100","181,367","          1.02","366,167","163,796","          2.24","184,970","181,197","          1.02","366,306","164,021","          2.23","185,101","181,205","          1.02"
"경기도 수원시 팔달구 (4111500000)","193,247","96,415","          2.00","97,391","95,856","          1.02","193,363","96,482","          2.00","97,354","96,009","          1.01","193,392","96,592","          2.00","97,384","96,008","          1.01","193,202","96,513","          2.00","97,304","95,898","          1.01","192,921","96,404","          2.00","97,125","95,796","          1.01","192,414","96,327","          2.00","96,865","95,549","          1.01","195,442","97,616","          2.00","98,423","97,019","          1.01","197,197","98,409","          2.00","99,264","97,933","          1.01","197,705","98,688","          2.00","99,523","98,182","          1.01","197,473","98,627","          2.00","99,395","98,078","          1.01","197,213","98,505","          2.00","99,290","97,923","          1.01","196,921","98,347","          2.00","99,145","97,776","          1.01"
"경기도 수원시 영통구 (4111700000)","361,960","153,567","          2.36","181,647","180,313","          1.01","361,841","153,705","          2.35","181,635","180,206","          1.01","361,916","153,814","          2.35","181,654","180,262","          1.01","361,711","153,781","          2.35","181,496","180,215","          1.01","361,352","153,658","          2.35","181,212","180,140","          1.01","362,503","154,126","          2.35","181,795","180,708","          1.01","362,852","154,381","          2.35","181,939","180,913","          1.01","362,960","154,555","          2.35","181,973","180,987","          1.01","362,979","154,657","          2.35","181,942","181,037","          1.00","363,007","154,761","          2.35","181,969","181,038","          1.01","363,028","154,877","          2.34","181,941","181,087","          1.00","363,034","155,048","          2.34","181,916","181,118","          1.00"
"경기도 성남시 (4113000000)","924,051","409,466","          2.26","457,452","466,599","          0.98","923,416","409,453","          2.26","457,196","466,220","          0.98","923,344","409,447","          2.26","457,190","466,154","          0.98","922,914","409,505","          2.25","456,920","465,994","          0.98","921,434","409,179","          2.25","456,118","465,316","          0.98","919,771","408,608","          2.25","455,240","464,531","          0.98","918,077","408,085","          2.25","454,382","463,695","          0.98","917,374","407,836","          2.25","454,033","463,341","          0.98","917,243","407,805","          2.25","453,912","463,331","          0.98","918,771","408,860","          2.25","454,661","464,110","          0.98","919,747","409,602","          2.25","455,137","464,610","          0.98","919,856","409,989","          2.24","455,212","464,644","          0.98"
"경기도 성남시 수정구 (4113100000)","229,163","113,122","          2.03","116,281","112,882","          1.03","229,199","113,143","          2.03","116,267","112,932","          1.03","230,244","113,471","          2.03","116,792","113,452","          1.03","230,761","113,744","          2.03","117,031","113,730","          1.03","230,731","113,836","          2.03","116,956","113,775","          1.03","230,699","113,879","          2.03","116,941","113,758","          1.03","230,552","113,857","          2.02","116,871","113,681","          1.03","230,406","113,839","          2.02","116,776","113,630","          1.03","230,442","113,878","          2.02","116,787","113,655","          1.03","233,509","115,319","          2.02","118,316","115,193","          1.03","235,942","116,390","          2.03","119,496","116,446","          1.03","236,825","116,817","          2.03","119,944","116,881","          1.03"
"경기도 성남시 중원구 (4113300000)","214,152","101,730","          2.11","108,158","105,994","          1.02","214,471","101,922","          2.10","108,358","106,113","          1.02","214,304","101,879","          2.10","108,292","106,012","          1.02","214,139","101,880","          2.10","108,154","105,985","          1.02","213,815","101,782","          2.10","107,978","105,837","          1.02","213,471","101,685","          2.10","107,828","105,643","          1.02","213,015","101,534","          2.10","107,586","105,429","          1.02","212,792","101,469","          2.10","107,504","105,288","          1.02","212,648","101,432","          2.10","107,391","105,257","          1.02","211,505","101,154","          2.09","106,804","104,701","          1.02","210,848","101,034","          2.09","106,515","104,333","          1.02","210,369","100,934","          2.08","106,258","104,111","          1.02"
"경기도 성남시 분당구 (4113500000)","480,736","194,614","          2.47","233,013","247,723","          0.94","479,746","194,388","          2.47","232,571","247,175","          0.94","478,796","194,097","          2.47","232,106","246,690","          0.94","478,014","193,881","          2.47","231,735","246,279","          0.94","476,888","193,561","          2.46","231,184","245,704","          0.94","475,601","193,044","          2.46","230,471","245,130","          0.94","474,510","192,694","          2.46","229,925","244,585","          0.94","474,176","192,528","          2.46","229,753","244,423","          0.94","474,153","192,495","          2.46","229,734","244,419","          0.94","473,757","192,387","          2.46","229,541","244,216","          0.94","472,957","192,178","          2.46","229,126","243,831","          0.94","472,662","192,238","          2.46","229,010","243,652","          0.94"
"경기도 의정부시 (4115000000)","463,053","208,325","          2.22","227,702","235,351","          0.97","462,637","208,340","          2.22","227,427","235,210","          0.97","462,374","208,358","          2.22","227,301","235,073","          0.97","462,329","208,483","          2.22","227,237","235,092","          0.97","463,941","209,246","          2.22","228,051","235,890","          0.97","464,775","209,685","          2.22","228,469","236,306","          0.97","464,778","209,775","          2.22","228,484","236,294","          0.97","464,909","209,929","          2.21","228,561","236,348","          0.97","465,019","209,988","          2.21","228,594","236,425","          0.97","464,644","209,985","          2.21","228,378","236,266","          0.97","464,213","209,891","          2.21","228,163","236,050","          0.97","463,724","209,794","          2.21","227,907","235,817","          0.97"
"경기도 안양시 (4117000000)","547,583","227,546","          2.41","270,552","277,031","          0.98","547,320","227,576","          2.40","270,396","276,924","          0.98","546,781","227,481","          2.40","270,160","276,621","          0.98","546,226","227,358","          2.40","269,932","276,294","          0.98","545,946","227,361","          2.40","269,812","276,134","          0.98","545,478","227,357","          2.40","269,606","275,872","          0.98","545,092","227,349","          2.40","269,406","275,686","          0.98","544,514","227,220","          2.40","269,034","275,480","          0.98","544,083","227,035","          2.40","268,810","275,273","          0.98","543,597","226,925","          2.40","268,455","275,142","          0.98","544,660","227,627","          2.39","268,911","275,749","          0.98","546,078","228,314","          2.39","269,636","276,442","          0.98"
"경기도 안양시 만안구 (4117100000)","234,148","102,616","          2.28","116,953","117,195","          1.00","234,052","102,625","          2.28","116,907","117,145","          1.00","233,685","102,560","          2.28","116,717","116,968","          1.00","233,383","102,477","          2.28","116,598","116,785","          1.00","233,079","102,404","          2.28","116,465","116,614","          1.00","232,874","102,396","          2.27","116,353","116,521","          1.00","232,609","102,376","          2.27","116,207","116,402","          1.00","232,258","102,267","          2.27","116,007","116,251","          1.00","231,803","102,101","          2.27","115,790","116,013","          1.00","231,267","101,943","          2.27","115,476","115,791","          1.00","230,664","101,831","          2.27","115,122","115,542","          1.00","230,139","101,701","          2.26","114,885","115,254","          1.00"
"경기도 안양시 동안구 (4117300000)","313,435","124,930","          2.51","153,599","159,836","          0.96","313,268","124,951","          2.51","153,489","159,779","          0.96","313,096","124,921","          2.51","153,443","159,653","          0.96","312,843","124,881","          2.51","153,334","159,509","          0.96","312,867","124,957","          2.50","153,347","159,520","          0.96","312,604","124,961","          2.50","153,253","159,351","          0.96","312,483","124,973","          2.50","153,199","159,284","          0.96","312,256","124,953","          2.50","153,027","159,229","          0.96","312,280","124,934","          2.50","153,020","159,260","          0.96","312,330","124,982","          2.50","152,979","159,351","          0.96","313,996","125,796","          2.50","153,789","160,207","          0.96","315,939","126,613","          2.50","154,751","161,188","          0.96"
"경기도 부천시 (4119000000)","787,673","344,060","          2.29","389,755","397,918","          0.98","787,813","344,953","          2.28","389,786","398,027","          0.98","788,179","345,532","          2.28","389,997","398,182","          0.98","787,821","345,786","          2.28","389,808","398,013","          0.98","787,267","345,802","          2.28","389,477","397,790","          0.98","786,469","345,756","          2.27","389,041","397,428","          0.98","785,432","345,530","          2.27","388,543","396,889","          0.98","784,273","345,286","          2.27","387,844","396,429","          0.98","782,854","344,793","          2.27","387,106","395,748","          0.98","781,119","344,217","          2.27","386,234","394,885","          0.98","779,968","344,096","          2.27","385,531","394,437","          0.98","778,874","343,955","          2.26","384,980","393,894","          0.98"
"경기도 부천시 원미구 (4119200000)","","","","","","","","","","","","","","","","","","","","","","","","","","","","","","","","","","","","","","","","","","","","","","","","","","","","","","","","","","","","","","","","","","","393,826","174,404","          2.26","193,682","200,144","          0.97"
"경기도 부천시 소사구 (4119400000)","","","","","","","","","","","","","","","","","","","","","","","","","","","","","","","","","","","","","","","","","","","","","","","","","","","","","","","","","","","","","","","","","","","229,858","99,247","          2.32","112,904","116,954","          0.97"
"경기도 부천시 오정구 (4119600000)","","","","","","","","","","","","","","","","","","","","","","","","","","","","","","","","","","","","","","","","","","","","","","","","","","","","","","","","","","","","","","","","","","","155,190","70,304","          2.21","78,394","76,796","          1.02"
"경기도 광명시 (4121000000)","286,584","117,838","          2.43","140,875","145,709","          0.97","285,198","117,176","          2.43","140,204","144,994","          0.97","283,849","116,567","          2.44","139,523","144,326","          0.97","282,786","116,088","          2.44","138,932","143,854","          0.97","281,821","115,690","          2.44","138,435","143,386","          0.97","280,986","115,290","          2.44","137,970","143,016","          0.96","280,414","115,144","          2.44","137,706","142,708","          0.96","280,129","115,057","          2.43","137,545","142,584","          0.96","280,270","115,080","          2.44","137,577","142,693","          0.96","280,287","115,117","          2.43","137,538","142,749","          0.96","280,197","115,114","          2.43","137,512","142,685","          0.96","279,943","115,063","          2.43","137,331","142,612","          0.96"
"경기도 평택시 (4122000000)","581,524","273,134","          2.13","304,985","276,539","          1.10","583,029","274,282","          2.13","305,849","277,180","          1.10","584,126","275,151","          2.12","306,543","277,583","          1.10","584,986","275,913","          2.12","307,104","277,882","          1.11","586,145","276,674","          2.12","307,749","278,396","          1.11","587,093","277,478","          2.12","308,294","278,799","          1.11","587,611","277,882","          2.11","308,573","279,038","          1.11","588,380","278,441","          2.11","309,037","279,343","          1.11","589,407","278,931","          2.11","309,573","279,834","          1.11","590,185","279,335","          2.11","310,022","280,163","          1.11","591,022","279,835","          2.11","310,473","280,549","          1.11","591,878","280,380","          2.11","310,958","280,920","          1.11"
"경기도 송탄출장소 (4122200000)","0","0","          0.00","0","0","          0.00","0","0","          0.00","0","0","          0.00","0","0","          0.00","0","0","          0.00","0","0","          0.00","0","0","          0.00","0","0","          0.00","0","0","          0.00","0","0","          0.00","0","0","          0.00","0","0","          0.00","0","0","          0.00","0","0","          0.00","0","0","          0.00","0","0","          0.00","0","0","          0.00","0","0","          0.00","0","0","          0.00","0","0","          0.00","0","0","          0.00","0","0","          0.00","0","0","          0.00"
"경기도 안중출장소 (4122400000)","0","0","          0.00","0","0","          0.00","0","0","          0.00","0","0","          0.00","0","0","          0.00","0","0","          0.00","0","0","          0.00","0","0","          0.00","0","0","          0.00","0","0","          0.00","0","0","          0.00","0","0","          0.00","0","0","          0.00","0","0","          0.00","0","0","          0.00","0","0","          0.00","0","0","          0.00","0","0","          0.00","0","0","          0.00","0","0","          0.00","0","0","          0.00","0","0","          0.00","0","0","          0.00","0","0","          0.00"
"경기도 동두천시 (4125000000)","90,883","43,841","          2.07","45,346","45,537","          1.00","90,582","43,756","          2.07","45,205","45,377","          1.00","90,460","43,744","          2.07","45,117","45,343","          1.00","90,099","43,669","          2.06","44,930","45,169","          0.99","89,669","43,549","          2.06","44,685","44,984","          0.99","89,316","43,455","          2.06","44,529","44,787","          0.99","89,174","43,419","          2.05","44,450","44,724","          0.99","89,037","43,398","          2.05","44,394","44,643","          0.99","88,820","43,356","          2.05","44,288","44,532","          0.99","88,787","43,361","          2.05","44,272","44,515","          0.99","88,626","43,366","          2.04","44,198","44,428","          0.99","88,539","43,366","          2.04","44,123","44,416","          0.99"
"경기도 안산시 (4127000000)","639,355","290,729","          2.20","327,745","311,610","          1.05","638,264","290,834","          2.19","327,172","311,092","          1.05","637,480","290,762","          2.19","326,747","310,733","          1.05","636,633","290,701","          2.19","326,347","310,286","          1.05","636,054","290,677","          2.19","326,017","310,037","          1.05","635,134","290,400","          2.19","325,487","309,647","          1.05","634,284","290,189","          2.19","325,067","309,217","          1.05","633,417","289,923","          2.18","324,560","308,857","          1.05","632,291","289,404","          2.18","323,884","308,407","          1.05","630,651","288,895","          2.18","322,974","307,677","          1.05","629,308","288,567","          2.18","322,328","306,980","          1.05","628,374","288,501","          2.18","321,849","306,525","          1.05"
"경기도 안산시 상록구 (4127100000)","343,052","155,649","          2.20","174,958","168,094","          1.04","342,162","155,581","          2.20","174,536","167,626","          1.04","341,263","155,328","          2.20","174,089","167,174","          1.04","340,375","155,087","          2.19","173,666","166,709","          1.04","339,760","154,931","          2.19","173,352","166,408","          1.04","339,020","154,701","          2.19","172,989","166,031","          1.04","338,379","154,523","          2.19","172,658","165,721","          1.04","337,708","154,306","          2.19","172,262","165,446","          1.04","337,035","153,971","          2.19","171,848","165,187","          1.04","335,924","153,558","          2.19","171,247","164,677","          1.04","334,867","153,212","          2.19","170,723","164,144","          1.04","333,879","152,951","          2.18","170,228","163,651","          1.04"
"경기도 안산시 단원구 (4127300000)","296,303","135,080","          2.19","152,787","143,516","          1.06","296,102","135,253","          2.19","152,636","143,466","          1.06","296,217","135,434","          2.19","152,658","143,559","          1.06","296,258","135,614","          2.18","152,681","143,577","          1.06","296,294","135,746","          2.18","152,665","143,629","          1.06","296,114","135,699","          2.18","152,498","143,616","          1.06","295,905","135,666","          2.18","152,409","143,496","          1.06","295,709","135,617","          2.18","152,298","143,411","          1.06","295,256","135,433","          2.18","152,036","143,220","          1.06","294,727","135,337","          2.18","151,727","143,000","          1.06","294,441","135,355","          2.18","151,605","142,836","          1.06","294,495","135,550","          2.17","151,621","142,874","          1.06"
"경기도 고양시 (4128000000)","1,078,087","462,873","          2.33","526,302","551,785","          0.95","1,077,909","463,390","          2.33","526,169","551,740","          0.95","1,078,025","463,720","          2.32","526,192","551,833","          0.95","1,077,963","464,011","          2.32","526,075","551,888","          0.95","1,077,742","464,205","          2.32","526,027","551,715","          0.95","1,077,156","464,288","          2.32","525,683","551,473","          0.95","1,076,655","464,372","          2.32","525,417","551,238","          0.95","1,076,376","464,584","          2.32","525,257","551,119","          0.95","1,075,898","464,465","          2.32","525,007","550,891","          0.95","1,075,089","464,281","          2.32","524,514","550,575","          0.95","1,074,907","464,380","          2.31","524,368","550,539","          0.95","1,073,751","464,142","          2.31","523,765","549,986","          0.95"
"경기도 고양시 덕양구 (4128100000)","494,061","218,420","          2.26","243,068","250,993","          0.97","495,181","219,140","          2.26","243,564","251,617","          0.97","495,916","219,596","          2.26","243,932","251,984","          0.97","496,418","219,944","          2.26","244,171","252,247","          0.97","496,604","220,160","          2.26","244,301","252,303","          0.97","496,502","220,243","          2.25","244,248","252,254","          0.97","496,607","220,423","          2.25","244,274","252,333","          0.97","496,791","220,693","          2.25","244,302","252,489","          0.97","496,900","220,731","          2.25","244,337","252,563","          0.97","496,631","220,682","          2.25","244,186","252,445","          0.97","496,438","220,682","          2.25","244,063","252,375","          0.97","495,660","220,431","          2.25","243,657","252,003","          0.97"
"경기도 고양시 일산동구 (4128500000)","294,628","128,376","          2.30","143,036","151,592","          0.94","293,752","128,146","          2.29","142,564","151,188","          0.94","293,429","128,074","          2.29","142,368","151,061","          0.94","293,128","128,033","          2.29","142,193","150,935","          0.94","292,895","128,013","          2.29","142,072","150,823","          0.94","292,607","128,047","          2.29","141,908","150,699","          0.94","292,300","127,976","          2.28","141,736","150,564","          0.94","292,021","127,946","          2.28","141,617","150,404","          0.94","291,771","127,893","          2.28","141,482","150,289","          0.94","291,587","127,843","          2.28","141,380","150,207","          0.94","291,597","127,885","          2.28","141,346","150,251","          0.94","291,491","127,935","          2.28","141,296","150,195","          0.94"
"경기도 고양시 일산서구 (4128700000)","289,398","116,077","          2.49","140,198","149,200","          0.94","288,976","116,104","          2.49","140,041","148,935","          0.94","288,680","116,050","          2.49","139,892","148,788","          0.94","288,417","116,034","          2.49","139,711","148,706","          0.94","288,243","116,032","          2.48","139,654","148,589","          0.94","288,047","115,998","          2.48","139,527","148,520","          0.94","287,748","115,973","          2.48","139,407","148,341","          0.94","287,564","115,945","          2.48","139,338","148,226","          0.94","287,227","115,841","          2.48","139,188","148,039","          0.94","286,871","115,756","          2.48","138,948","147,923","          0.94","286,872","115,813","          2.48","138,959","147,913","          0.94","286,600","115,776","          2.48","138,812","147,788","          0.94"
"경기도 과천시 (4129000000)","78,526","28,805","          2.73","38,580","39,946","          0.97","78,654","28,863","          2.73","38,640","40,014","          0.97","78,929","28,952","          2.73","38,755","40,174","          0.96","79,397","29,102","          2.73","38,985","40,412","          0.96","79,820","29,205","          2.73","39,183","40,637","          0.96","80,855","29,502","          2.74","39,691","41,164","          0.96","81,306","29,591","          2.75","39,890","41,416","          0.96","81,332","29,536","          2.75","39,909","41,423","          0.96","81,143","29,404","          2.76","39,806","41,337","          0.96","81,008","29,257","          2.77","39,697","41,311","          0.96","81,000","29,194","          2.77","39,687","41,313","          0.96","81,071","29,195","          2.78","39,685","41,386","          0.96"
"경기도 구리시 (4131000000)","188,436","80,444","          2.34","93,321","95,115","          0.98","188,709","80,600","          2.34","93,443","95,266","          0.98","188,671","80,678","          2.34","93,379","95,292","          0.98","188,525","80,662","          2.34","93,300","95,225","          0.98","188,348","80,657","          2.34","93,199","95,149","          0.98","188,224","80,721","          2.33","93,126","95,098","          0.98","187,984","80,722","          2.33","92,985","94,999","          0.98","187,836","80,724","          2.33","92,902","94,934","          0.98","187,620","80,566","          2.33","92,796","94,824","          0.98","187,284","80,457","          2.33","92,650","94,634","          0.98","187,093","80,450","          2.33","92,559","94,534","          0.98","186,846","80,478","          2.32","92,406","94,440","          0.98"
"경기도 남양주시 (4136000000)","736,484","304,430","          2.42","365,732","370,752","          0.99","735,649","304,416","          2.42","365,298","370,351","          0.99","735,521","304,523","          2.42","365,250","370,271","          0.99","734,990","304,558","          2.41","364,968","370,022","          0.99","734,460","304,525","          2.41","364,626","369,834","          0.99","733,625","304,328","          2.41","364,116","369,509","          0.99","733,002","304,171","          2.41","363,761","369,241","          0.99","732,376","304,040","          2.41","363,383","368,993","          0.98","732,122","304,119","          2.41","363,202","368,920","          0.98","732,086","304,439","          2.40","363,169","368,917","          0.98","732,265","304,768","          2.40","363,190","369,075","          0.98","732,472","305,063","          2.40","363,275","369,197","          0.98"
"경기도 풍양출장소 (4136200000)","0","0","          0.00","0","0","          0.00","0","0","          0.00","0","0","          0.00","0","0","          0.00","0","0","          0.00","0","0","          0.00","0","0","          0.00","0","0","          0.00","0","0","          0.00","0","0","          0.00","0","0","          0.00","0","0","          0.00","0","0","          0.00","0","0","          0.00","0","0","          0.00","0","0","          0.00","0","0","          0.00","0","0","          0.00","0","0","          0.00","0","0","          0.00","0","0","          0.00","0","0","          0.00","0","0","          0.00"
"경기도 오산시 (4137000000)","229,415","103,606","          2.21","119,498","109,917","          1.09","229,247","103,658","          2.21","119,410","109,837","          1.09","229,121","103,728","          2.21","119,352","109,769","          1.09","229,145","103,793","          2.21","119,368","109,777","          1.09","229,099","103,859","          2.21","119,357","109,742","          1.09","229,255","103,975","          2.20","119,447","109,808","          1.09","229,569","104,109","          2.21","119,620","109,949","          1.09","229,780","104,317","          2.20","119,732","110,048","          1.09","229,730","104,401","          2.20","119,733","109,997","          1.09","229,792","104,460","          2.20","119,785","110,007","          1.09","229,656","104,437","          2.20","119,722","109,934","          1.09","230,108","104,802","          2.20","119,984","110,124","          1.09"
"경기도 시흥시 (4139000000)","515,058","224,558","          2.29","268,841","246,217","          1.09","517,336","226,247","          2.29","270,176","247,160","          1.09","518,072","226,779","          2.28","270,537","247,535","          1.09","518,299","227,098","          2.28","270,648","247,651","          1.09","518,437","227,202","          2.28","270,664","247,773","          1.09","518,366","227,318","          2.28","270,614","247,752","          1.09","518,182","227,315","          2.28","270,494","247,688","          1.09","518,174","227,537","          2.28","270,583","247,591","          1.09","518,771","227,973","          2.28","270,869","247,902","          1.09","519,594","228,282","          2.28","271,211","248,383","          1.09","519,715","228,474","          2.27","271,236","248,479","          1.09","519,306","228,275","          2.27","270,911","248,395","          1.09"
"경기도 군포시 (4141000000)","265,648","113,869","          2.33","131,792","133,856","          0.98","265,252","113,815","          2.33","131,609","133,643","          0.98","264,857","113,767","          2.33","131,406","133,451","          0.98","264,624","113,785","          2.33","131,266","133,358","          0.98","264,230","113,765","          2.32","131,057","133,173","          0.98","263,841","113,727","          2.32","130,847","132,994","          0.98","263,496","113,656","          2.32","130,673","132,823","          0.98","263,025","113,530","          2.32","130,482","132,543","          0.98","262,587","113,368","          2.32","130,242","132,345","          0.98","261,898","113,148","          2.31","129,916","131,982","          0.98","261,229","113,032","          2.31","129,573","131,656","          0.98","260,693","112,964","          2.31","129,295","131,398","          0.98"
"경기도 의왕시 (4143000000)","159,701","64,628","          2.47","79,177","80,524","          0.98","159,246","64,440","          2.47","78,962","80,284","          0.98","158,882","64,255","          2.47","78,785","80,097","          0.98","158,387","64,046","          2.47","78,534","79,853","          0.98","158,034","63,911","          2.47","78,373","79,661","          0.98","157,684","63,796","          2.47","78,193","79,491","          0.98","157,499","63,745","          2.47","78,097","79,402","          0.98","157,994","63,969","          2.47","78,342","79,652","          0.98","158,242","64,086","          2.47","78,480","79,762","          0.98","159,050","64,462","          2.47","78,912","80,138","          0.98","158,870","64,402","          2.47","78,829","80,041","          0.98","158,221","64,167","          2.47","78,516","79,705","          0.99"
"경기도 하남시 (4145000000)","326,704","140,594","          2.32","162,945","163,759","          1.00","326,768","140,670","          2.32","162,956","163,812","          0.99","326,913","140,725","          2.32","163,015","163,898","          0.99","327,255","140,963","          2.32","163,173","164,082","          0.99","327,589","141,134","          2.32","163,312","164,277","          0.99","328,577","141,527","          2.32","163,811","164,766","          0.99","329,162","141,697","          2.32","164,021","165,141","          0.99","329,612","141,889","          2.32","164,181","165,431","          0.99","329,559","141,751","          2.32","164,102","165,457","          0.99","329,822","141,779","          2.33","164,201","165,621","          0.99","329,861","141,764","          2.33","164,202","165,659","          0.99","329,688","141,632","          2.33","164,114","165,574","          0.99"
"경기도 용인시 (4146000000)","1,074,133","432,476","          2.48","532,920","541,213","          0.98","1,073,513","432,631","          2.48","532,590","540,923","          0.98","1,074,744","433,232","          2.48","533,308","541,436","          0.98","1,075,317","433,765","          2.48","533,564","541,753","          0.98","1,076,399","434,523","          2.48","534,129","542,270","          0.98","1,077,280","435,142","          2.48","534,558","542,722","          0.98","1,077,890","435,499","          2.48","534,863","543,027","          0.98","1,077,224","435,434","          2.47","534,562","542,662","          0.99","1,076,098","435,212","          2.47","533,872","542,226","          0.98","1,075,474","435,090","          2.47","533,395","542,079","          0.98","1,075,566","435,340","          2.47","533,387","542,179","          0.98","1,076,859","436,376","          2.47","534,001","542,858","          0.98"
"경기도 용인시 처인구 (4146100000)","258,666","115,678","          2.24","132,823","125,843","          1.06","258,718","115,900","          2.23","132,855","125,863","          1.06","260,187","116,460","          2.23","133,742","126,445","          1.06","261,482","117,170","          2.23","134,412","127,070","          1.06","262,273","117,696","          2.23","134,786","127,487","          1.06","263,131","118,115","          2.23","135,251","127,880","          1.06","263,923","118,475","          2.23","135,708","128,215","          1.06","263,455","118,342","          2.23","135,457","127,998","          1.06","262,555","118,160","          2.22","134,920","127,635","          1.06","261,813","117,940","          2.22","134,498","127,315","          1.06","261,488","117,863","          2.22","134,289","127,199","          1.06","261,719","118,052","          2.22","134,372","127,347","          1.06"
"경기도 용인시 기흥구 (4146300000)","437,431","174,289","          2.51","215,834","221,597","          0.97","436,881","174,197","          2.51","215,533","221,348","          0.97","436,636","174,195","          2.51","215,384","221,252","          0.97","435,948","174,037","          2.50","215,021","220,927","          0.97","436,077","174,206","          2.50","215,097","220,980","          0.97","436,142","174,351","          2.50","215,129","221,013","          0.97","435,967","174,353","          2.50","214,993","220,974","          0.97","435,764","174,356","          2.50","214,877","220,887","          0.97","435,765","174,435","          2.50","214,863","220,902","          0.97","436,101","174,622","          2.50","214,956","221,145","          0.97","436,656","174,971","          2.50","215,218","221,438","          0.97","437,751","175,801","          2.49","215,786","221,965","          0.97"
"경기도 용인시 수지구 (4146500000)","378,036","142,509","          2.65","184,263","193,773","          0.95","377,914","142,534","          2.65","184,202","193,712","          0.95","377,921","142,577","          2.65","184,182","193,739","          0.95","377,887","142,558","          2.65","184,131","193,756","          0.95","378,049","142,621","          2.65","184,246","193,803","          0.95","378,007","142,676","          2.65","184,178","193,829","          0.95","378,000","142,671","          2.65","184,162","193,838","          0.95","378,005","142,736","          2.65","184,228","193,777","          0.95","377,778","142,617","          2.65","184,089","193,689","          0.95","377,560","142,528","          2.65","183,941","193,619","          0.95","377,422","142,506","          2.65","183,880","193,542","          0.95","377,389","142,523","          2.65","183,843","193,546","          0.95"
"경기도 파주시 (4148000000)","495,810","218,787","          2.27","251,548","244,262","          1.03","496,450","219,398","          2.26","251,832","244,618","          1.03","496,870","219,634","          2.26","252,022","244,848","          1.03","496,920","219,726","          2.26","252,103","244,817","          1.03","496,946","219,753","          2.26","252,015","244,931","          1.03","496,811","219,810","          2.26","251,957","244,854","          1.03","496,878","219,797","          2.26","251,897","244,981","          1.03","497,108","219,876","          2.26","251,931","245,177","          1.03","497,527","220,030","          2.26","252,092","245,435","          1.03","497,775","220,146","          2.26","252,211","245,564","          1.03","497,753","220,158","          2.26","252,159","245,594","          1.03","499,883","221,066","          2.26","253,229","246,654","          1.03"
"경기도 이천시 (4150000000)","222,306","102,612","          2.17","115,745","106,561","          1.09","222,148","102,774","          2.16","115,650","106,498","          1.09","222,348","103,063","          2.16","115,806","106,542","          1.09","222,366","103,284","          2.15","115,823","106,543","          1.09","223,162","104,186","          2.14","116,249","106,913","          1.09","223,651","104,749","          2.14","116,535","107,116","          1.09","223,677","104,919","          2.13","116,582","107,095","          1.09","223,581","104,889","          2.13","116,530","107,051","          1.09","223,525","104,933","          2.13","116,454","107,071","          1.09","222,652","104,222","          2.14","115,907","106,745","          1.09","222,098","103,793","          2.14","115,622","106,476","          1.09","221,693","103,666","          2.14","115,393","106,300","          1.09"
"경기도 안성시 (4155000000)","188,634","90,055","          2.09","97,562","91,072","          1.07","188,574","90,172","          2.09","97,561","91,013","          1.07","188,637","90,305","          2.09","97,607","91,030","          1.07","189,109","90,611","          2.09","97,870","91,239","          1.07","189,242","90,820","          2.08","97,920","91,322","          1.07","189,364","90,920","          2.08","97,978","91,386","          1.07","189,472","91,110","          2.08","98,017","91,455","          1.07","189,456","91,108","          2.08","97,990","91,466","          1.07","189,322","90,990","          2.08","97,897","91,425","          1.07","189,143","90,939","          2.08","97,772","91,371","          1.07","189,034","91,026","          2.08","97,738","91,296","          1.07","189,406","91,329","          2.07","97,965","91,441","          1.07"
"경기도 김포시 (4157000000)","484,536","202,642","          2.39","242,067","242,469","          1.00","484,514","202,844","          2.39","242,029","242,485","          1.00","484,474","202,985","          2.39","242,029","242,445","          1.00","485,049","203,362","          2.39","242,337","242,712","          1.00","485,721","203,888","          2.38","242,655","243,066","          1.00","486,122","204,179","          2.38","242,813","243,309","          1.00","486,029","204,350","          2.38","242,713","243,316","          1.00","485,943","204,388","          2.38","242,651","243,292","          1.00","486,008","204,454","          2.38","242,691","243,317","          1.00","486,126","204,551","          2.38","242,781","243,345","          1.00","486,172","204,594","          2.38","242,801","243,371","          1.00","486,026","204,724","          2.37","242,822","243,204","          1.00"
"경기도 화성시 (4159000000)","918,865","391,705","          2.35","477,437","441,428","          1.08","922,231","393,577","          2.34","479,113","443,118","          1.08","925,186","395,031","          2.34","480,653","444,533","          1.08","928,550","396,653","          2.34","482,426","446,124","          1.08","930,603","397,693","          2.34","483,532","447,071","          1.08","932,626","398,820","          2.34","484,546","448,080","          1.08","934,287","399,634","          2.34","485,372","448,915","          1.08","937,189","401,027","          2.34","486,852","450,337","          1.08","939,302","402,180","          2.34","487,898","451,404","          1.08","941,489","403,190","          2.34","489,028","452,461","          1.08","944,342","404,623","          2.33","490,518","453,824","          1.08","946,582","405,653","          2.33","491,662","454,920","          1.08"
"경기도 화성시동부출장소 (4159200000)","0","0","          0.00","0","0","          0.00","0","0","          0.00","0","0","          0.00","0","0","          0.00","0","0","          0.00","0","0","          0.00","0","0","          0.00","0","0","          0.00","0","0","          0.00","0","0","          0.00","0","0","          0.00","0","0","          0.00","0","0","          0.00","0","0","          0.00","0","0","          0.00","0","0","          0.00","0","0","          0.00","0","0","          0.00","0","0","          0.00","0","0","          0.00","0","0","          0.00","0","0","          0.00","0","0","          0.00"
"경기도 화성시동탄출장소 (4159400000)","0","0","          0.00","0","0","          0.00","0","0","          0.00","0","0","          0.00","0","0","          0.00","0","0","          0.00","0","0","          0.00","0","0","          0.00","0","0","          0.00","0","0","          0.00","0","0","          0.00","0","0","          0.00","0","0","          0.00","0","0","          0.00","0","0","          0.00","0","0","          0.00","0","0","          0.00","0","0","          0.00","0","0","          0.00","0","0","          0.00","0","0","          0.00","0","0","          0.00","0","0","          0.00","0","0","          0.00"
"경기도 광주시 (4161000000)","390,950","170,359","          2.29","199,466","191,484","          1.04","390,949","170,413","          2.29","199,468","191,481","          1.04","390,863","170,331","          2.29","199,369","191,494","          1.04","391,053","170,514","          2.29","199,524","191,529","          1.04","391,477","170,810","          2.29","199,723","191,754","          1.04","391,791","171,063","          2.29","199,867","191,924","          1.04","391,986","171,094","          2.29","199,971","192,015","          1.04","391,917","171,088","          2.29","199,897","192,020","          1.04","391,760","170,992","          2.29","199,821","191,939","          1.04","391,432","170,830","          2.29","199,647","191,785","          1.04","391,377","170,845","          2.29","199,601","191,776","          1.04","391,866","171,127","          2.29","199,833","192,033","          1.04"
"경기도 양주시 (4163000000)","248,568","108,595","          2.29","125,679","122,889","          1.02","250,698","109,674","          2.29","126,690","124,008","          1.02","252,218","110,460","          2.28","127,440","124,778","          1.02","255,149","111,817","          2.28","128,951","126,198","          1.02","258,409","113,372","          2.28","130,587","127,822","          1.02","260,708","114,407","          2.28","131,738","128,970","          1.02","262,328","115,083","          2.28","132,553","129,775","          1.02","263,610","115,625","          2.28","133,186","130,424","          1.02","265,155","116,240","          2.28","133,939","131,216","          1.02","266,446","116,773","          2.28","134,607","131,839","          1.02","268,026","117,518","          2.28","135,376","132,650","          1.02","269,658","118,220","          2.28","136,127","133,531","          1.02"
"경기도 포천시 (4165000000)","145,927","73,316","          1.99","77,332","68,595","          1.13","145,614","73,307","          1.99","77,170","68,444","          1.13","145,373","73,275","          1.98","77,027","68,346","          1.13","144,922","73,153","          1.98","76,751","68,171","          1.13","144,397","73,032","          1.98","76,484","67,913","          1.13","144,158","73,023","          1.97","76,329","67,829","          1.13","143,974","72,972","          1.97","76,210","67,764","          1.12","143,880","72,976","          1.97","76,158","67,722","          1.12","143,690","72,956","          1.97","76,050","67,640","          1.12","143,510","72,888","          1.97","75,951","67,559","          1.12","143,323","72,876","          1.97","75,837","67,486","          1.12","143,157","72,916","          1.96","75,787","67,370","          1.12"
"경기도 여주시 (4167000000)","113,243","54,166","          2.09","57,643","55,600","          1.04","113,209","54,241","          2.09","57,644","55,565","          1.04","113,375","54,349","          2.09","57,693","55,682","          1.04","113,650","54,641","          2.08","57,815","55,835","          1.04","113,875","54,907","          2.07","57,941","55,934","          1.04","114,005","55,037","          2.07","57,993","56,012","          1.04","114,081","55,128","          2.07","58,015","56,066","          1.03","114,253","55,294","          2.07","58,078","56,175","          1.03","114,344","55,381","          2.06","58,136","56,208","          1.03","114,343","55,401","          2.06","58,141","56,202","          1.03","114,412","55,514","          2.06","58,177","56,235","          1.03","114,336","55,566","          2.06","58,157","56,179","          1.04"
"경기도 연천군 (4180000000)","41,830","21,806","          1.92","21,979","19,851","          1.11","41,762","21,807","          1.92","21,951","19,811","          1.11","41,744","21,811","          1.91","21,929","19,815","          1.11","41,811","21,871","          1.91","21,952","19,859","          1.11","41,835","21,952","          1.91","21,959","19,876","          1.10","41,802","21,973","          1.90","21,925","19,877","          1.10","41,711","21,943","          1.90","21,862","19,849","          1.10","41,705","21,954","          1.90","21,863","19,842","          1.10","41,639","21,947","          1.90","21,826","19,813","          1.10","41,588","21,934","          1.90","21,790","19,798","          1.10","41,584","21,943","          1.90","21,776","19,808","          1.10","41,487","21,920","          1.89","21,738","19,749","          1.10"
"경기도 가평군 (4182000000)","62,069","32,152","          1.93","32,069","30,000","          1.07","61,969","32,129","          1.93","32,009","29,960","          1.07","61,915","32,115","          1.93","31,961","29,954","          1.07","61,836","32,124","          1.92","31,919","29,917","          1.07","61,771","32,103","          1.92","31,887","29,884","          1.07","61,744","32,109","          1.92","31,878","29,866","          1.07","61,773","32,135","          1.92","31,873","29,900","          1.07","61,976","32,298","          1.92","31,975","30,001","          1.07","62,125","32,428","          1.92","32,036","30,089","          1.06","62,131","32,496","          1.91","32,039","30,092","          1.06","62,302","32,606","          1.91","32,137","30,165","          1.07","62,274","32,631","          1.91","32,087","30,187","          1.06"
"경기도 양평군 (4183000000)","122,478","60,015","          2.04","61,574","60,904","          1.01","122,661","60,195","          2.04","61,661","61,000","          1.01","122,767","60,273","          2.04","61,734","61,033","          1.01","122,981","60,418","          2.04","61,806","61,175","          1.01","123,108","60,479","          2.04","61,905","61,203","          1.01","123,428","60,585","          2.04","62,117","61,311","          1.01","124,050","60,853","          2.04","62,465","61,585","          1.01","124,241","60,986","          2.04","62,553","61,688","          1.01","124,822","61,341","          2.03","62,764","62,058","          1.01","125,121","61,655","          2.03","62,791","62,330","          1.01","125,238","61,811","          2.03","62,801","62,437","          1.01","125,381","61,906","          2.03","62,806","62,575","          1.00"
"강원도  (4200000000)","1,534,067","756,314","          2.03","771,758","762,309","          1.01","1,533,719","758,123","          2.02","771,574","762,145","          1.01","1,533,356","758,699","          2.02","771,382","761,974","          1.01","1,533,081","759,593","          2.02","771,322","761,759","          1.01","","","","","","","","","","","","","","","","","","","","","","","","","","","","","","","","","","","","","","","","","","","","","","","",""
"강원도 춘천시 (4211000000)","286,839","134,241","          2.14","141,631","145,208","          0.98","286,850","134,626","          2.13","141,586","145,264","          0.97","286,743","134,738","          2.13","141,519","145,224","          0.97","286,854","135,100","          2.12","141,555","145,299","          0.97","","","","","","","","","","","","","","","","","","","","","","","","","","","","","","","","","","","","","","","","","","","","","","","",""
"강원도 원주시 (4213000000)","360,933","169,217","          2.13","178,928","182,005","          0.98","360,752","169,612","          2.13","178,847","181,905","          0.98","360,974","169,837","          2.13","178,935","182,039","          0.98","361,030","170,053","          2.12","179,001","182,029","          0.98","","","","","","","","","","","","","","","","","","","","","","","","","","","","","","","","","","","","","","","","","","","","","","","",""
"강원도 강릉시 (4215000000)","210,940","103,427","          2.04","104,548","106,392","          0.98","210,678","103,589","          2.03","104,419","106,259","          0.98","210,630","103,727","          2.03","104,403","106,227","          0.98","210,558","103,804","          2.03","104,361","106,197","          0.98","","","","","","","","","","","","","","","","","","","","","","","","","","","","","","","","","","","","","","","","","","","","","","","",""
"강원도 동해시 (4217000000)","89,234","43,265","          2.06","45,325","43,909","          1.03","89,186","43,324","          2.06","45,323","43,863","          1.03","89,150","43,303","          2.06","45,303","43,847","          1.03","89,144","43,350","          2.06","45,302","43,842","          1.03","","","","","","","","","","","","","","","","","","","","","","","","","","","","","","","","","","","","","","","","","","","","","","","",""
"강원도 태백시 (4219000000)","39,131","20,223","          1.93","19,725","19,406","          1.02","39,050","20,237","          1.93","19,678","19,372","          1.02","39,006","20,228","          1.93","19,650","19,356","          1.02","38,929","20,219","          1.93","19,618","19,311","          1.02","","","","","","","","","","","","","","","","","","","","","","","","","","","","","","","","","","","","","","","","","","","","","","","",""
"강원도 속초시 (4221000000)","82,685","41,202","          2.01","40,970","41,715","          0.98","82,541","41,228","          2.00","40,885","41,656","          0.98","82,499","41,253","          2.00","40,867","41,632","          0.98","82,521","41,317","          2.00","40,876","41,645","          0.98","","","","","","","","","","","","","","","","","","","","","","","","","","","","","","","","","","","","","","","","","","","","","","","",""
"강원도 삼척시 (4223000000)","63,028","33,542","          1.88","31,956","31,072","          1.03","63,487","34,085","          1.86","32,220","31,267","          1.03","63,444","34,090","          1.86","32,193","31,251","          1.03","63,359","34,077","          1.86","32,145","31,214","          1.03","","","","","","","","","","","","","","","","","","","","","","","","","","","","","","","","","","","","","","","","","","","","","","","",""
"강원도 홍천군 (4272000000)","67,815","34,572","          1.96","34,880","32,935","          1.06","67,759","34,579","          1.96","34,845","32,914","          1.06","67,661","34,573","          1.96","34,824","32,837","          1.06","67,649","34,605","          1.95","34,864","32,785","          1.06","","","","","","","","","","","","","","","","","","","","","","","","","","","","","","","","","","","","","","","","","","","","","","","",""
"강원도 횡성군 (4273000000)","46,462","23,828","          1.95","23,842","22,620","          1.05","46,621","23,864","          1.95","23,904","22,717","          1.05","46,647","23,937","          1.95","23,896","22,751","          1.05","46,602","23,948","          1.95","23,875","22,727","          1.05","","","","","","","","","","","","","","","","","","","","","","","","","","","","","","","","","","","","","","","","","","","","","","","",""
"강원도 영월군 (4275000000)","37,561","21,192","          1.77","19,405","18,156","          1.07","37,656","21,354","          1.76","19,496","18,160","          1.07","37,641","21,354","          1.76","19,491","18,150","          1.07","37,601","21,346","          1.76","19,468","18,133","          1.07","","","","","","","","","","","","","","","","","","","","","","","","","","","","","","","","","","","","","","","","","","","","","","","",""
"강원도 평창군 (4276000000)","40,861","21,898","          1.87","21,129","19,732","          1.07","40,787","21,877","          1.86","21,080","19,707","          1.07","40,729","21,869","          1.86","21,064","19,665","          1.07","40,722","21,891","          1.86","21,065","19,657","          1.07","","","","","","","","","","","","","","","","","","","","","","","","","","","","","","","","","","","","","","","","","","","","","","","",""
"강원도 정선군 (4277000000)","34,825","19,520","          1.78","18,199","16,626","          1.09","34,759","19,508","          1.78","18,153","16,606","          1.09","34,715","19,505","          1.78","18,136","16,579","          1.09","34,647","19,473","          1.78","18,093","16,554","          1.09","","","","","","","","","","","","","","","","","","","","","","","","","","","","","","","","","","","","","","","","","","","","","","","",""
"강원도 철원군 (4278000000)","42,064","20,595","          2.04","21,806","20,258","          1.08","41,994","20,602","          2.04","21,759","20,235","          1.08","41,913","20,592","          2.04","21,716","20,197","          1.08","41,816","20,594","          2.03","21,687","20,129","          1.08","","","","","","","","","","","","","","","","","","","","","","","","","","","","","","","","","","","","","","","","","","","","","","","",""
"강원도 화천군 (4279000000)","23,230","12,049","          1.93","12,481","10,749","          1.16","23,144","12,005","          1.93","12,416","10,728","          1.16","23,133","12,017","          1.93","12,400","10,733","          1.16","23,174","12,094","          1.92","12,443","10,731","          1.16","","","","","","","","","","","","","","","","","","","","","","","","","","","","","","","","","","","","","","","","","","","","","","","",""
"강원도 양구군 (4280000000)","21,287","10,638","          2.00","11,171","10,116","          1.10","21,351","10,657","          2.00","11,213","10,138","          1.11","21,348","10,651","          2.00","11,218","10,130","          1.11","21,342","10,660","          2.00","11,212","10,130","          1.11","","","","","","","","","","","","","","","","","","","","","","","","","","","","","","","","","","","","","","","","","","","","","","","",""
"강원도 인제군 (4281000000)","32,126","16,661","          1.93","17,501","14,625","          1.20","32,089","16,698","          1.92","17,487","14,602","          1.20","32,097","16,723","          1.92","17,481","14,616","          1.20","32,068","16,709","          1.92","17,459","14,609","          1.20","","","","","","","","","","","","","","","","","","","","","","","","","","","","","","","","","","","","","","","","","","","","","","","",""
"강원도 고성군 (4282000000)","27,197","15,273","          1.78","14,015","13,182","          1.06","27,155","15,272","          1.78","13,992","13,163","          1.06","27,157","15,282","          1.78","14,003","13,154","          1.06","27,224","15,326","          1.78","14,026","13,198","          1.06","","","","","","","","","","","","","","","","","","","","","","","","","","","","","","","","","","","","","","","","","","","","","","","",""
"강원도 양양군 (4283000000)","27,849","14,971","          1.86","14,246","13,603","          1.05","27,860","15,006","          1.86","14,271","13,589","          1.05","27,869","15,020","          1.86","14,283","13,586","          1.05","27,841","15,027","          1.85","14,272","13,569","          1.05","","","","","","","","","","","","","","","","","","","","","","","","","","","","","","","","","","","","","","","","","","","","","","","",""
"강원특별자치도  (5100000000)","","","","","","","","","","","","","","","","","","","","","","","","","1,532,617","759,954","          2.02","771,147","761,470","          1.01","1,532,050","760,211","          2.02","770,730","761,320","          1.01","1,531,390","760,627","          2.01","770,401","760,989","          1.01","1,530,712","760,903","          2.01","770,130","760,582","          1.01","1,529,500","760,656","          2.01","769,433","760,067","          1.01","1,528,635","760,636","          2.01","768,910","759,725","          1.01","1,527,807","760,635","          2.01","768,449","759,358","          1.01","1,526,243","760,361","          2.01","767,496","758,747","          1.01"
"강원특별자치도 춘천시 (5111000000)","","","","","","","","","","","","","","","","","","","","","","","","","286,938","135,273","          2.12","141,620","145,318","          0.97","286,857","135,345","          2.12","141,567","145,290","          0.97","286,935","135,494","          2.12","141,600","145,335","          0.97","286,906","135,537","          2.12","141,662","145,244","          0.98","286,645","135,508","          2.12","141,540","145,105","          0.98","286,558","135,529","          2.11","141,474","145,084","          0.98","286,426","135,498","          2.11","141,419","145,007","          0.98","286,168","135,440","          2.11","141,281","144,887","          0.98"
"강원특별자치도 원주시 (5113000000)","","","","","","","","","","","","","","","","","","","","","","","","","360,871","170,124","          2.12","178,949","181,922","          0.98","361,091","170,360","          2.12","178,996","182,095","          0.98","361,268","170,730","          2.12","179,091","182,177","          0.98","361,316","170,949","          2.11","179,083","182,233","          0.98","361,426","171,080","          2.11","179,113","182,313","          0.98","361,469","171,190","          2.11","179,162","182,307","          0.98","361,503","171,275","          2.11","179,115","182,388","          0.98","361,498","171,294","          2.11","179,007","182,491","          0.98"
"강원특별자치도 강릉시 (5115000000)","","","","","","","","","","","","","","","","","","","","","","","","","210,456","103,801","          2.03","104,324","106,132","          0.98","210,294","103,812","          2.03","104,241","106,053","          0.98","210,122","103,808","          2.02","104,154","105,968","          0.98","210,080","103,817","          2.02","104,153","105,927","          0.98","209,843","103,690","          2.02","104,014","105,829","          0.98","209,625","103,656","          2.02","103,887","105,738","          0.98","209,439","103,682","          2.02","103,759","105,680","          0.98","209,174","103,639","          2.02","103,616","105,558","          0.98"
"강원특별자치도 동해시 (5117000000)","","","","","","","","","","","","","","","","","","","","","","","","","89,058","43,323","          2.06","45,253","43,805","          1.03","89,041","43,344","          2.05","45,258","43,783","          1.03","88,951","43,348","          2.05","45,203","43,748","          1.03","88,851","43,340","          2.05","45,150","43,701","          1.03","88,741","43,333","          2.05","45,102","43,639","          1.03","88,712","43,343","          2.05","45,070","43,642","          1.03","88,625","43,361","          2.04","45,045","43,580","          1.03","88,591","43,433","          2.04","45,007","43,584","          1.03"
"강원특별자치도 태백시 (5119000000)","","","","","","","","","","","","","","","","","","","","","","","","","38,918","20,272","          1.92","19,600","19,318","          1.01","38,860","20,261","          1.92","19,571","19,289","          1.01","38,752","20,240","          1.91","19,495","19,257","          1.01","38,729","20,273","          1.91","19,490","19,239","          1.01","38,720","20,336","          1.90","19,486","19,234","          1.01","38,708","20,364","          1.90","19,474","19,234","          1.01","38,702","20,377","          1.90","19,476","19,226","          1.01","38,613","20,341","          1.90","19,464","19,149","          1.02"
"강원특별자치도 속초시 (5121000000)","","","","","","","","","","","","","","","","","","","","","","","","","82,474","41,334","          2.00","40,873","41,601","          0.98","82,428","41,354","          1.99","40,813","41,615","          0.98","82,326","41,347","          1.99","40,773","41,553","          0.98","82,226","41,342","          1.99","40,722","41,504","          0.98","82,168","41,333","          1.99","40,667","41,501","          0.98","82,092","41,324","          1.99","40,630","41,462","          0.98","82,054","41,330","          1.99","40,620","41,434","          0.98","82,021","41,353","          1.98","40,606","41,415","          0.98"
"강원특별자치도 삼척시 (5123000000)","","","","","","","","","","","","","","","","","","","","","","","","","63,270","34,030","          1.86","32,093","31,177","          1.03","63,202","33,987","          1.86","32,062","31,140","          1.03","63,086","33,942","          1.86","32,028","31,058","          1.03","63,063","33,957","          1.86","32,039","31,024","          1.03","62,937","33,882","          1.86","31,967","30,970","          1.03","62,819","33,826","          1.86","31,903","30,916","          1.03","62,651","33,700","          1.86","31,822","30,829","          1.03","62,309","33,500","          1.86","31,645","30,664","          1.03"
"강원특별자치도 홍천군 (5172000000)","","","","","","","","","","","","","","","","","","","","","","","","","67,632","34,609","          1.95","34,842","32,790","          1.06","67,585","34,633","          1.95","34,822","32,763","          1.06","67,543","34,636","          1.95","34,801","32,742","          1.06","67,504","34,659","          1.95","34,757","32,747","          1.06","67,346","34,558","          1.95","34,658","32,688","          1.06","67,294","34,558","          1.95","34,629","32,665","          1.06","67,309","34,594","          1.95","34,655","32,654","          1.06","67,348","34,675","          1.94","34,685","32,663","          1.06"
"강원특별자치도 횡성군 (5173000000)","","","","","","","","","","","","","","","","","","","","","","","","","46,611","23,951","          1.95","23,880","22,731","          1.05","46,558","23,934","          1.95","23,870","22,688","          1.05","46,500","23,907","          1.95","23,848","22,652","          1.05","46,449","23,913","          1.94","23,845","22,604","          1.05","46,409","23,915","          1.94","23,839","22,570","          1.06","46,429","23,911","          1.94","23,855","22,574","          1.06","46,359","23,908","          1.94","23,826","22,533","          1.06","46,265","23,885","          1.94","23,785","22,480","          1.06"
"강원특별자치도 영월군 (5175000000)","","","","","","","","","","","","","","","","","","","","","","","","","37,600","21,359","          1.76","19,470","18,130","          1.07","37,535","21,349","          1.76","19,442","18,093","          1.07","37,561","21,349","          1.76","19,455","18,106","          1.07","37,480","21,317","          1.76","19,405","18,075","          1.07","37,430","21,316","          1.76","19,389","18,041","          1.07","37,346","21,275","          1.76","19,338","18,008","          1.07","37,332","21,276","          1.75","19,318","18,014","          1.07","37,260","21,225","          1.76","19,264","17,996","          1.07"
"강원특별자치도 평창군 (5176000000)","","","","","","","","","","","","","","","","","","","","","","","","","40,724","21,928","          1.86","21,083","19,641","          1.07","40,722","21,927","          1.86","21,064","19,658","          1.07","40,693","21,948","          1.85","21,039","19,654","          1.07","40,664","21,927","          1.85","21,029","19,635","          1.07","40,645","21,950","          1.85","21,019","19,626","          1.07","40,681","21,971","          1.85","21,048","19,633","          1.07","40,659","21,993","          1.85","21,056","19,603","          1.07","40,642","22,008","          1.85","21,054","19,588","          1.07"
"강원특별자치도 정선군 (5177000000)","","","","","","","","","","","","","","","","","","","","","","","","","34,622","19,471","          1.78","18,086","16,536","          1.09","34,585","19,443","          1.78","18,048","16,537","          1.09","34,532","19,441","          1.78","18,026","16,506","          1.09","34,465","19,421","          1.77","17,990","16,475","          1.09","34,323","19,340","          1.77","17,909","16,414","          1.09","34,276","19,319","          1.77","17,883","16,393","          1.09","34,202","19,287","          1.77","17,844","16,358","          1.09","34,139","19,262","          1.77","17,813","16,326","          1.09"
"강원특별자치도 철원군 (5178000000)","","","","","","","","","","","","","","","","","","","","","","","","","41,711","20,567","          2.03","21,635","20,076","          1.08","41,645","20,528","          2.03","21,586","20,059","          1.08","41,554","20,500","          2.03","21,535","20,019","          1.08","41,507","20,502","          2.02","21,498","20,009","          1.07","41,490","20,494","          2.02","21,493","19,997","          1.07","41,474","20,514","          2.02","21,500","19,974","          1.08","41,448","20,501","          2.02","21,478","19,970","          1.08","41,319","20,481","          2.02","21,395","19,924","          1.07"
"강원특별자치도 화천군 (5179000000)","","","","","","","","","","","","","","","","","","","","","","","","","23,190","12,110","          1.91","12,456","10,734","          1.16","23,147","12,103","          1.91","12,440","10,707","          1.16","23,116","12,098","          1.91","12,413","10,703","          1.16","23,104","12,095","          1.91","12,412","10,692","          1.16","23,113","12,108","          1.91","12,405","10,708","          1.16","23,018","12,073","          1.91","12,332","10,686","          1.15","23,007","12,052","          1.91","12,321","10,686","          1.15","22,942","12,011","          1.91","12,282","10,660","          1.15"
"강원특별자치도 양구군 (5180000000)","","","","","","","","","","","","","","","","","","","","","","","","","21,315","10,645","          2.00","11,197","10,118","          1.11","21,287","10,625","          2.00","11,176","10,111","          1.11","21,255","10,608","          2.00","11,149","10,106","          1.10","21,192","10,585","          2.00","11,123","10,069","          1.10","21,179","10,568","          2.00","11,112","10,067","          1.10","21,139","10,560","          2.00","11,093","10,046","          1.10","21,056","10,544","          2.00","11,063","9,993","          1.11","20,975","10,537","          1.99","10,994","9,981","          1.10"
"강원특별자치도 인제군 (5181000000)","","","","","","","","","","","","","","","","","","","","","","","","","32,099","16,737","          1.92","17,461","14,638","          1.19","32,089","16,751","          1.92","17,460","14,629","          1.19","32,118","16,788","          1.91","17,499","14,619","          1.20","32,097","16,789","          1.91","17,497","14,600","          1.20","32,003","16,743","          1.91","17,441","14,562","          1.20","31,969","16,756","          1.91","17,406","14,563","          1.20","32,020","16,787","          1.91","17,422","14,598","          1.19","32,004","16,804","          1.90","17,421","14,583","          1.19"
"강원특별자치도 고성군 (5182000000)","","","","","","","","","","","","","","","","","","","","","","","","","27,311","15,389","          1.77","14,064","13,247","          1.06","27,302","15,399","          1.77","14,051","13,251","          1.06","27,315","15,416","          1.77","14,056","13,259","          1.06","27,329","15,437","          1.77","14,057","13,272","          1.06","27,353","15,454","          1.77","14,063","13,290","          1.06","27,319","15,443","          1.77","14,040","13,279","          1.06","27,305","15,431","          1.77","14,018","13,287","          1.06","27,294","15,435","          1.77","14,008","13,286","          1.05"
"강원특별자치도 양양군 (5183000000)","","","","","","","","","","","","","","","","","","","","","","","","","27,817","15,031","          1.85","14,261","13,556","          1.05","27,822","15,056","          1.85","14,263","13,559","          1.05","27,763","15,027","          1.85","14,236","13,527","          1.05","27,750","15,043","          1.84","14,218","13,532","          1.05","27,729","15,048","          1.84","14,216","13,513","          1.05","27,707","15,024","          1.84","14,186","13,521","          1.05","27,710","15,039","          1.84","14,192","13,518","          1.05","27,681","15,038","          1.84","14,169","13,512","          1.05"
"충청북도  (4300000000)","1,593,434","773,184","          2.06","810,305","783,129","          1.03","1,594,056","775,386","          2.06","810,811","783,245","          1.04","1,594,109","776,038","          2.05","810,806","783,303","          1.04","1,594,007","776,795","          2.05","810,783","783,224","          1.04","1,593,931","777,614","          2.05","810,748","783,183","          1.04","1,594,240","778,481","          2.05","810,943","783,297","          1.04","1,594,337","779,442","          2.05","810,927","783,410","          1.04","1,594,326","779,770","          2.04","810,835","783,491","          1.03","1,594,211","779,850","          2.04","810,820","783,391","          1.04","1,594,038","779,978","          2.04","810,734","783,304","          1.04","1,593,469","779,967","          2.04","810,448","783,021","          1.04","1,592,155","779,404","          2.04","809,830","782,325","          1.04"
"충청북도 청주시 (4311000000)","849,621","394,735","          2.15","429,378","420,243","          1.02","849,539","395,289","          2.15","429,363","420,176","          1.02","849,887","395,666","          2.15","429,500","420,387","          1.02","849,941","396,053","          2.15","429,484","420,457","          1.02","850,168","396,675","          2.14","429,590","420,578","          1.02","850,787","397,420","          2.14","429,912","420,875","          1.02","851,653","398,522","          2.14","430,330","421,323","          1.02","852,018","398,876","          2.14","430,423","421,595","          1.02","852,448","399,081","          2.14","430,625","421,823","          1.02","852,579","399,172","          2.14","430,659","421,920","          1.02","852,189","399,092","          2.14","430,449","421,740","          1.02","851,951","399,065","          2.13","430,319","421,632","          1.02"
"충청북도 청주시 상당구 (4311100000)","197,697","87,872","          2.25","98,195","99,502","          0.99","197,607","88,027","          2.24","98,176","99,431","          0.99","197,775","88,188","          2.24","98,278","99,497","          0.99","197,883","88,344","          2.24","98,289","99,594","          0.99","198,039","88,551","          2.24","98,392","99,647","          0.99","198,390","88,803","          2.23","98,559","99,831","          0.99","199,909","89,442","          2.24","99,355","100,554","          0.99","200,330","89,621","          2.24","99,543","100,787","          0.99","200,472","89,705","          2.23","99,606","100,866","          0.99","200,484","89,712","          2.23","99,601","100,883","          0.99","200,575","89,763","          2.23","99,657","100,918","          0.99","200,726","89,880","          2.23","99,728","100,998","          0.99"
"충청북도 청주시 서원구 (4311200000)","190,394","89,968","          2.12","94,972","95,422","          1.00","189,555","89,820","          2.11","94,552","95,003","          1.00","189,070","89,672","          2.11","94,272","94,798","          0.99","188,849","89,689","          2.11","94,133","94,716","          0.99","188,607","89,669","          2.10","93,968","94,639","          0.99","188,153","89,501","          2.10","93,760","94,393","          0.99","187,160","89,225","          2.10","93,236","93,924","          0.99","186,752","89,102","          2.10","92,996","93,756","          0.99","186,595","89,018","          2.10","92,896","93,699","          0.99","186,553","89,020","          2.10","92,872","93,681","          0.99","186,302","88,901","          2.10","92,775","93,527","          0.99","186,023","88,696","          2.10","92,576","93,447","          0.99"
"충청북도 청주시 흥덕구 (4311300000)","268,114","126,077","          2.13","136,472","131,642","          1.04","269,349","126,564","          2.13","137,079","132,270","          1.04","270,005","126,836","          2.13","137,361","132,644","          1.04","270,138","126,957","          2.13","137,454","132,684","          1.04","270,555","127,396","          2.12","137,685","132,870","          1.04","271,669","128,235","          2.12","138,300","133,369","          1.04","272,989","129,314","          2.11","139,015","133,974","          1.04","273,600","129,692","          2.11","139,318","134,282","          1.04","274,246","130,017","          2.11","139,674","134,572","          1.04","274,583","130,181","          2.11","139,835","134,748","          1.04","274,594","130,239","          2.11","139,804","134,790","          1.04","274,643","130,318","          2.11","139,904","134,739","          1.04"
"충청북도 청주시 청원구 (4311400000)","193,416","90,818","          2.13","99,739","93,677","          1.06","193,028","90,878","          2.12","99,556","93,472","          1.07","193,037","90,970","          2.12","99,589","93,448","          1.07","193,071","91,063","          2.12","99,608","93,463","          1.07","192,967","91,059","          2.12","99,545","93,422","          1.07","192,575","90,881","          2.12","99,293","93,282","          1.06","191,595","90,541","          2.12","98,724","92,871","          1.06","191,336","90,461","          2.12","98,566","92,770","          1.06","191,135","90,341","          2.12","98,449","92,686","          1.06","190,959","90,259","          2.12","98,351","92,608","          1.06","190,718","90,189","          2.11","98,213","92,505","          1.06","190,559","90,171","          2.11","98,111","92,448","          1.06"
"충청북도 충주시 (4313000000)","208,046","101,204","          2.06","105,458","102,588","          1.03","208,001","101,377","          2.05","105,451","102,550","          1.03","207,993","101,482","          2.05","105,422","102,571","          1.03","207,974","101,618","          2.05","105,433","102,541","          1.03","207,893","101,683","          2.04","105,400","102,493","          1.03","207,950","101,846","          2.04","105,445","102,505","          1.03","207,998","101,969","          2.04","105,473","102,525","          1.03","207,943","101,946","          2.04","105,444","102,499","          1.03","207,892","101,991","          2.04","105,443","102,449","          1.03","207,839","102,093","          2.04","105,454","102,385","          1.03","207,778","102,143","          2.03","105,420","102,358","          1.03","207,761","102,152","          2.03","105,446","102,315","          1.03"
"충청북도 제천시 (4315000000)","130,488","65,361","          2.00","65,573","64,915","          1.01","131,551","66,579","          1.98","66,169","65,382","          1.01","131,459","66,545","          1.98","66,103","65,356","          1.01","131,415","66,608","          1.97","66,103","65,312","          1.01","131,231","66,558","          1.97","65,990","65,241","          1.01","131,117","66,533","          1.97","65,933","65,184","          1.01","130,858","66,411","          1.97","65,791","65,067","          1.01","130,751","66,347","          1.97","65,732","65,019","          1.01","130,645","66,303","          1.97","65,707","64,938","          1.01","130,508","66,220","          1.97","65,607","64,901","          1.01","130,194","66,038","          1.97","65,456","64,738","          1.01","129,852","65,748","          1.97","65,296","64,556","          1.01"
"충청북도 보은군 (4372000000)","31,444","16,983","          1.85","15,880","15,564","          1.02","31,414","16,969","          1.85","15,862","15,552","          1.02","31,375","16,954","          1.85","15,849","15,526","          1.02","31,349","16,949","          1.85","15,838","15,511","          1.02","31,310","16,929","          1.85","15,818","15,492","          1.02","31,241","16,919","          1.85","15,804","15,437","          1.02","31,168","16,909","          1.84","15,759","15,409","          1.02","31,126","16,898","          1.84","15,732","15,394","          1.02","31,073","16,874","          1.84","15,713","15,360","          1.02","31,063","16,869","          1.84","15,707","15,356","          1.02","31,010","16,864","          1.84","15,671","15,339","          1.02","30,950","16,844","          1.84","15,654","15,296","          1.02"
"충청북도 옥천군 (4373000000)","49,310","25,340","          1.95","24,881","24,429","          1.02","49,311","25,419","          1.94","24,904","24,407","          1.02","49,292","25,459","          1.94","24,883","24,409","          1.02","49,262","25,442","          1.94","24,868","24,394","          1.02","49,232","25,476","          1.93","24,859","24,373","          1.02","49,207","25,480","          1.93","24,852","24,355","          1.02","49,164","25,478","          1.93","24,835","24,329","          1.02","49,137","25,501","          1.93","24,826","24,311","          1.02","49,011","25,458","          1.93","24,769","24,242","          1.02","48,968","25,447","          1.92","24,753","24,215","          1.02","48,891","25,406","          1.92","24,718","24,173","          1.02","48,863","25,379","          1.93","24,694","24,169","          1.02"
"충청북도 영동군 (4374000000)","44,750","23,799","          1.88","22,405","22,345","          1.00","44,730","23,832","          1.88","22,385","22,345","          1.00","44,684","23,864","          1.87","22,374","22,310","          1.00","44,657","23,877","          1.87","22,371","22,286","          1.00","44,617","23,878","          1.87","22,353","22,264","          1.00","44,601","23,884","          1.87","22,336","22,265","          1.00","44,436","23,814","          1.87","22,252","22,184","          1.00","44,424","23,817","          1.87","22,253","22,171","          1.00","44,353","23,785","          1.86","22,212","22,141","          1.00","44,267","23,754","          1.86","22,164","22,103","          1.00","44,195","23,722","          1.86","22,146","22,049","          1.00","44,120","23,738","          1.86","22,138","21,982","          1.01"
"충청북도 증평군 (4374500000)","37,315","18,663","          2.00","19,425","17,890","          1.09","37,321","18,728","          1.99","19,445","17,876","          1.09","37,331","18,731","          1.99","19,448","17,883","          1.09","37,342","18,762","          1.99","19,459","17,883","          1.09","37,349","18,795","          1.99","19,472","17,877","          1.09","37,410","18,834","          1.99","19,511","17,899","          1.09","37,407","18,831","          1.99","19,495","17,912","          1.09","37,427","18,875","          1.98","19,504","17,923","          1.09","37,435","18,880","          1.98","19,515","17,920","          1.09","37,444","18,901","          1.98","19,514","17,930","          1.09","37,484","18,944","          1.98","19,523","17,961","          1.09","37,499","18,959","          1.98","19,531","17,968","          1.09"
"충청북도 진천군 (4375000000)","85,906","42,337","          2.03","45,369","40,537","          1.12","85,842","42,372","          2.03","45,363","40,479","          1.12","85,802","42,399","          2.02","45,378","40,424","          1.12","85,847","42,472","          2.02","45,414","40,433","          1.12","85,876","42,499","          2.02","45,448","40,428","          1.12","85,803","42,459","          2.02","45,380","40,423","          1.12","85,754","42,481","          2.02","45,334","40,420","          1.12","85,758","42,474","          2.02","45,349","40,409","          1.12","85,751","42,493","          2.02","45,361","40,390","          1.12","85,902","42,567","          2.02","45,460","40,442","          1.12","86,254","42,751","          2.02","45,652","40,602","          1.12","86,065","42,640","          2.02","45,547","40,518","          1.12"
"충청북도 괴산군 (4376000000)","36,911","21,303","          1.73","19,034","17,877","          1.06","36,835","21,283","          1.73","18,991","17,844","          1.06","36,779","21,285","          1.73","18,957","17,822","          1.06","36,748","21,297","          1.73","18,929","17,819","          1.06","36,756","21,321","          1.72","18,950","17,806","          1.06","36,711","21,297","          1.72","18,911","17,800","          1.06","36,625","21,238","          1.72","18,865","17,760","          1.06","36,570","21,246","          1.72","18,845","17,725","          1.06","36,527","21,238","          1.72","18,840","17,687","          1.07","36,545","21,265","          1.72","18,854","17,691","          1.07","36,590","21,304","          1.72","18,872","17,718","          1.07","36,438","21,239","          1.72","18,800","17,638","          1.07"
"충청북도 음성군 (4377000000)","91,905","48,378","          1.90","48,781","43,124","          1.13","91,825","48,421","          1.90","48,781","43,044","          1.13","91,822","48,516","          1.89","48,797","43,025","          1.13","91,787","48,566","          1.89","48,791","42,996","          1.13","91,800","48,618","          1.89","48,772","43,028","          1.13","91,698","48,587","          1.89","48,752","42,946","          1.14","91,546","48,536","          1.89","48,674","42,872","          1.14","91,425","48,504","          1.88","48,597","42,828","          1.13","91,339","48,457","          1.88","48,521","42,818","          1.13","91,227","48,421","          1.88","48,477","42,750","          1.13","91,183","48,431","          1.88","48,454","42,729","          1.13","90,976","48,346","          1.88","48,329","42,647","          1.13"
"충청북도 단양군 (4380000000)","27,738","15,081","          1.84","14,121","13,617","          1.04","27,687","15,117","          1.83","14,097","13,590","          1.04","27,685","15,137","          1.83","14,095","13,590","          1.04","27,685","15,151","          1.83","14,093","13,592","          1.04","27,699","15,182","          1.82","14,096","13,603","          1.04","27,715","15,222","          1.82","14,107","13,608","          1.04","27,728","15,253","          1.82","14,119","13,609","          1.04","27,747","15,286","          1.82","14,130","13,617","          1.04","27,737","15,290","          1.81","14,114","13,623","          1.04","27,696","15,269","          1.81","14,085","13,611","          1.03","27,701","15,272","          1.81","14,087","13,614","          1.03","27,680","15,294","          1.81","14,076","13,604","          1.03"
"충청남도  (4400000000)","2,123,625","1,022,584","          2.08","1,087,162","1,036,463","          1.05","2,124,650","1,025,100","          2.07","1,087,705","1,036,945","          1.05","2,125,333","1,026,355","          2.07","1,088,126","1,037,207","          1.05","2,125,833","1,027,858","          2.07","1,088,548","1,037,285","          1.05","2,126,374","1,029,072","          2.07","1,088,924","1,037,450","          1.05","2,126,640","1,030,071","          2.06","1,089,245","1,037,395","          1.05","2,127,077","1,031,232","          2.06","1,089,549","1,037,528","          1.05","2,127,630","1,032,336","          2.06","1,089,884","1,037,746","          1.05","2,128,563","1,033,330","          2.06","1,090,461","1,038,102","          1.05","2,129,591","1,034,508","          2.06","1,091,095","1,038,496","          1.05","2,130,119","1,035,449","          2.06","1,091,570","1,038,549","          1.05","2,130,509","1,036,685","          2.06","1,092,059","1,038,450","          1.05"
"충청남도 천안시 (4413000000)","657,417","304,112","          2.16","336,618","320,799","          1.05","657,816","304,878","          2.16","336,825","320,991","          1.05","657,984","305,274","          2.16","336,952","321,032","          1.05","658,213","305,769","          2.15","337,105","321,108","          1.05","658,932","306,465","          2.15","337,515","321,417","          1.05","658,694","306,680","          2.15","337,423","321,271","          1.05","657,839","306,694","          2.14","337,078","320,761","          1.05","657,594","306,785","          2.14","336,962","320,632","          1.05","657,326","306,707","          2.14","336,792","320,534","          1.05","656,583","306,555","          2.14","336,437","320,146","          1.05","655,959","306,418","          2.14","336,169","319,790","          1.05","655,791","306,610","          2.14","336,124","319,667","          1.05"
"충청남도 천안시 동남구 (4413100000)","256,729","120,047","          2.14","130,142","126,587","          1.03","257,408","120,607","          2.13","130,451","126,957","          1.03","257,777","120,881","          2.13","130,626","127,151","          1.03","257,972","121,135","          2.13","130,707","127,265","          1.03","258,129","121,374","          2.13","130,782","127,347","          1.03","257,902","121,445","          2.12","130,652","127,250","          1.03","257,591","121,474","          2.12","130,511","127,080","          1.03","257,373","121,488","          2.12","130,427","126,946","          1.03","257,234","121,424","          2.12","130,330","126,904","          1.03","256,942","121,335","          2.12","130,224","126,718","          1.03","256,691","121,234","          2.12","130,122","126,569","          1.03","257,698","121,694","          2.12","130,601","127,097","          1.03"
"충청남도 천안시 서북구 (4413300000)","400,688","184,065","          2.18","206,476","194,212","          1.06","400,408","184,271","          2.17","206,374","194,034","          1.06","400,207","184,393","          2.17","206,326","193,881","          1.06","400,241","184,634","          2.17","206,398","193,843","          1.06","400,803","185,091","          2.17","206,733","194,070","          1.07","400,792","185,235","          2.16","206,771","194,021","          1.07","400,248","185,220","          2.16","206,567","193,681","          1.07","400,221","185,297","          2.16","206,535","193,686","          1.07","400,092","185,283","          2.16","206,462","193,630","          1.07","399,641","185,220","          2.16","206,213","193,428","          1.07","399,268","185,184","          2.16","206,047","193,221","          1.07","398,093","184,916","          2.15","205,523","192,570","          1.07"
"충청남도 공주시 (4415000000)","102,480","52,484","          1.95","51,215","51,265","          1.00","102,697","52,823","          1.94","51,293","51,404","          1.00","102,747","52,965","          1.94","51,289","51,458","          1.00","102,731","53,068","          1.94","51,280","51,451","          1.00","102,753","53,129","          1.93","51,289","51,464","          1.00","102,692","53,122","          1.93","51,250","51,442","          1.00","102,537","53,125","          1.93","51,161","51,376","          1.00","102,453","53,139","          1.93","51,076","51,377","          0.99","102,295","53,079","          1.93","51,011","51,284","          0.99","102,184","53,040","          1.93","50,946","51,238","          0.99","102,104","53,019","          1.93","50,924","51,180","          0.99","101,906","52,928","          1.93","50,861","51,045","          1.00"
"충청남도 보령시 (4418000000)","96,819","49,746","          1.95","49,061","47,758","          1.03","96,756","49,827","          1.94","49,036","47,720","          1.03","96,764","49,906","          1.94","49,031","47,733","          1.03","96,666","49,930","          1.94","48,956","47,710","          1.03","96,578","49,928","          1.93","48,904","47,674","          1.03","96,486","49,937","          1.93","48,867","47,619","          1.03","96,334","49,887","          1.93","48,793","47,541","          1.03","96,171","49,842","          1.93","48,702","47,469","          1.03","96,068","49,800","          1.93","48,654","47,414","          1.03","95,925","49,759","          1.93","48,578","47,347","          1.03","95,772","49,709","          1.93","48,494","47,278","          1.03","95,564","49,646","          1.92","48,365","47,199","          1.02"
"충청남도 아산시 (4420000000)","336,748","153,585","          2.19","175,505","161,243","          1.09","336,690","153,820","          2.19","175,484","161,206","          1.09","336,871","153,966","          2.19","175,601","161,270","          1.09","337,007","154,180","          2.19","175,693","161,314","          1.09","336,998","154,263","          2.18","175,703","161,295","          1.09","337,876","154,719","          2.18","176,171","161,705","          1.09","339,517","155,580","          2.18","176,946","162,571","          1.09","340,566","156,245","          2.18","177,492","163,074","          1.09","341,953","157,049","          2.18","178,180","163,773","          1.09","343,978","158,101","          2.18","179,225","164,753","          1.09","345,796","159,108","          2.17","180,223","165,573","          1.09","347,243","159,926","          2.17","181,007","166,236","          1.09"
"충청남도 서산시 (4421000000)","176,189","82,732","          2.13","91,979","84,210","          1.09","176,150","82,858","          2.13","91,968","84,182","          1.09","176,110","82,936","          2.12","91,982","84,128","          1.09","176,085","83,072","          2.12","91,986","84,099","          1.09","176,174","83,207","          2.12","92,049","84,125","          1.09","176,162","83,296","          2.11","92,066","84,096","          1.09","176,125","83,380","          2.11","92,085","84,040","          1.10","176,051","83,424","          2.11","92,074","83,977","          1.10","176,052","83,483","          2.11","92,099","83,953","          1.10","176,079","83,566","          2.11","92,117","83,962","          1.10","176,011","83,565","          2.11","92,112","83,899","          1.10","175,894","83,760","          2.10","92,055","83,839","          1.10"
"충청남도 논산시 (4423000000)","112,161","58,089","          1.93","56,039","56,122","          1.00","111,914","58,088","          1.93","55,922","55,992","          1.00","111,822","58,069","          1.93","55,878","55,944","          1.00","111,717","58,080","          1.92","55,845","55,872","          1.00","111,561","58,037","          1.92","55,751","55,810","          1.00","111,407","58,001","          1.92","55,680","55,727","          1.00","111,110","57,898","          1.92","55,512","55,598","          1.00","110,976","57,865","          1.92","55,446","55,530","          1.00","110,833","57,797","          1.92","55,399","55,434","          1.00","110,704","57,754","          1.92","55,337","55,367","          1.00","110,423","57,648","          1.92","55,187","55,236","          1.00","110,336","57,615","          1.92","55,167","55,169","          1.00"
"충청남도 계룡시 (4425000000)","44,523","18,119","          2.46","22,182","22,341","          0.99","44,918","18,351","          2.45","22,347","22,571","          0.99","45,256","18,555","          2.44","22,510","22,746","          0.99","45,523","18,707","          2.43","22,664","22,859","          0.99","45,600","18,808","          2.42","22,706","22,894","          0.99","45,690","18,868","          2.42","22,773","22,917","          0.99","46,109","19,088","          2.42","23,005","23,104","          1.00","46,287","19,183","          2.41","23,083","23,204","          0.99","46,478","19,260","          2.41","23,169","23,309","          0.99","46,632","19,325","          2.41","23,235","23,397","          0.99","46,667","19,404","          2.41","23,294","23,373","          1.00","46,716","19,445","          2.40","23,333","23,383","          1.00"
"충청남도 당진시 (4427000000)","168,472","81,526","          2.07","89,750","78,722","          1.14","168,673","81,699","          2.06","89,905","78,768","          1.14","168,846","81,831","          2.06","90,026","78,820","          1.14","169,071","82,025","          2.06","90,192","78,879","          1.14","169,247","82,172","          2.06","90,299","78,948","          1.14","169,427","82,347","          2.06","90,414","79,013","          1.14","169,579","82,437","          2.06","90,500","79,079","          1.14","169,784","82,612","          2.06","90,648","79,136","          1.15","170,097","82,837","          2.05","90,846","79,251","          1.15","170,250","82,995","          2.05","90,957","79,293","          1.15","170,302","83,058","          2.05","90,987","79,315","          1.15","170,353","83,160","          2.05","91,074","79,279","          1.15"
"충청남도 금산군 (4471000000)","50,206","26,317","          1.91","25,360","24,846","          1.02","50,318","26,382","          1.91","25,394","24,924","          1.02","50,333","26,430","          1.90","25,403","24,930","          1.02","50,314","26,467","          1.90","25,389","24,925","          1.02","50,273","26,487","          1.90","25,360","24,913","          1.02","50,285","26,530","          1.90","25,381","24,904","          1.02","50,255","26,539","          1.89","25,378","24,877","          1.02","50,195","26,541","          1.89","25,366","24,829","          1.02","50,150","26,551","          1.89","25,360","24,790","          1.02","50,120","26,546","          1.89","25,361","24,759","          1.02","50,093","26,562","          1.89","25,355","24,738","          1.02","50,025","26,549","          1.88","25,353","24,672","          1.03"
"충청남도 부여군 (4476000000)","62,019","32,867","          1.89","30,842","31,177","          0.99","61,956","32,878","          1.88","30,812","31,144","          0.99","61,903","32,863","          1.88","30,789","31,114","          0.99","61,800","32,858","          1.88","30,735","31,065","          0.99","61,685","32,827","          1.88","30,702","30,983","          0.99","61,583","32,824","          1.88","30,665","30,918","          0.99","61,414","32,753","          1.88","30,569","30,845","          0.99","61,345","32,726","          1.87","30,546","30,799","          0.99","61,252","32,717","          1.87","30,495","30,757","          0.99","61,165","32,709","          1.87","30,469","30,696","          0.99","61,046","32,667","          1.87","30,417","30,629","          0.99","60,869","32,610","          1.87","30,324","30,545","          0.99"
"충청남도 서천군 (4477000000)","49,808","26,661","          1.87","24,619","25,189","          0.98","49,732","26,650","          1.87","24,581","25,151","          0.98","49,730","26,661","          1.87","24,571","25,159","          0.98","49,620","26,624","          1.86","24,518","25,102","          0.98","49,556","26,621","          1.86","24,486","25,070","          0.98","49,477","26,614","          1.86","24,447","25,030","          0.98","49,385","26,593","          1.86","24,373","25,012","          0.97","49,314","26,565","          1.86","24,337","24,977","          0.97","49,242","26,545","          1.86","24,296","24,946","          0.97","49,149","26,529","          1.85","24,258","24,891","          0.97","49,116","26,543","          1.85","24,257","24,859","          0.98","49,037","26,542","          1.85","24,220","24,817","          0.98"
"충청남도 청양군 (4479000000)","30,127","16,513","          1.82","15,342","14,785","          1.04","30,280","16,716","          1.81","15,444","14,836","          1.04","30,288","16,721","          1.81","15,448","14,840","          1.04","30,271","16,716","          1.81","15,452","14,819","          1.04","30,232","16,702","          1.81","15,430","14,802","          1.04","30,157","16,659","          1.81","15,393","14,764","          1.04","30,117","16,657","          1.81","15,387","14,730","          1.04","30,069","16,635","          1.81","15,356","14,713","          1.04","30,077","16,656","          1.81","15,365","14,712","          1.04","30,135","16,703","          1.80","15,402","14,733","          1.05","30,168","16,722","          1.80","15,427","14,741","          1.05","30,013","16,632","          1.80","15,359","14,654","          1.05"
"충청남도 홍성군 (4480000000)","97,512","46,787","          2.08","48,592","48,920","          0.99","97,288","46,838","          2.08","48,492","48,796","          0.99","96,961","46,754","          2.07","48,331","48,630","          0.99","96,952","46,821","          2.07","48,345","48,607","          0.99","96,881","46,836","          2.07","48,325","48,556","          1.00","96,849","46,861","          2.07","48,314","48,535","          1.00","97,062","47,038","          2.06","48,419","48,643","          1.00","97,228","47,169","          2.06","48,501","48,727","          1.00","97,345","47,292","          2.06","48,600","48,745","          1.00","97,477","47,388","          2.06","48,687","48,790","          1.00","97,524","47,463","          2.05","48,677","48,847","          1.00","97,721","47,700","          2.05","48,794","48,927","          1.00"
"충청남도 예산군 (4481000000)","78,127","39,943","          1.96","39,209","38,918","          1.01","78,451","40,128","          1.96","39,351","39,100","          1.01","78,689","40,227","          1.96","39,459","39,230","          1.01","78,768","40,292","          1.95","39,473","39,295","          1.00","78,822","40,317","          1.96","39,503","39,319","          1.00","78,832","40,346","          1.95","39,519","39,313","          1.01","78,744","40,357","          1.95","39,481","39,263","          1.01","78,664","40,352","          1.95","39,453","39,211","          1.01","78,529","40,305","          1.95","39,362","39,167","          1.00","78,404","40,254","          1.95","39,296","39,108","          1.00","78,354","40,245","          1.95","39,285","39,069","          1.01","78,310","40,244","          1.95","39,283","39,027","          1.01"
"충청남도 태안군 (4482500000)","61,017","33,103","          1.84","30,849","30,168","          1.02","61,011","33,164","          1.84","30,851","30,160","          1.02","61,029","33,197","          1.84","30,856","30,173","          1.02","61,095","33,249","          1.84","30,915","30,180","          1.02","61,082","33,273","          1.84","30,902","30,180","          1.02","61,023","33,267","          1.83","30,882","30,141","          1.02","60,950","33,206","          1.84","30,862","30,088","          1.03","60,933","33,253","          1.83","30,842","30,091","          1.02","60,866","33,252","          1.83","30,833","30,033","          1.03","60,806","33,284","          1.83","30,790","30,016","          1.03","60,784","33,318","          1.82","30,762","30,022","          1.02","60,731","33,318","          1.82","30,740","29,991","          1.02"
"전라북도  (4500000000)","1,766,524","857,504","          2.06","879,065","887,459","          0.99","1,765,175","858,935","          2.06","878,456","886,719","          0.99","1,764,181","859,599","          2.05","877,966","886,215","          0.99","1,763,004","860,284","          2.05","877,382","885,622","          0.99","1,762,021","860,761","          2.05","876,978","885,043","          0.99","1,761,169","861,288","          2.04","876,459","884,710","          0.99","1,759,815","861,561","          2.04","875,839","883,976","          0.99","1,758,661","861,647","          2.04","875,353","883,308","          0.99","1,757,295","861,451","          2.04","874,659","882,636","          0.99","1,756,183","861,263","          2.04","874,078","882,105","          0.99","1,754,757","861,193","          2.04","873,419","881,338","          0.99","","","","","",""
"전라북도 전주시 (4511000000)","649,362","296,295","          2.19","319,129","330,233","          0.97","647,987","296,421","          2.19","318,416","329,571","          0.97","647,306","296,420","          2.18","318,054","329,252","          0.97","646,728","296,637","          2.18","317,758","328,970","          0.97","646,150","296,691","          2.18","317,457","328,693","          0.97","645,600","296,819","          2.18","317,196","328,404","          0.97","644,909","296,807","          2.17","316,872","328,037","          0.97","644,389","296,785","          2.17","316,650","327,739","          0.97","643,920","296,632","          2.17","316,365","327,555","          0.97","643,431","296,481","          2.17","316,047","327,384","          0.97","642,727","296,394","          2.17","315,709","327,018","          0.97","","","","","",""
"전라북도 전주시 완산구 (4511100000)","331,440","153,612","          2.16","161,213","170,227","          0.95","330,880","153,755","          2.15","160,891","169,989","          0.95","330,631","153,862","          2.15","160,769","169,862","          0.95","330,231","153,946","          2.15","160,537","169,694","          0.95","329,659","153,801","          2.14","160,220","169,439","          0.95","329,241","153,780","          2.14","160,028","169,213","          0.95","328,772","153,729","          2.14","159,839","168,933","          0.95","328,331","153,652","          2.14","159,613","168,718","          0.95","327,987","153,548","          2.14","159,425","168,562","          0.95","327,654","153,427","          2.14","159,251","168,403","          0.95","327,178","153,376","          2.13","158,979","168,199","          0.95","","","","","",""
"전라북도 전주시 덕진구 (4511300000)","317,922","142,683","          2.23","157,916","160,006","          0.99","317,107","142,666","          2.22","157,525","159,582","          0.99","316,675","142,558","          2.22","157,285","159,390","          0.99","316,497","142,691","          2.22","157,221","159,276","          0.99","316,491","142,890","          2.21","157,237","159,254","          0.99","316,359","143,039","          2.21","157,168","159,191","          0.99","316,137","143,078","          2.21","157,033","159,104","          0.99","316,058","143,133","          2.21","157,037","159,021","          0.99","315,933","143,084","          2.21","156,940","158,993","          0.99","315,777","143,054","          2.21","156,796","158,981","          0.99","315,549","143,018","          2.21","156,730","158,819","          0.99","","","","","",""
"전라북도 군산시 (4513000000)","261,872","123,427","          2.12","132,671","129,201","          1.03","261,601","123,513","          2.12","132,513","129,088","          1.03","261,385","123,571","          2.12","132,396","128,989","          1.03","261,131","123,615","          2.11","132,240","128,891","          1.03","260,941","123,670","          2.11","132,174","128,767","          1.03","260,773","123,718","          2.11","132,098","128,675","          1.03","260,675","123,882","          2.10","132,075","128,600","          1.03","260,627","124,016","          2.10","132,036","128,591","          1.03","260,407","124,040","          2.10","131,909","128,498","          1.03","260,330","124,024","          2.10","131,898","128,432","          1.03","259,980","123,996","          2.10","131,719","128,261","          1.03","","","","","",""
"전라북도 익산시 (4514000000)","272,793","130,079","          2.10","135,861","136,932","          0.99","272,602","130,334","          2.09","135,758","136,844","          0.99","272,320","130,405","          2.09","135,610","136,710","          0.99","272,069","130,467","          2.09","135,472","136,597","          0.99","271,820","130,458","          2.08","135,382","136,438","          0.99","271,394","130,419","          2.08","135,089","136,305","          0.99","270,993","130,325","          2.08","134,848","136,145","          0.99","270,758","130,324","          2.08","134,736","136,022","          0.99","270,546","130,325","          2.08","134,626","135,920","          0.99","270,261","130,288","          2.07","134,461","135,800","          0.99","270,036","130,197","          2.07","134,381","135,655","          0.99","","","","","",""
"전라북도 정읍시 (4518000000)","104,829","54,645","          1.92","52,175","52,654","          0.99","104,590","54,706","          1.91","52,062","52,528","          0.99","104,458","54,724","          1.91","51,986","52,472","          0.99","104,350","54,744","          1.91","51,924","52,426","          0.99","104,236","54,758","          1.90","51,884","52,352","          0.99","104,220","54,793","          1.90","51,878","52,342","          0.99","104,088","54,789","          1.90","51,816","52,272","          0.99","103,984","54,769","          1.90","51,781","52,203","          0.99","103,755","54,716","          1.90","51,675","52,080","          0.99","103,632","54,694","          1.89","51,630","52,002","          0.99","103,620","54,734","          1.89","51,624","51,996","          0.99","","","","","",""
"전라북도 남원시 (4519000000)","77,672","39,832","          1.95","38,090","39,582","          0.96","77,549","39,866","          1.95","38,024","39,525","          0.96","77,503","39,923","          1.94","37,994","39,509","          0.96","77,415","39,936","          1.94","37,956","39,459","          0.96","77,308","39,915","          1.94","37,896","39,412","          0.96","77,248","39,927","          1.93","37,884","39,364","          0.96","77,135","39,917","          1.93","37,844","39,291","          0.96","77,021","39,868","          1.93","37,784","39,237","          0.96","76,972","39,857","          1.93","37,755","39,217","          0.96","76,884","39,839","          1.93","37,712","39,172","          0.96","76,781","39,839","          1.93","37,674","39,107","          0.96","","","","","",""
"전라북도 김제시 (4521000000)","81,746","43,491","          1.88","40,632","41,114","          0.99","81,893","43,645","          1.88","40,738","41,155","          0.99","81,886","43,688","          1.87","40,756","41,130","          0.99","81,883","43,712","          1.87","40,754","41,129","          0.99","81,907","43,776","          1.87","40,774","41,133","          0.99","81,833","43,751","          1.87","40,733","41,100","          0.99","81,711","43,713","          1.87","40,674","41,037","          0.99","81,644","43,701","          1.87","40,651","40,993","          0.99","81,578","43,656","          1.87","40,657","40,921","          0.99","81,502","43,642","          1.87","40,640","40,862","          0.99","81,430","43,625","          1.87","40,631","40,799","          1.00","","","","","",""
"전라북도 완주군 (4571000000)","93,538","46,061","          2.03","48,063","45,475","          1.06","94,265","46,533","          2.03","48,459","45,806","          1.06","94,776","46,882","          2.02","48,740","46,036","          1.06","95,186","47,140","          2.02","48,965","46,221","          1.06","95,629","47,422","          2.02","49,200","46,429","          1.06","96,338","47,816","          2.01","49,517","46,821","          1.06","96,887","48,151","          2.01","49,775","47,112","          1.06","97,115","48,269","          2.01","49,887","47,228","          1.06","97,304","48,374","          2.01","49,988","47,316","          1.06","97,605","48,523","          2.01","50,123","47,482","          1.06","97,827","48,652","          2.01","50,192","47,635","          1.05","","","","","",""
"전라북도 진안군 (4572000000)","24,593","13,528","          1.82","12,545","12,048","          1.04","24,651","13,565","          1.82","12,584","12,067","          1.04","24,664","13,578","          1.82","12,584","12,080","          1.04","24,650","13,591","          1.81","12,582","12,068","          1.04","24,616","13,590","          1.81","12,563","12,053","          1.04","24,625","13,604","          1.81","12,565","12,060","          1.04","24,601","13,609","          1.81","12,562","12,039","          1.04","24,544","13,591","          1.81","12,537","12,007","          1.04","24,532","13,595","          1.80","12,528","12,004","          1.04","24,473","13,575","          1.80","12,502","11,971","          1.04","24,465","13,593","          1.80","12,497","11,968","          1.04","","","","","",""
"전라북도 무주군 (4573000000)","23,397","12,920","          1.81","11,690","11,707","          1.00","23,375","12,963","          1.80","11,690","11,685","          1.00","23,416","12,993","          1.80","11,714","11,702","          1.00","23,389","13,010","          1.80","11,706","11,683","          1.00","23,385","13,026","          1.80","11,694","11,691","          1.00","23,394","13,037","          1.79","11,694","11,700","          1.00","23,370","13,031","          1.79","11,680","11,690","          1.00","23,345","13,031","          1.79","11,668","11,677","          1.00","23,314","13,024","          1.79","11,669","11,645","          1.00","23,298","13,022","          1.79","11,656","11,642","          1.00","23,251","13,008","          1.79","11,629","11,622","          1.00","","","","","",""
"전라북도 장수군 (4574000000)","21,214","11,564","          1.83","10,657","10,557","          1.01","21,177","11,569","          1.83","10,643","10,534","          1.01","21,145","11,560","          1.83","10,627","10,518","          1.01","21,127","11,552","          1.83","10,620","10,507","          1.01","21,110","11,554","          1.83","10,604","10,506","          1.01","21,081","11,549","          1.83","10,582","10,499","          1.01","21,084","11,554","          1.82","10,591","10,493","          1.01","21,067","11,551","          1.82","10,576","10,491","          1.01","21,036","11,547","          1.82","10,555","10,481","          1.01","21,009","11,544","          1.82","10,544","10,465","          1.01","20,983","11,542","          1.82","10,535","10,448","          1.01","","","","","",""
"전라북도 임실군 (4575000000)","26,437","15,013","          1.76","13,556","12,881","          1.05","26,398","15,024","          1.76","13,546","12,852","          1.05","26,335","15,021","          1.75","13,512","12,823","          1.05","26,274","15,010","          1.75","13,500","12,774","          1.06","26,259","15,032","          1.75","13,495","12,764","          1.06","26,209","15,021","          1.74","13,476","12,733","          1.06","26,140","14,994","          1.74","13,452","12,688","          1.06","26,080","14,963","          1.74","13,424","12,656","          1.06","26,053","14,962","          1.74","13,401","12,652","          1.06","25,999","14,931","          1.74","13,371","12,628","          1.06","25,956","14,916","          1.74","13,354","12,602","          1.06","","","","","",""
"전라북도 순창군 (4577000000)","26,757","14,191","          1.89","13,145","13,612","          0.97","26,760","14,226","          1.88","13,139","13,621","          0.96","26,823","14,266","          1.88","13,169","13,654","          0.96","26,855","14,299","          1.88","13,196","13,659","          0.97","26,849","14,316","          1.88","13,193","13,656","          0.97","26,812","14,324","          1.87","13,178","13,634","          0.97","26,760","14,329","          1.87","13,140","13,620","          0.96","26,760","14,338","          1.87","13,142","13,618","          0.97","26,751","14,339","          1.87","13,145","13,606","          0.97","26,750","14,330","          1.87","13,157","13,593","          0.97","26,764","14,332","          1.87","13,161","13,603","          0.97","","","","","",""
"전라북도 고창군 (4579000000)","52,208","28,653","          1.82","25,953","26,255","          0.99","52,205","28,711","          1.82","25,976","26,229","          0.99","52,144","28,724","          1.82","25,945","26,199","          0.99","52,042","28,729","          1.81","25,892","26,150","          0.99","51,994","28,715","          1.81","25,873","26,121","          0.99","51,915","28,696","          1.81","25,827","26,088","          0.99","51,836","28,693","          1.81","25,809","26,027","          0.99","51,782","28,674","          1.81","25,807","25,975","          0.99","51,737","28,682","          1.80","25,795","25,942","          0.99","51,754","28,720","          1.80","25,806","25,948","          0.99","51,750","28,733","          1.80","25,817","25,933","          1.00","","","","","",""
"전라북도 부안군 (4580000000)","50,106","27,805","          1.80","24,898","25,208","          0.99","50,122","27,859","          1.80","24,908","25,214","          0.99","50,020","27,844","          1.80","24,879","25,141","          0.99","49,905","27,842","          1.79","24,817","25,088","          0.99","49,817","27,838","          1.79","24,789","25,028","          0.99","49,727","27,814","          1.79","24,742","24,985","          0.99","49,626","27,767","          1.79","24,701","24,925","          0.99","49,545","27,767","          1.78","24,674","24,871","          0.99","49,390","27,702","          1.78","24,591","24,799","          0.99","49,255","27,650","          1.78","24,531","24,724","          0.99","49,187","27,632","          1.78","24,496","24,691","          0.99","","","","","",""
"전북특별자치도  (5200000000)","","","","","","","","","","","","","","","","","","","","","","","","","","","","","","","","","","","","","","","","","","","","","","","","","","","","","","","","","","","","","","","","","","","1,752,921","861,029","          2.04","872,493","880,428","          0.99"
"전북특별자치도 전주시 (5211000000)","","","","","","","","","","","","","","","","","","","","","","","","","","","","","","","","","","","","","","","","","","","","","","","","","","","","","","","","","","","","","","","","","","","641,908","296,159","          2.17","315,293","326,615","          0.97"
"전북특별자치도 전주시 완산구 (5211100000)","","","","","","","","","","","","","","","","","","","","","","","","","","","","","","","","","","","","","","","","","","","","","","","","","","","","","","","","","","","","","","","","","","","326,737","153,284","          2.13","158,715","168,022","          0.94"
"전북특별자치도 전주시 덕진구 (5211300000)","","","","","","","","","","","","","","","","","","","","","","","","","","","","","","","","","","","","","","","","","","","","","","","","","","","","","","","","","","","","","","","","","","","315,171","142,875","          2.21","156,578","158,593","          0.99"
"전북특별자치도 군산시 (5213000000)","","","","","","","","","","","","","","","","","","","","","","","","","","","","","","","","","","","","","","","","","","","","","","","","","","","","","","","","","","","","","","","","","","","259,668","123,927","          2.10","131,543","128,125","          1.03"
"전북특별자치도 익산시 (5214000000)","","","","","","","","","","","","","","","","","","","","","","","","","","","","","","","","","","","","","","","","","","","","","","","","","","","","","","","","","","","","","","","","","","","269,429","130,005","          2.07","134,107","135,322","          0.99"
"전북특별자치도 정읍시 (5218000000)","","","","","","","","","","","","","","","","","","","","","","","","","","","","","","","","","","","","","","","","","","","","","","","","","","","","","","","","","","","","","","","","","","","103,590","54,746","          1.89","51,612","51,978","          0.99"
"전북특별자치도 남원시 (5219000000)","","","","","","","","","","","","","","","","","","","","","","","","","","","","","","","","","","","","","","","","","","","","","","","","","","","","","","","","","","","","","","","","","","","76,664","39,853","          1.92","37,614","39,050","          0.96"
"전북특별자치도 김제시 (5221000000)","","","","","","","","","","","","","","","","","","","","","","","","","","","","","","","","","","","","","","","","","","","","","","","","","","","","","","","","","","","","","","","","","","","81,376","43,674","          1.86","40,629","40,747","          1.00"
"전북특별자치도 완주군 (5271000000)","","","","","","","","","","","","","","","","","","","","","","","","","","","","","","","","","","","","","","","","","","","","","","","","","","","","","","","","","","","","","","","","","","","98,272","48,893","          2.01","50,377","47,895","          1.05"
"전북특별자치도 진안군 (5272000000)","","","","","","","","","","","","","","","","","","","","","","","","","","","","","","","","","","","","","","","","","","","","","","","","","","","","","","","","","","","","","","","","","","","24,455","13,607","          1.80","12,493","11,962","          1.04"
"전북특별자치도 무주군 (5273000000)","","","","","","","","","","","","","","","","","","","","","","","","","","","","","","","","","","","","","","","","","","","","","","","","","","","","","","","","","","","","","","","","","","","23,223","13,009","          1.79","11,622","11,601","          1.00"
"전북특별자치도 장수군 (5274000000)","","","","","","","","","","","","","","","","","","","","","","","","","","","","","","","","","","","","","","","","","","","","","","","","","","","","","","","","","","","","","","","","","","","20,951","11,532","          1.82","10,515","10,436","          1.01"
"전북특별자치도 임실군 (5275000000)","","","","","","","","","","","","","","","","","","","","","","","","","","","","","","","","","","","","","","","","","","","","","","","","","","","","","","","","","","","","","","","","","","","25,884","14,926","          1.73","13,331","12,553","          1.06"
"전북특별자치도 순창군 (5277000000)","","","","","","","","","","","","","","","","","","","","","","","","","","","","","","","","","","","","","","","","","","","","","","","","","","","","","","","","","","","","","","","","","","","26,744","14,327","          1.87","13,136","13,608","          0.97"
"전북특별자치도 고창군 (5279000000)","","","","","","","","","","","","","","","","","","","","","","","","","","","","","","","","","","","","","","","","","","","","","","","","","","","","","","","","","","","","","","","","","","","51,701","28,756","          1.80","25,802","25,899","          1.00"
"전북특별자치도 부안군 (5280000000)","","","","","","","","","","","","","","","","","","","","","","","","","","","","","","","","","","","","","","","","","","","","","","","","","","","","","","","","","","","","","","","","","","","49,056","27,615","          1.78","24,419","24,637","          0.99"
"전라남도  (4600000000)","1,814,858","908,722","          2.00","914,087","900,771","          1.01","1,813,872","909,958","          1.99","913,670","900,202","          1.01","1,813,439","910,897","          1.99","913,624","899,815","          1.02","1,812,475","911,779","          1.99","913,215","899,260","          1.02","1,811,554","912,202","          1.99","912,823","898,731","          1.02","1,810,071","912,278","          1.98","912,075","897,996","          1.02","1,808,339","912,139","          1.98","911,340","896,999","          1.02","1,807,295","912,090","          1.98","910,810","896,485","          1.02","1,805,823","911,474","          1.98","910,179","895,644","          1.02","1,804,875","911,302","          1.98","909,744","895,131","          1.02","1,804,217","911,442","          1.98","909,548","894,669","          1.02","1,802,672","911,238","          1.98","908,705","893,967","          1.02"
"전라남도 목포시 (4611000000)","216,329","104,065","          2.08","107,561","108,768","          0.99","215,956","104,114","          2.07","107,353","108,603","          0.99","215,591","104,120","          2.07","107,182","108,409","          0.99","215,253","104,208","          2.07","107,044","108,209","          0.99","215,040","104,251","          2.06","106,930","108,110","          0.99","214,858","104,335","          2.06","106,803","108,055","          0.99","214,580","104,365","          2.06","106,673","107,907","          0.99","214,534","104,413","          2.05","106,620","107,914","          0.99","214,448","104,394","          2.05","106,612","107,836","          0.99","214,294","104,349","          2.05","106,535","107,759","          0.99","214,156","104,375","          2.05","106,416","107,740","          0.99","213,983","104,409","          2.05","106,310","107,673","          0.99"
"전라남도 여수시 (4613000000)","274,165","128,794","          2.13","139,529","134,636","          1.04","273,917","128,891","          2.13","139,417","134,500","          1.04","273,659","128,853","          2.12","139,340","134,319","          1.04","273,367","128,870","          2.12","139,183","134,184","          1.04","273,070","128,885","          2.12","139,024","134,046","          1.04","272,826","128,929","          2.12","138,910","133,916","          1.04","272,503","128,944","          2.11","138,740","133,763","          1.04","272,375","128,928","          2.11","138,661","133,714","          1.04","272,151","128,782","          2.11","138,568","133,583","          1.04","271,949","128,765","          2.11","138,483","133,466","          1.04","271,696","128,733","          2.11","138,354","133,342","          1.04","271,413","128,709","          2.11","138,189","133,224","          1.04"
"전라남도 순천시 (4615000000)","278,578","125,053","          2.23","138,990","139,588","          1.00","278,649","125,460","          2.22","139,060","139,589","          1.00","278,709","125,684","          2.22","139,084","139,625","          1.00","278,751","126,037","          2.21","139,099","139,652","          1.00","278,808","126,260","          2.21","139,167","139,641","          1.00","278,810","126,403","          2.21","139,149","139,661","          1.00","278,807","126,550","          2.20","139,141","139,666","          1.00","278,587","126,493","          2.20","139,046","139,541","          1.00","278,402","126,484","          2.20","138,938","139,464","          1.00","278,259","126,426","          2.20","138,844","139,415","          1.00","278,137","126,412","          2.20","138,814","139,323","          1.00","277,950","126,388","          2.20","138,728","139,222","          1.00"
"전라남도 나주시 (4617000000)","116,769","60,088","          1.94","58,933","57,836","          1.02","116,842","60,175","          1.94","58,986","57,856","          1.02","116,994","60,271","          1.94","59,072","57,922","          1.02","117,072","60,333","          1.94","59,121","57,951","          1.02","117,098","60,358","          1.94","59,157","57,941","          1.02","117,060","60,364","          1.94","59,130","57,930","          1.02","117,142","60,367","          1.94","59,151","57,991","          1.02","117,133","60,367","          1.94","59,130","58,003","          1.02","117,179","60,356","          1.94","59,150","58,029","          1.02","117,238","60,364","          1.94","59,168","58,070","          1.02","117,377","60,419","          1.94","59,261","58,116","          1.02","117,262","60,368","          1.94","59,209","58,053","          1.02"
"전라남도 광양시 (4623000000)","152,144","69,046","          2.20","79,543","72,601","          1.10","152,070","69,155","          2.20","79,487","72,583","          1.10","152,044","69,220","          2.20","79,483","72,561","          1.10","152,098","69,393","          2.19","79,516","72,582","          1.10","152,052","69,426","          2.19","79,510","72,542","          1.10","152,108","69,469","          2.19","79,541","72,567","          1.10","152,007","69,495","          2.19","79,486","72,521","          1.10","152,160","69,695","          2.18","79,589","72,571","          1.10","152,327","69,862","          2.18","79,684","72,643","          1.10","152,452","69,978","          2.18","79,761","72,691","          1.10","152,666","70,162","          2.18","79,892","72,774","          1.10","152,853","70,345","          2.17","80,012","72,841","          1.10"
"전라남도 담양군 (4671000000)","45,627","24,684","          1.85","23,076","22,551","          1.02","45,655","24,748","          1.84","23,088","22,567","          1.02","45,611","24,739","          1.84","23,064","22,547","          1.02","45,599","24,739","          1.84","23,069","22,530","          1.02","45,588","24,724","          1.84","23,036","22,552","          1.02","45,554","24,707","          1.84","23,032","22,522","          1.02","45,474","24,653","          1.84","23,003","22,471","          1.02","45,445","24,642","          1.84","22,990","22,455","          1.02","45,386","24,602","          1.84","22,960","22,426","          1.02","45,308","24,552","          1.85","22,909","22,399","          1.02","45,373","24,557","          1.85","22,961","22,412","          1.02","45,272","24,475","          1.85","22,899","22,373","          1.02"
"전라남도 곡성군 (4672000000)","27,002","15,493","          1.74","13,358","13,644","          0.98","27,007","15,506","          1.74","13,373","13,634","          0.98","27,066","15,591","          1.74","13,429","13,637","          0.98","27,110","15,623","          1.74","13,456","13,654","          0.99","27,097","15,623","          1.73","13,450","13,647","          0.99","27,036","15,603","          1.73","13,422","13,614","          0.99","26,964","15,588","          1.73","13,391","13,573","          0.99","26,957","15,602","          1.73","13,379","13,578","          0.99","26,893","15,573","          1.73","13,348","13,545","          0.99","26,920","15,591","          1.73","13,376","13,544","          0.99","26,905","15,577","          1.73","13,375","13,530","          0.99","26,844","15,550","          1.73","13,335","13,509","          0.99"
"전라남도 구례군 (4673000000)","24,587","13,420","          1.83","12,008","12,579","          0.95","24,516","13,409","          1.83","11,957","12,559","          0.95","24,480","13,414","          1.82","11,942","12,538","          0.95","24,474","13,430","          1.82","11,933","12,541","          0.95","24,466","13,440","          1.82","11,929","12,537","          0.95","24,433","13,430","          1.82","11,902","12,531","          0.95","24,419","13,420","          1.82","11,908","12,511","          0.95","24,385","13,431","          1.82","11,902","12,483","          0.95","24,359","13,416","          1.82","11,893","12,466","          0.95","24,354","13,427","          1.81","11,902","12,452","          0.96","24,314","13,432","          1.81","11,890","12,424","          0.96","24,277","13,424","          1.81","11,871","12,406","          0.96"
"전라남도 고흥군 (4677000000)","61,675","35,388","          1.74","30,079","31,596","          0.95","61,615","35,408","          1.74","30,040","31,575","          0.95","61,618","35,442","          1.74","30,045","31,573","          0.95","61,542","35,459","          1.74","30,022","31,520","          0.95","61,523","35,475","          1.73","30,010","31,513","          0.95","61,436","35,451","          1.73","29,979","31,457","          0.95","61,353","35,438","          1.73","29,951","31,402","          0.95","61,328","35,424","          1.73","29,941","31,387","          0.95","61,242","35,391","          1.73","29,943","31,299","          0.96","61,169","35,386","          1.73","29,912","31,257","          0.96","61,113","35,360","          1.73","29,893","31,220","          0.96","61,057","35,362","          1.73","29,849","31,208","          0.96"
"전라남도 보성군 (4678000000)","38,362","22,252","          1.72","18,792","19,570","          0.96","38,257","22,231","          1.72","18,760","19,497","          0.96","38,234","22,229","          1.72","18,759","19,475","          0.96","38,147","22,206","          1.72","18,733","19,414","          0.96","38,110","22,190","          1.72","18,721","19,389","          0.97","38,003","22,151","          1.72","18,654","19,349","          0.96","37,967","22,130","          1.72","18,632","19,335","          0.96","37,886","22,096","          1.71","18,585","19,301","          0.96","37,785","22,040","          1.71","18,519","19,266","          0.96","37,749","22,009","          1.72","18,500","19,249","          0.96","37,686","21,967","          1.72","18,465","19,221","          0.96","37,619","21,943","          1.71","18,435","19,184","          0.96"
"전라남도 화순군 (4679000000)","61,892","32,097","          1.93","30,591","31,301","          0.98","61,801","32,116","          1.92","30,550","31,251","          0.98","61,743","32,120","          1.92","30,521","31,222","          0.98","61,680","32,128","          1.92","30,467","31,213","          0.98","61,629","32,136","          1.92","30,467","31,162","          0.98","61,559","32,152","          1.91","30,439","31,120","          0.98","61,506","32,128","          1.91","30,422","31,084","          0.98","61,393","32,084","          1.91","30,376","31,017","          0.98","61,310","32,017","          1.91","30,332","30,978","          0.98","61,331","32,019","          1.92","30,357","30,974","          0.98","61,254","31,976","          1.92","30,322","30,932","          0.98","61,177","31,939","          1.92","30,278","30,899","          0.98"
"전라남도 장흥군 (4680000000)","35,506","19,757","          1.80","17,326","18,180","          0.95","35,470","19,765","          1.79","17,303","18,167","          0.95","35,419","19,781","          1.79","17,275","18,144","          0.95","35,399","19,796","          1.79","17,282","18,117","          0.95","35,371","19,784","          1.79","17,284","18,087","          0.96","35,301","19,760","          1.79","17,258","18,043","          0.96","35,201","19,723","          1.78","17,207","17,994","          0.96","35,165","19,715","          1.78","17,198","17,967","          0.96","35,119","19,702","          1.78","17,173","17,946","          0.96","35,107","19,705","          1.78","17,138","17,969","          0.95","35,046","19,691","          1.78","17,121","17,925","          0.96","34,950","19,690","          1.78","17,084","17,866","          0.96"
"전라남도 강진군 (4681000000)","33,046","18,540","          1.78","16,043","17,003","          0.94","33,015","18,552","          1.78","16,025","16,990","          0.94","32,984","18,564","          1.78","16,022","16,962","          0.94","32,969","18,555","          1.78","16,006","16,963","          0.94","32,983","18,548","          1.78","16,019","16,964","          0.94","32,968","18,538","          1.78","16,007","16,961","          0.94","32,897","18,519","          1.78","16,002","16,895","          0.95","32,844","18,505","          1.77","15,991","16,853","          0.95","32,748","18,449","          1.78","15,945","16,803","          0.95","32,737","18,445","          1.77","15,946","16,791","          0.95","32,722","18,449","          1.77","15,949","16,773","          0.95","32,718","18,438","          1.77","15,961","16,757","          0.95"
"전라남도 해남군 (4682000000)","65,622","35,092","          1.87","32,680","32,942","          0.99","65,485","35,096","          1.87","32,645","32,840","          0.99","65,414","35,087","          1.86","32,614","32,800","          0.99","65,340","35,096","          1.86","32,573","32,767","          0.99","65,234","35,095","          1.86","32,525","32,709","          0.99","65,133","35,071","          1.86","32,504","32,629","          1.00","65,004","35,057","          1.85","32,453","32,551","          1.00","64,909","35,007","          1.85","32,403","32,506","          1.00","64,735","34,944","          1.85","32,324","32,411","          1.00","64,658","34,939","          1.85","32,296","32,362","          1.00","64,575","34,916","          1.85","32,249","32,326","          1.00","64,444","34,874","          1.85","32,195","32,249","          1.00"
"전라남도 영암군 (4683000000)","52,349","28,401","          1.84","27,331","25,018","          1.09","52,491","28,545","          1.84","27,413","25,078","          1.09","52,592","28,685","          1.83","27,465","25,127","          1.09","52,616","28,795","          1.83","27,495","25,121","          1.09","52,670","28,867","          1.82","27,522","25,148","          1.09","52,493","28,819","          1.82","27,439","25,054","          1.10","52,466","28,821","          1.82","27,442","25,024","          1.10","52,454","28,851","          1.82","27,437","25,017","          1.10","52,404","28,841","          1.82","27,411","24,993","          1.10","52,293","28,789","          1.82","27,347","24,946","          1.10","52,350","28,817","          1.82","27,372","24,978","          1.10","52,331","28,823","          1.82","27,359","24,972","          1.10"
"전라남도 무안군 (4684000000)","90,590","43,246","          2.09","45,539","45,051","          1.01","90,609","43,363","          2.09","45,526","45,083","          1.01","90,671","43,437","          2.09","45,562","45,109","          1.01","90,606","43,464","          2.08","45,557","45,049","          1.01","90,520","43,482","          2.08","45,498","45,022","          1.01","90,505","43,462","          2.08","45,495","45,010","          1.01","90,455","43,473","          2.08","45,489","44,966","          1.01","90,449","43,475","          2.08","45,473","44,976","          1.01","90,410","43,435","          2.08","45,460","44,950","          1.01","90,370","43,424","          2.08","45,469","44,901","          1.01","90,296","43,436","          2.08","45,431","44,865","          1.01","90,338","43,477","          2.08","45,440","44,898","          1.01"
"전라남도 함평군 (4686000000)","30,770","18,029","          1.71","15,540","15,230","          1.02","30,770","18,080","          1.70","15,551","15,219","          1.02","30,791","18,141","          1.70","15,573","15,218","          1.02","30,733","18,123","          1.70","15,540","15,193","          1.02","30,752","18,149","          1.69","15,548","15,204","          1.02","30,730","18,136","          1.69","15,557","15,173","          1.03","30,682","18,111","          1.69","15,537","15,145","          1.03","30,633","18,073","          1.69","15,506","15,127","          1.03","30,604","18,056","          1.69","15,499","15,105","          1.03","30,610","18,079","          1.69","15,494","15,116","          1.03","30,601","18,065","          1.69","15,505","15,096","          1.03","30,523","18,025","          1.69","15,469","15,054","          1.03"
"전라남도 영광군 (4687000000)","52,192","27,595","          1.89","26,098","26,094","          1.00","52,258","27,651","          1.89","26,137","26,121","          1.00","52,274","27,689","          1.89","26,144","26,130","          1.00","52,311","27,721","          1.89","26,147","26,164","          1.00","52,275","27,723","          1.89","26,135","26,140","          1.00","52,163","27,718","          1.88","26,069","26,094","          1.00","52,058","27,679","          1.88","26,035","26,023","          1.00","52,010","27,664","          1.88","25,997","26,013","          1.00","51,926","27,629","          1.88","25,962","25,964","          1.00","51,840","27,607","          1.88","25,921","25,919","          1.00","51,750","27,602","          1.87","25,874","25,876","          1.00","51,670","27,579","          1.87","25,849","25,821","          1.00"
"전라남도 장성군 (4688000000)","42,983","23,398","          1.84","22,105","20,878","          1.06","42,948","23,431","          1.83","22,086","20,862","          1.06","42,947","23,460","          1.83","22,093","20,854","          1.06","42,859","23,440","          1.83","22,050","20,809","          1.06","42,801","23,426","          1.83","22,011","20,790","          1.06","42,720","23,416","          1.82","21,968","20,752","          1.06","42,665","23,399","          1.82","21,957","20,708","          1.06","42,620","23,397","          1.82","21,928","20,692","          1.06","42,518","23,353","          1.82","21,881","20,637","          1.06","42,477","23,341","          1.82","21,864","20,613","          1.06","42,543","23,400","          1.82","21,892","20,651","          1.06","42,479","23,370","          1.82","21,842","20,637","          1.06"
"전라남도 완도군 (4689000000)","47,438","25,774","          1.84","23,935","23,503","          1.02","47,334","25,740","          1.84","23,893","23,441","          1.02","47,310","25,755","          1.84","23,874","23,436","          1.02","47,203","25,733","          1.83","23,824","23,379","          1.02","47,153","25,738","          1.83","23,802","23,351","          1.02","47,068","25,727","          1.83","23,745","23,323","          1.02","46,967","25,685","          1.83","23,687","23,280","          1.02","46,874","25,664","          1.83","23,637","23,237","          1.02","46,805","25,642","          1.83","23,604","23,201","          1.02","46,726","25,607","          1.82","23,584","23,142","          1.02","46,641","25,602","          1.82","23,545","23,096","          1.02","46,530","25,587","          1.82","23,453","23,077","          1.02"
"전라남도 진도군 (4690000000)","29,417","16,609","          1.77","14,682","14,735","          1.00","29,363","16,628","          1.77","14,646","14,717","          1.00","29,326","16,647","          1.76","14,622","14,704","          0.99","29,265","16,634","          1.76","14,593","14,672","          0.99","29,222","16,614","          1.76","14,574","14,648","          0.99","29,183","16,617","          1.76","14,542","14,641","          0.99","29,096","16,567","          1.76","14,504","14,592","          0.99","29,044","16,566","          1.75","14,496","14,548","          1.00","28,998","16,533","          1.75","14,471","14,527","          1.00","28,991","16,540","          1.75","14,453","14,538","          0.99","28,979","16,548","          1.75","14,453","14,526","          0.99","28,938","16,539","          1.75","14,413","14,525","          0.99"
"전라남도 신안군 (4691000000)","37,815","21,901","          1.73","20,348","17,467","          1.16","37,844","21,894","          1.73","20,374","17,470","          1.17","37,962","21,968","          1.73","20,459","17,503","          1.17","38,081","21,996","          1.73","20,505","17,576","          1.17","38,092","22,008","          1.73","20,504","17,588","          1.17","38,124","22,020","          1.73","20,530","17,594","          1.17","38,126","22,027","          1.73","20,529","17,597","          1.17","38,110","21,998","          1.73","20,525","17,585","          1.17","38,074","21,973","          1.73","20,502","17,572","          1.17","38,043","21,960","          1.73","20,485","17,558","          1.17","38,037","21,946","          1.73","20,514","17,523","          1.17","38,044","21,924","          1.74","20,525","17,519","          1.17"
"경상북도  (4700000000)","2,594,399","1,288,685","          2.01","1,309,417","1,284,982","          1.02","2,593,210","1,291,726","          2.01","1,309,056","1,284,154","          1.02","2,592,205","1,292,951","          2.00","1,308,840","1,283,365","          1.02","2,590,726","1,294,627","          2.00","1,308,195","1,282,531","          1.02","2,588,860","1,295,243","          2.00","1,307,284","1,281,576","          1.02","2,564,065","1,282,140","          2.00","1,294,579","1,269,486","          1.02","2,561,623","1,282,304","          2.00","1,293,508","1,268,115","          1.02","2,559,924","1,282,575","          2.00","1,292,868","1,267,056","          1.02","2,558,085","1,282,624","          1.99","1,292,163","1,265,922","          1.02","2,556,262","1,282,673","          1.99","1,291,263","1,264,999","          1.02","2,554,324","1,282,500","          1.99","1,290,298","1,264,026","          1.02","2,551,370","1,281,979","          1.99","1,288,999","1,262,371","          1.02"
"경상북도 포항시 (4711000000)","495,229","232,471","          2.13","251,009","244,220","          1.03","494,452","232,547","          2.13","250,619","243,833","          1.03","493,914","232,590","          2.12","250,363","243,551","          1.03","493,817","232,939","          2.12","250,317","243,500","          1.03","493,665","233,091","          2.12","250,262","243,403","          1.03","493,561","233,308","          2.12","250,286","243,275","          1.03","493,261","233,413","          2.11","250,144","243,117","          1.03","493,102","233,509","          2.11","250,120","242,982","          1.03","492,941","233,619","          2.11","250,091","242,850","          1.03","492,936","233,742","          2.11","250,087","242,849","          1.03","493,033","233,932","          2.11","250,242","242,791","          1.03","492,949","234,088","          2.11","250,223","242,726","          1.03"
"경상북도 포항시 남구 (4711100000)","226,956","109,654","          2.07","117,596","109,360","          1.08","226,635","109,704","          2.07","117,439","109,196","          1.08","226,446","109,754","          2.06","117,356","109,090","          1.08","226,660","110,100","          2.06","117,473","109,187","          1.08","226,728","110,282","          2.06","117,546","109,182","          1.08","226,791","110,482","          2.05","117,629","109,162","          1.08","226,685","110,538","          2.05","117,556","109,129","          1.08","226,578","110,576","          2.05","117,524","109,054","          1.08","226,500","110,616","          2.05","117,529","108,971","          1.08","226,357","110,635","          2.05","117,481","108,876","          1.08","226,278","110,639","          2.05","117,509","108,769","          1.08","226,165","110,699","          2.04","117,480","108,685","          1.08"
"경상북도 포항시 북구 (4711300000)","268,273","122,817","          2.18","133,413","134,860","          0.99","267,817","122,843","          2.18","133,180","134,637","          0.99","267,468","122,836","          2.18","133,007","134,461","          0.99","267,157","122,839","          2.17","132,844","134,313","          0.99","266,937","122,809","          2.17","132,716","134,221","          0.99","266,770","122,826","          2.17","132,657","134,113","          0.99","266,576","122,875","          2.17","132,588","133,988","          0.99","266,524","122,933","          2.17","132,596","133,928","          0.99","266,441","123,003","          2.17","132,562","133,879","          0.99","266,579","123,107","          2.17","132,606","133,973","          0.99","266,755","123,293","          2.16","132,733","134,022","          0.99","266,784","123,389","          2.16","132,743","134,041","          0.99"
"경상북도 경주시 (4713000000)","248,893","124,099","          2.01","124,557","124,336","          1.00","248,794","124,275","          2.00","124,489","124,305","          1.00","248,737","124,355","          2.00","124,477","124,260","          1.00","248,726","124,552","          2.00","124,457","124,269","          1.00","248,510","124,557","          2.00","124,363","124,147","          1.00","248,453","124,672","          1.99","124,360","124,093","          1.00","248,335","124,742","          1.99","124,334","124,001","          1.00","248,244","124,772","          1.99","124,299","123,945","          1.00","248,058","124,744","          1.99","124,229","123,829","          1.00","247,762","124,679","          1.99","124,094","123,668","          1.00","247,489","124,577","          1.99","123,906","123,583","          1.00","247,124","124,441","          1.99","123,726","123,398","          1.00"
"경상북도 김천시 (4715000000)","138,980","69,079","          2.01","69,771","69,209","          1.01","139,017","69,374","          2.00","69,805","69,212","          1.01","138,964","69,439","          2.00","69,802","69,162","          1.01","138,877","69,486","          2.00","69,782","69,095","          1.01","138,701","69,460","          2.00","69,662","69,039","          1.01","138,495","69,439","          1.99","69,557","68,938","          1.01","138,222","69,362","          1.99","69,396","68,826","          1.01","138,059","69,346","          1.99","69,330","68,729","          1.01","137,958","69,296","          1.99","69,282","68,676","          1.01","137,837","69,250","          1.99","69,238","68,599","          1.01","137,515","69,125","          1.99","69,082","68,433","          1.01","137,247","69,037","          1.99","68,997","68,250","          1.01"
"경상북도 안동시 (4717000000)","154,138","77,831","          1.98","76,178","77,960","          0.98","153,993","77,938","          1.98","76,096","77,897","          0.98","153,943","77,987","          1.97","76,105","77,838","          0.98","153,843","78,153","          1.97","76,007","77,836","          0.98","153,697","78,166","          1.97","75,919","77,778","          0.98","153,555","78,196","          1.96","75,849","77,706","          0.98","153,436","78,236","          1.96","75,792","77,644","          0.98","153,306","78,260","          1.96","75,750","77,556","          0.98","153,241","78,303","          1.96","75,701","77,540","          0.98","153,121","78,316","          1.96","75,634","77,487","          0.98","152,935","78,283","          1.95","75,538","77,397","          0.98","152,751","78,258","          1.95","75,440","77,311","          0.98"
"경상북도 구미시 (4719000000)","407,387","185,361","          2.20","209,729","197,658","          1.06","407,044","185,789","          2.19","209,642","197,402","          1.06","406,976","186,035","          2.19","209,690","197,286","          1.06","406,785","186,353","          2.18","209,669","197,116","          1.06","406,724","186,609","          2.18","209,685","197,039","          1.06","406,532","186,748","          2.18","209,563","196,969","          1.06","406,258","186,876","          2.17","209,432","196,826","          1.06","406,053","186,960","          2.17","209,388","196,665","          1.06","405,755","186,896","          2.17","209,241","196,514","          1.06","405,455","186,918","          2.17","209,098","196,357","          1.06","405,506","187,139","          2.17","209,131","196,375","          1.06","405,518","187,316","          2.16","209,132","196,386","          1.06"
"경상북도 영주시 (4721000000)","100,499","50,731","          1.98","49,793","50,706","          0.98","100,847","51,339","          1.96","50,002","50,845","          0.98","100,746","51,368","          1.96","49,955","50,791","          0.98","100,610","51,370","          1.96","49,898","50,712","          0.98","100,491","51,363","          1.96","49,834","50,657","          0.98","100,363","51,325","          1.96","49,752","50,611","          0.98","100,196","51,274","          1.95","49,659","50,537","          0.98","100,011","51,228","          1.95","49,553","50,458","          0.98","100,208","51,422","          1.95","49,745","50,463","          0.99","100,216","51,404","          1.95","49,756","50,460","          0.99","100,199","51,423","          1.95","49,730","50,469","          0.99","100,100","51,489","          1.94","49,727","50,373","          0.99"
"경상북도 영천시 (4723000000)","100,962","54,594","          1.85","51,368","49,594","          1.04","100,956","54,684","          1.85","51,379","49,577","          1.04","100,965","54,760","          1.84","51,406","49,559","          1.04","100,856","54,826","          1.84","51,374","49,482","          1.04","100,781","54,866","          1.84","51,323","49,458","          1.04","100,689","54,892","          1.83","51,294","49,395","          1.04","100,526","54,849","          1.83","51,241","49,285","          1.04","100,416","54,866","          1.83","51,183","49,233","          1.04","100,253","54,793","          1.83","51,137","49,116","          1.04","100,291","54,927","          1.83","51,188","49,103","          1.04","100,212","54,976","          1.82","51,137","49,075","          1.04","100,110","55,037","          1.82","51,133","48,977","          1.04"
"경상북도 상주시 (4725000000)","94,698","49,380","          1.92","46,633","48,065","          0.97","94,684","49,521","          1.91","46,636","48,048","          0.97","94,646","49,542","          1.91","46,623","48,023","          0.97","94,596","49,627","          1.91","46,585","48,011","          0.97","94,523","49,648","          1.90","46,513","48,010","          0.97","94,386","49,627","          1.90","46,448","47,938","          0.97","94,254","49,600","          1.90","46,391","47,863","          0.97","94,168","49,592","          1.90","46,364","47,804","          0.97","93,980","49,526","          1.90","46,258","47,722","          0.97","93,896","49,501","          1.90","46,216","47,680","          0.97","93,858","49,493","          1.90","46,166","47,692","          0.97","93,645","49,385","          1.90","46,064","47,581","          0.97"
"경상북도 문경시 (4728000000)","69,861","36,946","          1.89","34,373","35,488","          0.97","69,881","37,091","          1.88","34,402","35,479","          0.97","69,769","37,086","          1.88","34,330","35,439","          0.97","69,640","37,067","          1.88","34,261","35,379","          0.97","69,524","37,042","          1.88","34,184","35,340","          0.97","69,410","37,024","          1.87","34,140","35,270","          0.97","69,242","36,960","          1.87","34,051","35,191","          0.97","69,171","36,957","          1.87","34,012","35,159","          0.97","69,052","36,907","          1.87","33,934","35,118","          0.97","68,914","36,880","          1.87","33,856","35,058","          0.97","68,755","36,814","          1.87","33,775","34,980","          0.97","68,529","36,765","          1.86","33,643","34,886","          0.96"
"경상북도 경산시 (4729000000)","267,490","127,901","          2.09","134,623","132,867","          1.01","267,717","128,522","          2.08","134,757","132,960","          1.01","267,731","128,740","          2.08","134,765","132,966","          1.01","267,528","128,951","          2.07","134,650","132,878","          1.01","267,305","129,053","          2.07","134,511","132,794","          1.01","267,246","129,170","          2.07","134,436","132,810","          1.01","267,144","129,348","          2.07","134,370","132,774","          1.01","267,076","129,501","          2.06","134,335","132,741","          1.01","266,843","129,486","          2.06","134,219","132,624","          1.01","266,528","129,424","          2.06","134,038","132,490","          1.01","266,205","129,264","          2.06","133,847","132,358","          1.01","265,801","128,993","          2.06","133,593","132,208","          1.01"
"경상북도 군위군 (4772000000)","23,277","13,691","          1.70","11,950","11,327","          1.06","23,238","13,699","          1.70","11,941","11,297","          1.06","23,245","13,727","          1.69","11,954","11,291","          1.06","23,219","13,737","          1.69","11,945","11,274","          1.06","23,186","13,710","          1.69","11,939","11,247","          1.06","","","","","","","","","","","","","","","","","","","","","","","","","","","","","","","","","","","","","","","","","",""
"경상북도 의성군 (4773000000)","50,042","29,019","          1.72","24,657","25,385","          0.97","49,954","29,020","          1.72","24,618","25,336","          0.97","50,081","29,143","          1.72","24,707","25,374","          0.97","50,143","29,230","          1.72","24,749","25,394","          0.97","50,095","29,265","          1.71","24,747","25,348","          0.98","50,037","29,285","          1.71","24,729","25,308","          0.98","50,035","29,304","          1.71","24,736","25,299","          0.98","50,016","29,324","          1.71","24,726","25,290","          0.98","50,165","29,461","          1.70","24,814","25,351","          0.98","50,088","29,445","          1.70","24,804","25,284","          0.98","50,086","29,471","          1.70","24,808","25,278","          0.98","49,882","29,407","          1.70","24,728","25,154","          0.98"
"경상북도 청송군 (4775000000)","24,245","14,021","          1.73","12,154","12,091","          1.01","24,225","14,038","          1.73","12,158","12,067","          1.01","24,206","14,048","          1.72","12,144","12,062","          1.01","24,171","14,059","          1.72","12,142","12,029","          1.01","24,166","14,068","          1.72","12,140","12,026","          1.01","24,145","14,062","          1.72","12,120","12,025","          1.01","24,088","14,035","          1.72","12,091","11,997","          1.01","24,068","14,009","          1.72","12,083","11,985","          1.01","24,033","14,000","          1.72","12,070","11,963","          1.01","24,034","14,013","          1.72","12,071","11,963","          1.01","24,019","13,999","          1.72","12,063","11,956","          1.01","24,034","14,009","          1.72","12,061","11,973","          1.01"
"경상북도 영양군 (4776000000)","15,931","9,035","          1.76","7,956","7,975","          1.00","15,912","9,037","          1.76","7,934","7,978","          0.99","15,920","9,036","          1.76","7,939","7,981","          0.99","15,901","9,051","          1.76","7,925","7,976","          0.99","15,861","9,053","          1.75","7,899","7,962","          0.99","15,818","9,040","          1.75","7,873","7,945","          0.99","15,799","9,024","          1.75","7,867","7,932","          0.99","15,782","9,017","          1.75","7,859","7,923","          0.99","15,736","9,023","          1.74","7,840","7,896","          0.99","15,704","9,009","          1.74","7,822","7,882","          0.99","15,661","8,994","          1.74","7,805","7,856","          0.99","15,642","8,982","          1.74","7,807","7,835","          1.00"
"경상북도 영덕군 (4777000000)","34,560","19,735","          1.75","16,444","18,116","          0.91","34,515","19,750","          1.75","16,440","18,075","          0.91","34,504","19,756","          1.75","16,423","18,081","          0.91","34,418","19,753","          1.74","16,393","18,025","          0.91","34,351","19,771","          1.74","16,366","17,985","          0.91","34,329","19,795","          1.73","16,353","17,976","          0.91","34,263","19,784","          1.73","16,331","17,932","          0.91","34,201","19,751","          1.73","16,300","17,901","          0.91","34,154","19,746","          1.73","16,276","17,878","          0.91","34,109","19,749","          1.73","16,254","17,855","          0.91","34,055","19,725","          1.73","16,232","17,823","          0.91","33,982","19,710","          1.72","16,227","17,755","          0.91"
"경상북도 청도군 (4782000000)","41,664","23,515","          1.77","20,583","21,081","          0.98","41,665","23,584","          1.77","20,563","21,102","          0.97","41,661","23,600","          1.77","20,566","21,095","          0.97","41,612","23,604","          1.76","20,550","21,062","          0.98","41,538","23,604","          1.76","20,511","21,027","          0.98","41,509","23,597","          1.76","20,511","20,998","          0.98","41,486","23,589","          1.76","20,518","20,968","          0.98","41,450","23,591","          1.76","20,527","20,923","          0.98","41,386","23,564","          1.76","20,506","20,880","          0.98","41,361","23,543","          1.76","20,505","20,856","          0.98","41,316","23,525","          1.76","20,493","20,823","          0.98","41,267","23,515","          1.75","20,461","20,806","          0.98"
"경상북도 고령군 (4783000000)","30,319","16,812","          1.80","15,575","14,744","          1.06","30,320","16,860","          1.80","15,589","14,731","          1.06","30,315","16,890","          1.79","15,592","14,723","          1.06","30,270","16,890","          1.79","15,561","14,709","          1.06","30,225","16,906","          1.79","15,550","14,675","          1.06","30,206","16,919","          1.79","15,517","14,689","          1.06","30,123","16,907","          1.78","15,474","14,649","          1.06","30,127","16,921","          1.78","15,496","14,631","          1.06","30,190","16,977","          1.78","15,532","14,658","          1.06","30,184","17,001","          1.78","15,516","14,668","          1.06","30,139","17,023","          1.77","15,477","14,662","          1.06","30,025","16,999","          1.77","15,436","14,589","          1.06"
"경상북도 성주군 (4784000000)","42,570","24,012","          1.77","22,171","20,399","          1.09","42,556","24,052","          1.77","22,166","20,390","          1.09","42,542","24,057","          1.77","22,160","20,382","          1.09","42,501","24,080","          1.76","22,151","20,350","          1.09","42,469","24,095","          1.76","22,147","20,322","          1.09","42,366","24,082","          1.76","22,091","20,275","          1.09","42,292","24,053","          1.76","22,090","20,202","          1.09","42,245","24,054","          1.76","22,075","20,170","          1.09","42,207","24,079","          1.75","22,070","20,137","          1.10","42,172","24,089","          1.75","22,048","20,124","          1.10","42,086","24,059","          1.75","22,000","20,086","          1.10","42,038","24,048","          1.75","21,982","20,056","          1.10"
"경상북도 칠곡군 (4785000000)","112,074","54,480","          2.06","58,677","53,397","          1.10","111,894","54,505","          2.05","58,570","53,324","          1.10","111,725","54,539","          2.05","58,486","53,239","          1.10","111,593","54,611","          2.04","58,430","53,163","          1.10","111,434","54,617","          2.04","58,377","53,057","          1.10","111,372","54,612","          2.04","58,345","53,027","          1.10","111,258","54,664","          2.04","58,313","52,945","          1.10","111,173","54,678","          2.03","58,275","52,898","          1.10","110,951","54,611","          2.03","58,163","52,788","          1.10","110,881","54,646","          2.03","58,113","52,768","          1.10","110,581","54,578","          2.03","57,966","52,615","          1.10","110,299","54,488","          2.02","57,844","52,455","          1.10"
"경상북도 예천군 (4790000000)","55,697","28,176","          1.98","27,364","28,333","          0.97","55,651","28,191","          1.97","27,353","28,298","          0.97","55,670","28,237","          1.97","27,389","28,281","          0.97","55,670","28,242","          1.97","27,389","28,281","          0.97","55,672","28,247","          1.97","27,403","28,269","          0.97","55,662","28,242","          1.97","27,401","28,261","          0.97","55,574","28,215","          1.97","27,368","28,206","          0.97","55,525","28,196","          1.97","27,337","28,188","          0.97","55,450","28,196","          1.97","27,292","28,158","          0.97","55,367","28,179","          1.96","27,247","28,120","          0.97","55,325","28,145","          1.97","27,224","28,101","          0.97","55,304","28,138","          1.97","27,216","28,088","          0.97"
"경상북도 봉화군 (4792000000)","30,048","16,822","          1.79","15,252","14,796","          1.03","30,037","16,872","          1.78","15,264","14,773","          1.03","30,039","16,922","          1.78","15,278","14,761","          1.04","30,019","16,953","          1.77","15,272","14,747","          1.04","30,004","16,951","          1.77","15,264","14,740","          1.04","29,975","16,959","          1.77","15,262","14,713","          1.04","29,921","16,953","          1.76","15,232","14,689","          1.04","29,863","16,926","          1.76","15,192","14,671","          1.04","29,753","16,867","          1.76","15,139","14,614","          1.04","29,674","16,844","          1.76","15,108","14,566","          1.04","29,603","16,823","          1.76","15,090","14,513","          1.04","29,531","16,799","          1.76","15,043","14,488","          1.04"
"경상북도 울진군 (4793000000)","46,849","25,458","          1.84","23,607","23,242","          1.02","46,824","25,498","          1.84","23,618","23,206","          1.02","46,850","25,541","          1.83","23,657","23,193","          1.02","46,846","25,526","          1.84","23,646","23,200","          1.02","46,811","25,508","          1.84","23,625","23,186","          1.02","46,801","25,539","          1.83","23,618","23,183","          1.02","46,766","25,504","          1.83","23,595","23,171","          1.02","46,754","25,527","          1.83","23,605","23,149","          1.02","46,681","25,517","          1.83","23,578","23,103","          1.02","46,661","25,518","          1.83","23,545","23,116","          1.02","46,669","25,527","          1.83","23,553","23,116","          1.02","46,561","25,499","          1.83","23,497","23,064","          1.02"
"경상북도 울릉군 (4794000000)","8,986","5,516","          1.63","4,993","3,993","          1.25","9,034","5,540","          1.63","5,015","4,019","          1.25","9,056","5,553","          1.63","5,029","4,027","          1.25","9,085","5,567","          1.63","5,042","4,043","          1.25","9,127","5,593","          1.63","5,060","4,067","          1.24","9,155","5,607","          1.63","5,074","4,081","          1.24","9,144","5,612","          1.63","5,083","4,061","          1.25","9,114","5,590","          1.63","5,059","4,055","          1.25","9,090","5,591","          1.63","5,046","4,044","          1.25","9,071","5,596","          1.62","5,025","4,046","          1.24","9,077","5,605","          1.62","5,033","4,044","          1.24","9,031","5,576","          1.62","5,019","4,012","          1.25"
"경상남도  (4800000000)","3,272,381","1,518,385","          2.16","1,647,690","1,624,691","          1.01","3,269,228","1,520,120","          2.15","1,646,280","1,622,948","          1.01","3,267,369","1,521,214","          2.15","1,645,335","1,622,034","          1.01","3,265,018","1,522,410","          2.14","1,644,124","1,620,894","          1.01","3,263,251","1,523,314","          2.14","1,643,148","1,620,103","          1.01","3,261,361","1,523,806","          2.14","1,642,061","1,619,300","          1.01","3,258,309","1,524,252","          2.14","1,640,552","1,617,757","          1.01","3,257,009","1,524,861","          2.14","1,639,932","1,617,077","          1.01","3,255,239","1,524,850","          2.13","1,638,978","1,616,261","          1.01","3,253,619","1,525,337","          2.13","1,638,128","1,615,491","          1.01","3,251,158","1,525,502","          2.13","1,636,987","1,614,171","          1.01","3,248,703","1,525,692","          2.13","1,636,010","1,612,693","          1.01"
"경상남도 창원시 (4812000000)","1,018,699","456,357","          2.23","515,734","502,965","          1.03","1,017,273","456,620","          2.23","515,053","502,220","          1.03","1,016,333","456,739","          2.23","514,512","501,821","          1.03","1,015,361","457,024","          2.22","513,976","501,385","          1.03","1,014,544","457,130","          2.22","513,501","501,043","          1.02","1,013,603","457,059","          2.22","513,017","500,586","          1.02","1,012,410","456,952","          2.22","512,387","500,023","          1.02","1,011,688","456,985","          2.21","511,963","499,725","          1.02","1,010,820","456,774","          2.21","511,494","499,326","          1.02","1,009,998","456,830","          2.21","511,118","498,880","          1.02","1,009,038","456,830","          2.21","510,633","498,405","          1.02","1,008,228","456,960","          2.21","510,299","497,929","          1.02"
"경상남도 창원시 의창구 (4812100000)","215,429","96,737","          2.23","109,534","105,895","          1.03","215,217","96,894","          2.22","109,450","105,767","          1.03","215,220","97,092","          2.22","109,442","105,778","          1.03","215,009","97,216","          2.21","109,333","105,676","          1.03","214,960","97,301","          2.21","109,298","105,662","          1.03","214,778","97,290","          2.21","109,185","105,593","          1.03","214,560","97,303","          2.21","109,098","105,462","          1.03","214,329","97,274","          2.20","109,008","105,321","          1.04","213,987","97,096","          2.20","108,798","105,189","          1.03","213,775","97,092","          2.20","108,679","105,096","          1.03","213,342","96,997","          2.20","108,453","104,889","          1.03","212,927","96,932","          2.20","108,307","104,620","          1.04"
"경상남도 창원시 성산구 (4812300000)","247,806","106,208","          2.33","126,425","121,381","          1.04","247,396","106,300","          2.33","126,234","121,162","          1.04","247,093","106,310","          2.32","126,060","121,033","          1.04","246,893","106,367","          2.32","125,980","120,913","          1.04","246,695","106,380","          2.32","125,854","120,841","          1.04","246,448","106,399","          2.32","125,716","120,732","          1.04","246,175","106,380","          2.31","125,597","120,578","          1.04","245,918","106,326","          2.31","125,419","120,499","          1.04","245,702","106,275","          2.31","125,287","120,415","          1.04","245,448","106,232","          2.31","125,189","120,259","          1.04","245,259","106,216","          2.31","125,110","120,149","          1.04","244,866","106,175","          2.31","124,898","119,968","          1.04"
"경상남도 창원시 마산합포구 (4812500000)","179,004","84,783","          2.11","88,954","90,050","          0.99","178,781","84,824","          2.11","88,893","89,888","          0.99","178,598","84,788","          2.11","88,793","89,805","          0.99","178,455","84,803","          2.10","88,694","89,761","          0.99","178,255","84,779","          2.10","88,586","89,669","          0.99","178,141","84,772","          2.10","88,530","89,611","          0.99","177,926","84,753","          2.10","88,413","89,513","          0.99","178,503","85,060","          2.10","88,669","89,834","          0.99","179,040","85,292","          2.10","88,943","90,097","          0.99","179,266","85,575","          2.09","89,078","90,188","          0.99","179,394","85,763","          2.09","89,116","90,278","          0.99","179,158","85,736","          2.09","88,958","90,200","          0.99"
"경상남도 창원시 마산회원구 (4812700000)","182,972","82,694","          2.21","91,348","91,624","          1.00","182,699","82,680","          2.21","91,154","91,545","          1.00","182,443","82,629","          2.21","91,002","91,441","          1.00","182,193","82,696","          2.20","90,865","91,328","          0.99","182,031","82,681","          2.20","90,769","91,262","          0.99","181,821","82,656","          2.20","90,673","91,148","          0.99","181,586","82,624","          2.20","90,503","91,083","          0.99","181,104","82,519","          2.19","90,263","90,841","          0.99","180,444","82,379","          2.19","89,956","90,488","          0.99","180,145","82,273","          2.19","89,801","90,344","          0.99","179,818","82,225","          2.19","89,659","90,159","          0.99","180,296","82,480","          2.19","89,904","90,392","          0.99"
"경상남도 창원시 진해구 (4812900000)","193,488","85,935","          2.25","99,473","94,015","          1.06","193,180","85,922","          2.25","99,322","93,858","          1.06","192,979","85,920","          2.25","99,215","93,764","          1.06","192,811","85,942","          2.24","99,104","93,707","          1.06","192,603","85,989","          2.24","98,994","93,609","          1.06","192,415","85,942","          2.24","98,913","93,502","          1.06","192,163","85,892","          2.24","98,776","93,387","          1.06","191,834","85,806","          2.24","98,604","93,230","          1.06","191,647","85,732","          2.24","98,510","93,137","          1.06","191,364","85,658","          2.23","98,371","92,993","          1.06","191,225","85,629","          2.23","98,295","92,930","          1.06","190,981","85,637","          2.23","98,232","92,749","          1.06"
"경상남도 진주시 (4817000000)","343,167","159,148","          2.16","169,591","173,576","          0.98","342,923","159,414","          2.15","169,482","173,441","          0.98","342,744","159,544","          2.15","169,402","173,342","          0.98","342,619","159,741","          2.14","169,309","173,310","          0.98","342,444","159,893","          2.14","169,206","173,238","          0.98","342,370","159,977","          2.14","169,113","173,257","          0.98","342,174","160,112","          2.14","169,011","173,163","          0.98","341,992","160,137","          2.14","168,887","173,105","          0.98","341,713","160,030","          2.14","168,730","172,983","          0.98","341,545","159,965","          2.14","168,617","172,928","          0.98","341,074","159,833","          2.13","168,392","172,682","          0.98","340,520","159,603","          2.13","168,126","172,394","          0.98"
"경상남도 통영시 (4822000000)","122,172","59,529","          2.05","61,332","60,840","          1.01","121,903","59,587","          2.05","61,225","60,678","          1.01","121,697","59,581","          2.04","61,153","60,544","          1.01","121,491","59,568","          2.04","61,032","60,459","          1.01","121,374","59,596","          2.04","60,970","60,404","          1.01","121,239","59,594","          2.03","60,880","60,359","          1.01","121,103","59,577","          2.03","60,817","60,286","          1.01","121,020","59,560","          2.03","60,762","60,258","          1.01","120,883","59,526","          2.03","60,683","60,200","          1.01","120,737","59,512","          2.03","60,601","60,136","          1.01","120,551","59,466","          2.03","60,517","60,034","          1.01","120,327","59,453","          2.02","60,424","59,903","          1.01"
"경상남도 사천시 (4824000000)","109,153","54,523","          2.00","55,162","53,991","          1.02","109,068","54,622","          2.00","55,128","53,940","          1.02","109,090","54,681","          2.00","55,137","53,953","          1.02","109,002","54,741","          1.99","55,119","53,883","          1.02","108,973","54,786","          1.99","55,118","53,855","          1.02","108,966","54,859","          1.99","55,113","53,853","          1.02","108,814","54,859","          1.98","55,059","53,755","          1.02","108,870","54,926","          1.98","55,113","53,757","          1.03","109,009","55,031","          1.98","55,164","53,845","          1.02","109,008","55,084","          1.98","55,124","53,884","          1.02","109,030","55,125","          1.98","55,139","53,891","          1.02","109,073","55,229","          1.97","55,167","53,906","          1.02"
"경상남도 사천남양출장소 (4824500000)","0","0","          0.00","0","0","          0.00","0","0","          0.00","0","0","          0.00","0","0","          0.00","0","0","          0.00","0","0","          0.00","0","0","          0.00","0","0","          0.00","0","0","          0.00","0","0","          0.00","0","0","          0.00","0","0","          0.00","0","0","          0.00","0","0","          0.00","0","0","          0.00","0","0","          0.00","0","0","          0.00","0","0","          0.00","0","0","          0.00","0","0","          0.00","0","0","          0.00","0","0","          0.00","0","0","          0.00"
"경상남도 김해시 (4825000000)","534,212","228,926","          2.33","270,155","264,057","          1.02","533,541","229,102","          2.33","269,766","263,775","          1.02","533,292","229,335","          2.33","269,615","263,677","          1.02","533,042","229,535","          2.32","269,481","263,561","          1.02","532,950","229,882","          2.32","269,419","263,531","          1.02","533,009","230,231","          2.32","269,444","263,565","          1.02","533,054","230,549","          2.31","269,433","263,621","          1.02","533,251","230,940","          2.31","269,557","263,694","          1.02","533,396","231,208","          2.31","269,687","263,709","          1.02","533,565","231,562","          2.30","269,752","263,813","          1.02","533,659","231,783","          2.30","269,755","263,904","          1.02","533,710","231,951","          2.30","269,806","263,904","          1.02"
"경상남도 장유출장소 (4825200000)","0","0","          0.00","0","0","          0.00","0","0","          0.00","0","0","          0.00","0","0","          0.00","0","0","          0.00","0","0","          0.00","0","0","          0.00","0","0","          0.00","0","0","          0.00","0","0","          0.00","0","0","          0.00","0","0","          0.00","0","0","          0.00","0","0","          0.00","0","0","          0.00","0","0","          0.00","0","0","          0.00","0","0","          0.00","0","0","          0.00","0","0","          0.00","0","0","          0.00","0","0","          0.00","0","0","          0.00"
"경상남도 밀양시 (4827000000)","102,682","53,679","          1.91","50,532","52,150","          0.97","102,707","53,794","          1.91","50,580","52,127","          0.97","102,720","53,878","          1.91","50,596","52,124","          0.97","102,685","53,902","          1.91","50,605","52,080","          0.97","102,584","53,888","          1.90","50,553","52,031","          0.97","102,484","53,866","          1.90","50,517","51,967","          0.97","102,341","53,852","          1.90","50,443","51,898","          0.97","102,275","53,863","          1.90","50,417","51,858","          0.97","102,239","53,912","          1.90","50,405","51,834","          0.97","102,153","53,917","          1.89","50,371","51,782","          0.97","102,084","53,906","          1.89","50,356","51,728","          0.97","101,956","53,928","          1.89","50,321","51,635","          0.97"
"경상남도 거제시 (4831000000)","235,638","103,554","          2.28","123,271","112,367","          1.10","235,350","103,702","          2.27","123,130","112,220","          1.10","235,223","103,859","          2.26","123,059","112,164","          1.10","234,926","103,941","          2.26","122,903","112,023","          1.10","234,690","103,964","          2.26","122,764","111,926","          1.10","234,613","104,139","          2.25","122,712","111,901","          1.10","234,467","104,298","          2.25","122,688","111,779","          1.10","234,361","104,373","          2.25","122,635","111,726","          1.10","234,298","104,424","          2.24","122,582","111,716","          1.10","234,142","104,436","          2.24","122,557","111,585","          1.10","234,038","104,565","          2.24","122,542","111,496","          1.10","233,930","104,702","          2.23","122,508","111,422","          1.10"
"경상남도 양산시 (4833000000)","353,744","156,375","          2.26","177,126","176,618","          1.00","353,816","156,609","          2.26","177,137","176,679","          1.00","354,004","156,809","          2.26","177,216","176,788","          1.00","354,265","157,169","          2.25","177,315","176,950","          1.00","354,648","157,485","          2.25","177,495","177,153","          1.00","354,874","157,668","          2.25","177,569","177,305","          1.00","354,877","157,893","          2.25","177,573","177,304","          1.00","355,032","158,071","          2.25","177,611","177,421","          1.00","355,136","158,258","          2.24","177,636","177,500","          1.00","355,270","158,486","          2.24","177,661","177,609","          1.00","355,122","158,640","          2.24","177,596","177,526","          1.00","355,347","158,808","          2.24","177,750","177,597","          1.00"
"경상남도 양산시웅상출장소 (4833200000)","0","0","          0.00","0","0","          0.00","0","0","          0.00","0","0","          0.00","0","0","          0.00","0","0","          0.00","0","0","          0.00","0","0","          0.00","0","0","          0.00","0","0","          0.00","0","0","          0.00","0","0","          0.00","0","0","          0.00","0","0","          0.00","0","0","          0.00","0","0","          0.00","0","0","          0.00","0","0","          0.00","0","0","          0.00","0","0","          0.00","0","0","          0.00","0","0","          0.00","0","0","          0.00","0","0","          0.00"
"경상남도 의령군 (4872000000)","25,899","15,068","          1.72","12,859","13,040","          0.99","25,898","15,062","          1.72","12,853","13,045","          0.99","25,861","15,060","          1.72","12,832","13,029","          0.98","25,817","15,065","          1.71","12,824","12,993","          0.99","25,806","15,063","          1.71","12,834","12,972","          0.99","25,751","15,036","          1.71","12,793","12,958","          0.99","25,672","15,010","          1.71","12,740","12,932","          0.99","25,620","14,995","          1.71","12,727","12,893","          0.99","25,587","14,983","          1.71","12,723","12,864","          0.99","25,526","14,950","          1.71","12,691","12,835","          0.99","25,475","14,923","          1.71","12,668","12,807","          0.99","25,440","14,900","          1.71","12,669","12,771","          0.99"
"경상남도 함안군 (4873000000)","61,206","30,806","          1.99","31,279","29,927","          1.05","61,100","30,830","          1.98","31,250","29,850","          1.05","61,011","30,812","          1.98","31,210","29,801","          1.05","60,910","30,808","          1.98","31,162","29,748","          1.05","60,760","30,770","          1.97","31,080","29,680","          1.05","60,704","30,730","          1.98","31,070","29,634","          1.05","60,572","30,707","          1.97","31,007","29,565","          1.05","60,475","30,660","          1.97","30,973","29,502","          1.05","60,323","30,605","          1.97","30,874","29,449","          1.05","60,257","30,589","          1.97","30,850","29,407","          1.05","60,203","30,566","          1.97","30,840","29,363","          1.05","60,077","30,544","          1.97","30,784","29,293","          1.05"
"경상남도 창녕군 (4874000000)","58,154","32,212","          1.81","29,069","29,085","          1.00","57,998","32,166","          1.80","28,982","29,016","          1.00","57,928","32,173","          1.80","28,947","28,981","          1.00","57,831","32,181","          1.80","28,913","28,918","          1.00","57,767","32,180","          1.80","28,871","28,896","          1.00","57,617","32,134","          1.79","28,802","28,815","          1.00","57,499","32,106","          1.79","28,727","28,772","          1.00","57,393","32,087","          1.79","28,678","28,715","          1.00","57,275","32,051","          1.79","28,615","28,660","          1.00","57,180","32,032","          1.79","28,562","28,618","          1.00","57,083","32,027","          1.78","28,528","28,555","          1.00","57,003","32,048","          1.78","28,498","28,505","          1.00"
"경상남도 고성군 (4882000000)","50,103","26,476","          1.89","25,180","24,923","          1.01","50,115","26,560","          1.89","25,197","24,918","          1.01","50,025","26,588","          1.88","25,179","24,846","          1.01","49,912","26,594","          1.88","25,128","24,784","          1.01","49,857","26,602","          1.87","25,116","24,741","          1.02","49,751","26,581","          1.87","25,059","24,692","          1.01","49,614","26,545","          1.87","24,999","24,615","          1.02","49,590","26,557","          1.87","24,991","24,599","          1.02","49,488","26,515","          1.87","24,952","24,536","          1.02","49,502","26,519","          1.87","24,968","24,534","          1.02","49,468","26,546","          1.86","24,970","24,498","          1.02","49,306","26,484","          1.86","24,898","24,408","          1.02"
"경상남도 남해군 (4884000000)","41,417","22,724","          1.82","20,134","21,283","          0.95","41,425","22,817","          1.82","20,158","21,267","          0.95","41,394","22,810","          1.81","20,137","21,257","          0.95","41,298","22,780","          1.81","20,101","21,197","          0.95","41,243","22,764","          1.81","20,068","21,175","          0.95","41,144","22,728","          1.81","20,019","21,125","          0.95","41,012","22,719","          1.81","19,973","21,039","          0.95","40,983","22,700","          1.81","19,973","21,010","          0.95","40,946","22,642","          1.81","19,968","20,978","          0.95","40,850","22,583","          1.81","19,905","20,945","          0.95","40,780","22,534","          1.81","19,859","20,921","          0.95","40,699","22,488","          1.81","19,797","20,902","          0.95"
"경상남도 하동군 (4885000000)","42,283","23,663","          1.79","21,177","21,106","          1.00","42,235","23,673","          1.78","21,146","21,089","          1.00","42,194","23,689","          1.78","21,129","21,065","          1.00","42,171","23,713","          1.78","21,123","21,048","          1.00","42,106","23,720","          1.78","21,088","21,018","          1.00","42,042","23,703","          1.77","21,052","20,990","          1.00","41,909","23,668","          1.77","20,993","20,916","          1.00","41,871","23,651","          1.77","20,974","20,897","          1.00","41,784","23,636","          1.77","20,917","20,867","          1.00","41,702","23,611","          1.77","20,877","20,825","          1.00","41,606","23,567","          1.77","20,825","20,781","          1.00","41,486","23,531","          1.76","20,756","20,730","          1.00"
"경상남도 산청군 (4886000000)","34,103","19,664","          1.73","16,898","17,205","          0.98","34,109","19,675","          1.73","16,918","17,191","          0.98","34,181","19,723","          1.73","16,961","17,220","          0.98","34,145","19,722","          1.73","16,937","17,208","          0.98","34,114","19,712","          1.73","16,917","17,197","          0.98","34,048","19,705","          1.73","16,890","17,158","          0.98","33,959","19,693","          1.72","16,843","17,116","          0.98","33,866","19,658","          1.72","16,808","17,058","          0.99","33,800","19,636","          1.72","16,759","17,041","          0.98","33,764","19,623","          1.72","16,754","17,010","          0.98","33,752","19,639","          1.72","16,758","16,994","          0.99","33,723","19,627","          1.72","16,739","16,984","          0.99"
"경상남도 함양군 (4887000000)","37,446","20,806","          1.80","18,162","19,284","          0.94","37,386","20,802","          1.80","18,137","19,249","          0.94","37,369","20,829","          1.79","18,132","19,237","          0.94","37,359","20,834","          1.79","18,121","19,238","          0.94","37,294","20,818","          1.79","18,105","19,189","          0.94","37,219","20,784","          1.79","18,062","19,157","          0.94","37,117","20,752","          1.79","18,013","19,104","          0.94","37,100","20,737","          1.79","18,012","19,088","          0.94","37,038","20,715","          1.79","17,971","19,067","          0.94","37,003","20,699","          1.79","17,961","19,042","          0.94","36,945","20,679","          1.79","17,922","19,023","          0.94","36,873","20,639","          1.79","17,894","18,979","          0.94"
"경상남도 거창군 (4888000000)","60,324","30,719","          1.96","29,606","30,718","          0.96","60,462","30,942","          1.95","29,741","30,721","          0.97","60,435","30,952","          1.95","29,733","30,702","          0.97","60,388","30,962","          1.95","29,713","30,675","          0.97","60,356","30,941","          1.95","29,704","30,652","          0.97","60,292","30,937","          1.95","29,669","30,623","          0.97","60,184","30,925","          1.95","29,607","30,577","          0.97","60,168","30,947","          1.94","29,629","30,539","          0.97","60,150","30,920","          1.95","29,626","30,524","          0.97","60,135","30,981","          1.94","29,606","30,529","          0.97","60,047","30,934","          1.94","29,555","30,492","          0.97","59,909","30,867","          1.94","29,480","30,429","          0.97"
"경상남도 합천군 (4889000000)","41,979","24,156","          1.74","20,423","21,556","          0.95","41,919","24,143","          1.74","20,397","21,522","          0.95","41,868","24,152","          1.73","20,385","21,483","          0.95","41,796","24,130","          1.73","20,362","21,434","          0.95","41,741","24,120","          1.73","20,339","21,402","          0.95","41,635","24,075","          1.73","20,280","21,355","          0.95","41,531","24,035","          1.73","20,239","21,292","          0.95","41,454","24,014","          1.73","20,222","21,232","          0.95","41,354","23,984","          1.72","20,192","21,162","          0.95","41,282","23,958","          1.72","20,153","21,129","          0.95","41,203","23,939","          1.72","20,132","21,071","          0.96","41,096","23,930","          1.72","20,094","21,002","          0.96"
"제주특별자치도  (5000000000)","677,090","311,801","          2.17","339,078","338,012","          1.00","677,031","312,326","          2.17","339,056","337,975","          1.00","677,115","312,612","          2.17","339,086","338,029","          1.00","677,057","312,869","          2.16","338,995","338,062","          1.00","676,832","312,910","          2.16","338,857","337,975","          1.00","676,810","313,030","          2.16","338,843","337,967","          1.00","676,489","313,081","          2.16","338,622","337,867","          1.00","676,317","313,265","          2.16","338,514","337,803","          1.00","676,119","313,291","          2.16","338,391","337,728","          1.00","675,845","313,269","          2.16","338,265","337,580","          1.00","675,252","313,155","          2.16","337,976","337,276","          1.00","674,353","313,050","          2.15","337,578","336,775","          1.00"
"제주특별자치도 제주시 (5011000000)","492,613","222,979","          2.21","246,203","246,410","          1.00","492,593","223,372","          2.21","246,197","246,396","          1.00","492,635","223,615","          2.20","246,218","246,417","          1.00","492,706","223,851","          2.20","246,228","246,478","          1.00","492,546","223,947","          2.20","246,132","246,414","          1.00","492,647","224,108","          2.20","246,144","246,503","          1.00","492,379","224,133","          2.20","245,974","246,405","          1.00","492,348","224,381","          2.19","245,960","246,388","          1.00","492,233","224,482","          2.19","245,874","246,359","          1.00","491,987","224,454","          2.19","245,763","246,224","          1.00","491,654","224,433","          2.19","245,561","246,093","          1.00","490,888","224,312","          2.19","245,197","245,691","          1.00"
"제주특별자치도 서귀포시 (5013000000)","184,477","88,822","          2.08","92,875","91,602","          1.01","184,438","88,954","          2.07","92,859","91,579","          1.01","184,480","88,997","          2.07","92,868","91,612","          1.01","184,351","89,018","          2.07","92,767","91,584","          1.01","184,286","88,963","          2.07","92,725","91,561","          1.01","184,163","88,922","          2.07","92,699","91,464","          1.01","184,110","88,948","          2.07","92,648","91,462","          1.01","183,969","88,884","          2.07","92,554","91,415","          1.01","183,886","88,809","          2.07","92,517","91,369","          1.01","183,858","88,815","          2.07","92,502","91,356","          1.01","183,598","88,722","          2.07","92,415","91,183","          1.01","183,465","88,738","          2.07","92,381","91,084","          1.01"
