"광역시도","기초지자체","배출연도","배출월","배출일","배출량(g)","배출횟수"
"강원도","강릉시","2024","01","01","10240500","5952"
"강원도","강릉시","2024","01","02","8735300","5307"
"강원도","강릉시","2024","01","03","7825945","4836"
"강원도","강릉시","2024","01","04","7319600","4551"
"강원도","강릉시","2024","01","05","7697650","4773"
"강원도","강릉시","2024","01","06","7535250","4484"
"강원도","강릉시","2024","01","07","8713550","5251"
"강원도","강릉시","2024","01","08","8268990","4971"
"강원도","강릉시","2024","01","09","7680750","4840"
"강원도","강릉시","2024","01","10","7153150","4508"
"강원도","강릉시","2024","01","11","6685050","4272"
"강원도","강릉시","2024","01","12","7464050","4710"
"강원도","강릉시","2024","01","13","7628450","4556"
"강원도","강릉시","2024","01","14","8666450","5299"
"강원도","강릉시","2024","01","15","7381850","4649"
"강원도","강릉시","2024","01","16","7240650","4613"
"강원도","강릉시","2024","01","17","7150450","4703"
"강원도","강릉시","2024","01","18","6784600","4322"
"강원도","강릉시","2024","01","19","6635000","4344"
"강원도","강릉시","2024","01","20","5942150","3593"
"강원도","강릉시","2024","01","21","8183700","4963"
"강원도","강릉시","2024","01","22","7778900","4795"
"강원도","강릉시","2024","01","23","6185750","4011"
"강원도","강릉시","2024","01","24","6732850","4364"
"강원도","강릉시","2024","01","25","6609450","4259"
"강원도","강릉시","2024","01","26","7102700","4549"
"강원도","강릉시","2024","01","27","7174000","4437"
"강원도","강릉시","2024","01","28","8545500","5076"
"강원도","강릉시","2024","01","29","6806300","4297"
"강원도","강릉시","2024","01","30","7422150","4644"
"강원도","강릉시","2024","01","31","7168800","4615"
"강원도","고성군","2024","01","01","1167000","615"
"강원도","고성군","2024","01","02","952650","507"
"강원도","고성군","2024","01","03","933400","513"
"강원도","고성군","2024","01","04","896150","456"
"강원도","고성군","2024","01","05","815250","462"
"강원도","고성군","2024","01","06","849750","428"
"강원도","고성군","2024","01","07","982800","506"
"강원도","고성군","2024","01","08","897300","465"
"강원도","고성군","2024","01","09","805850","442"
"강원도","고성군","2024","01","10","761300","438"
"강원도","고성군","2024","01","11","763400","402"
"강원도","고성군","2024","01","12","800350","438"
"강원도","고성군","2024","01","13","932350","466"
"강원도","고성군","2024","01","14","1034150","522"
"강원도","고성군","2024","01","15","802050","437"
"강원도","고성군","2024","01","16","768700","415"
"강원도","고성군","2024","01","17","960750","486"
"강원도","고성군","2024","01","18","801250","432"
"강원도","고성군","2024","01","19","743650","398"
"강원도","고성군","2024","01","20","785450","422"
"강원도","고성군","2024","01","21","812550","441"
"강원도","고성군","2024","01","22","695250","391"
"강원도","고성군","2024","01","23","657700","363"
"강원도","고성군","2024","01","24","793400","418"
"강원도","고성군","2024","01","25","759400","400"
"강원도","고성군","2024","01","26","822250","446"
"강원도","고성군","2024","01","27","942500","464"
"강원도","고성군","2024","01","28","1014600","533"
"강원도","고성군","2024","01","29","698450","395"
"강원도","고성군","2024","01","30","800100","436"
"강원도","고성군","2024","01","31","744500","439"
"강원도","동해시","2024","01","01","39172550","5266"
"강원도","동해시","2024","01","02","28147050","4760"
"강원도","동해시","2024","01","03","26741200","4501"
"강원도","동해시","2024","01","04","19641100","4260"
"강원도","동해시","2024","01","05","28609550","4513"
"강원도","동해시","2024","01","06","10472550","3648"
"강원도","동해시","2024","01","07","6475000","3885"
"강원도","동해시","2024","01","08","33824700","4766"
"강원도","동해시","2024","01","09","25004250","4179"
"강원도","동해시","2024","01","10","21277450","4062"
"강원도","동해시","2024","01","11","18169300","4101"
"강원도","동해시","2024","01","12","28786200","4335"
"강원도","동해시","2024","01","13","10802600","3830"
"강원도","동해시","2024","01","14","6634400","4078"
"강원도","동해시","2024","01","15","38243050","4641"
"강원도","동해시","2024","01","16","22228300","4077"
"강원도","동해시","2024","01","17","21189250","4330"
"강원도","동해시","2024","01","18","17193300","4016"
"강원도","동해시","2024","01","19","26326450","4282"
"강원도","동해시","2024","01","20","8001950","2800"
"강원도","동해시","2024","01","21","6854400","4170"
"강원도","동해시","2024","01","22","31933750","4459"
"강원도","동해시","2024","01","23","18274800","3582"
"강원도","동해시","2024","01","24","10768850","3673"
"강원도","동해시","2024","01","25","14266500","3754"
"강원도","동해시","2024","01","26","27831350","4358"
"강원도","동해시","2024","01","27","9834150","3540"
"강원도","동해시","2024","01","28","7433350","3896"
"강원도","동해시","2024","01","29","35047050","4342"
"강원도","동해시","2024","01","30","25840200","4087"
"강원도","동해시","2024","01","31","19535850","4181"
"강원도","삼척시","2024","01","01","3067950","1785"
"강원도","삼척시","2024","01","02","2556670","1645"
"강원도","삼척시","2024","01","03","2504660","1586"
"강원도","삼척시","2024","01","04","2296210","1543"
"강원도","삼척시","2024","01","05","2164140","1422"
"강원도","삼척시","2024","01","06","2319130","1442"
"강원도","삼척시","2024","01","07","2611910","1621"
"강원도","삼척시","2024","01","08","2446550","1595"
"강원도","삼척시","2024","01","09","2241230","1445"
"강원도","삼척시","2024","01","10","2075910","1408"
"강원도","삼척시","2024","01","11","2200700","1502"
"강원도","삼척시","2024","01","12","2240720","1464"
"강원도","삼척시","2024","01","13","2351370","1454"
"강원도","삼척시","2024","01","14","2489520","1582"
"강원도","삼척시","2024","01","15","2232160","1424"
"강원도","삼척시","2024","01","16","2243730","1429"
"강원도","삼척시","2024","01","17","2126280","1484"
"강원도","삼척시","2024","01","18","2224900","1426"
"강원도","삼척시","2024","01","19","2169870","1390"
"강원도","삼척시","2024","01","20","1866840","1166"
"강원도","삼척시","2024","01","21","2566460","1602"
"강원도","삼척시","2024","01","22","2405520","1487"
"강원도","삼척시","2024","01","23","1695100","1187"
"강원도","삼척시","2024","01","24","2156070","1372"
"강원도","삼척시","2024","01","25","1973500","1337"
"강원도","삼척시","2024","01","26","2113600","1390"
"강원도","삼척시","2024","01","27","1985330","1314"
"강원도","삼척시","2024","01","28","2479570","1546"
"강원도","삼척시","2024","01","29","2058790","1317"
"강원도","삼척시","2024","01","30","2320300","1497"
"강원도","삼척시","2024","01","31","2145600","1403"
"강원도","속초시","2024","01","01","3752000","1902"
"강원도","속초시","2024","01","02","3446900","1732"
"강원도","속초시","2024","01","03","3026150","1624"
"강원도","속초시","2024","01","04","2843700","1545"
"강원도","속초시","2024","01","05","2932750","1567"
"강원도","속초시","2024","01","06","2821750","1511"
"강원도","속초시","2024","01","07","3128000","1634"
"강원도","속초시","2024","01","08","3044250","1646"
"강원도","속초시","2024","01","09","2983350","1541"
"강원도","속초시","2024","01","10","2759850","1486"
"강원도","속초시","2024","01","11","2612200","1430"
"강원도","속초시","2024","01","12","2884400","1612"
"강원도","속초시","2024","01","13","2781700","1487"
"강원도","속초시","2024","01","14","3173200","1691"
"강원도","속초시","2024","01","15","2975950","1581"
"강원도","속초시","2024","01","16","2879000","1481"
"강원도","속초시","2024","01","17","2852950","1518"
"강원도","속초시","2024","01","18","2884900","1522"
"강원도","속초시","2024","01","19","2569700","1451"
"강원도","속초시","2024","01","20","2637050","1351"
"강원도","속초시","2024","01","21","3118300","1649"
"강원도","속초시","2024","01","22","2747400","1492"
"강원도","속초시","2024","01","23","2408850","1312"
"강원도","속초시","2024","01","24","2922350","1473"
"강원도","속초시","2024","01","25","2528600","1398"
"강원도","속초시","2024","01","26","2587250","1452"
"강원도","속초시","2024","01","27","2764250","1471"
"강원도","속초시","2024","01","28","2929450","1637"
"강원도","속초시","2024","01","29","3022200","1645"
"강원도","속초시","2024","01","30","2775000","1465"
"강원도","속초시","2024","01","31","2822200","1512"
"강원도","양구군","2024","01","01","561250","220"
"강원도","양구군","2024","01","02","434050","195"
"강원도","양구군","2024","01","03","457650","193"
"강원도","양구군","2024","01","04","463350","201"
"강원도","양구군","2024","01","05","307000","160"
"강원도","양구군","2024","01","06","492700","198"
"강원도","양구군","2024","01","07","474450","192"
"강원도","양구군","2024","01","08","514700","215"
"강원도","양구군","2024","01","09","389300","163"
"강원도","양구군","2024","01","10","457700","200"
"강원도","양구군","2024","01","11","422300","188"
"강원도","양구군","2024","01","12","355700","176"
"강원도","양구군","2024","01","13","355850","162"
"강원도","양구군","2024","01","14","357750","169"
"강원도","양구군","2024","01","15","471650","210"
"강원도","양구군","2024","01","16","417350","183"
"강원도","양구군","2024","01","17","399300","174"
"강원도","양구군","2024","01","18","418300","184"
"강원도","양구군","2024","01","19","408100","179"
"강원도","양구군","2024","01","20","361200","168"
"강원도","양구군","2024","01","21","503150","209"
"강원도","양구군","2024","01","22","450700","180"
"강원도","양구군","2024","01","23","380400","168"
"강원도","양구군","2024","01","24","339300","155"
"강원도","양구군","2024","01","25","374000","181"
"강원도","양구군","2024","01","26","426650","198"
"강원도","양구군","2024","01","27","440950","182"
"강원도","양구군","2024","01","28","468500","204"
"강원도","양구군","2024","01","29","443650","190"
"강원도","양구군","2024","01","30","367200","167"
"강원도","양구군","2024","01","31","410050","174"
"강원도","영월군","2024","01","01","94050","41"
"강원도","영월군","2024","01","02","156400","54"
"강원도","영월군","2024","01","03","137750","59"
"강원도","영월군","2024","01","04","119650","46"
"강원도","영월군","2024","01","05","119350","52"
"강원도","영월군","2024","01","06","120850","49"
"강원도","영월군","2024","01","07","95550","35"
"강원도","영월군","2024","01","08","218950","59"
"강원도","영월군","2024","01","09","130000","50"
"강원도","영월군","2024","01","10","128950","48"
"강원도","영월군","2024","01","11","172850","61"
"강원도","영월군","2024","01","12","137400","57"
"강원도","영월군","2024","01","13","146200","60"
"강원도","영월군","2024","01","14","95150","40"
"강원도","영월군","2024","01","15","119300","49"
"강원도","영월군","2024","01","16","149850","51"
"강원도","영월군","2024","01","17","108700","50"
"강원도","영월군","2024","01","18","134450","50"
"강원도","영월군","2024","01","19","188500","61"
"강원도","영월군","2024","01","20","148800","56"
"강원도","영월군","2024","01","21","113000","45"
"강원도","영월군","2024","01","22","158250","66"
"강원도","영월군","2024","01","23","135250","45"
"강원도","영월군","2024","01","24","138100","41"
"강원도","영월군","2024","01","25","117350","38"
"강원도","영월군","2024","01","26","147400","62"
"강원도","영월군","2024","01","27","187900","53"
"강원도","영월군","2024","01","28","139050","39"
"강원도","영월군","2024","01","29","127750","62"
"강원도","영월군","2024","01","30","188550","51"
"강원도","영월군","2024","01","31","96250","35"
"강원도","원주시","2024","01","01","40259050","23430"
"강원도","원주시","2024","01","02","31302800","19365"
"강원도","원주시","2024","01","03","28461600","18200"
"강원도","원주시","2024","01","04","28488800","18494"
"강원도","원주시","2024","01","05","27449750","18410"
"강원도","원주시","2024","01","06","28292350","18251"
"강원도","원주시","2024","01","07","33730500","20753"
"강원도","원주시","2024","01","08","29220200","18913"
"강원도","원주시","2024","01","09","24347200","15841"
"강원도","원주시","2024","01","10","28884750","18724"
"강원도","원주시","2024","01","11","26807350","17781"
"강원도","원주시","2024","01","12","27041450","18152"
"강원도","원주시","2024","01","13","28472650","18348"
"강원도","원주시","2024","01","14","31333100","19222"
"강원도","원주시","2024","01","15","29424950","18856"
"강원도","원주시","2024","01","16","26427900","17549"
"강원도","원주시","2024","01","17","23867700","16151"
"강원도","원주시","2024","01","18","28625850","18994"
"강원도","원주시","2024","01","19","27535850","18592"
"강원도","원주시","2024","01","20","27159400","17521"
"강원도","원주시","2024","01","21","34478350","21402"
"강원도","원주시","2024","01","22","27348450","17752"
"강원도","원주시","2024","01","23","23304600","15622"
"강원도","원주시","2024","01","24","25758050","17284"
"강원도","원주시","2024","01","25","25091000","16862"
"강원도","원주시","2024","01","26","26346050","17786"
"강원도","원주시","2024","01","27","27858750","17899"
"강원도","원주시","2024","01","28","33989350","20805"
"강원도","원주시","2024","01","29","27701600","17930"
"강원도","원주시","2024","01","30","27025350","18019"
"강원도","원주시","2024","01","31","26757700","18033"
"강원도","정선군","2024","01","01","827950","462"
"강원도","정선군","2024","01","02","820400","465"
"강원도","정선군","2024","01","03","818700","449"
"강원도","정선군","2024","01","04","708150","413"
"강원도","정선군","2024","01","05","765800","426"
"강원도","정선군","2024","01","06","757600","453"
"강원도","정선군","2024","01","07","796200","432"
"강원도","정선군","2024","01","08","814000","445"
"강원도","정선군","2024","01","09","742400","411"
"강원도","정선군","2024","01","10","772700","411"
"강원도","정선군","2024","01","11","677300","412"
"강원도","정선군","2024","01","12","758800","439"
"강원도","정선군","2024","01","13","762100","409"
"강원도","정선군","2024","01","14","744000","418"
"강원도","정선군","2024","01","15","748550","420"
"강원도","정선군","2024","01","16","641500","394"
"강원도","정선군","2024","01","17","646250","388"
"강원도","정선군","2024","01","18","757400","421"
"강원도","정선군","2024","01","19","710450","408"
"강원도","정선군","2024","01","20","724350","406"
"강원도","정선군","2024","01","21","855750","450"
"강원도","정선군","2024","01","22","686750","381"
"강원도","정선군","2024","01","23","578200","344"
"강원도","정선군","2024","01","24","655200","365"
"강원도","정선군","2024","01","25","635750","351"
"강원도","정선군","2024","01","26","736200","428"
"강원도","정선군","2024","01","27","726650","417"
"강원도","정선군","2024","01","28","802950","447"
"강원도","정선군","2024","01","29","692500","400"
"강원도","정선군","2024","01","30","672700","378"
"강원도","정선군","2024","01","31","751150","431"
"강원도","철원군","2024","01","01","1602900","561"
"강원도","철원군","2024","01","02","1141450","437"
"강원도","철원군","2024","01","03","1093500","438"
"강원도","철원군","2024","01","04","1073400","427"
"강원도","철원군","2024","01","05","1088300","428"
"강원도","철원군","2024","01","06","1164150","431"
"강원도","철원군","2024","01","07","1458200","551"
"강원도","철원군","2024","01","08","1042650","408"
"강원도","철원군","2024","01","09","1050350","401"
"강원도","철원군","2024","01","10","1059600","411"
"강원도","철원군","2024","01","11","938150","391"
"강원도","철원군","2024","01","12","1068500","405"
"강원도","철원군","2024","01","13","1059600","427"
"강원도","철원군","2024","01","14","1215100","458"
"강원도","철원군","2024","01","15","1007500","414"
"강원도","철원군","2024","01","16","1016850","387"
"강원도","철원군","2024","01","17","863100","359"
"강원도","철원군","2024","01","18","994500","414"
"강원도","철원군","2024","01","19","994100","405"
"강원도","철원군","2024","01","20","1167900","436"
"강원도","철원군","2024","01","21","1288800","538"
"강원도","철원군","2024","01","22","878450","367"
"강원도","철원군","2024","01","23","841650","357"
"강원도","철원군","2024","01","24","773450","341"
"강원도","철원군","2024","01","25","898250","374"
"강원도","철원군","2024","01","26","999500","404"
"강원도","철원군","2024","01","27","981800","436"
"강원도","철원군","2024","01","28","1208600","499"
"강원도","철원군","2024","01","29","982750","414"
"강원도","철원군","2024","01","30","869950","355"
"강원도","철원군","2024","01","31","936150","379"
"강원도","춘천시","2024","01","01","17434140","9548"
"강원도","춘천시","2024","01","02","14728720","8315"
"강원도","춘천시","2024","01","03","13040810","7600"
"강원도","춘천시","2024","01","04","12480190","7462"
"강원도","춘천시","2024","01","05","13023570","7633"
"강원도","춘천시","2024","01","06","13108520","7515"
"강원도","춘천시","2024","01","07","15948500","8923"
"강원도","춘천시","2024","01","08","13334030","7864"
"강원도","춘천시","2024","01","09","11466240","6655"
"강원도","춘천시","2024","01","10","12882790","7771"
"강원도","춘천시","2024","01","11","11970090","7308"
"강원도","춘천시","2024","01","12","12737960","7600"
"강원도","춘천시","2024","01","13","12852560","7483"
"강원도","춘천시","2024","01","14","14331940","8070"
"강원도","춘천시","2024","01","15","13677300","7917"
"강원도","춘천시","2024","01","16","12297100","7272"
"강원도","춘천시","2024","01","17","10850220","6522"
"강원도","춘천시","2024","01","18","13032170","7776"
"강원도","춘천시","2024","01","19","12105540","7354"
"강원도","춘천시","2024","01","20","12447660","7174"
"강원도","춘천시","2024","01","21","15932220","9115"
"강원도","춘천시","2024","01","22","12327100","7256"
"강원도","춘천시","2024","01","23","10635540","6358"
"강원도","춘천시","2024","01","24","11418800","6921"
"강원도","춘천시","2024","01","25","11407050","6980"
"강원도","춘천시","2024","01","26","12187600","7402"
"강원도","춘천시","2024","01","27","12165320","7189"
"강원도","춘천시","2024","01","28","15587100","8864"
"강원도","춘천시","2024","01","29","12439710","7479"
"강원도","춘천시","2024","01","30","12415420","7256"
"강원도","춘천시","2024","01","31","11981970","7362"
"강원도","태백시","2024","01","01","371300","240"
"강원도","태백시","2024","01","02","389250","219"
"강원도","태백시","2024","01","03","324550","210"
"강원도","태백시","2024","01","04","344300","230"
"강원도","태백시","2024","01","05","278500","198"
"강원도","태백시","2024","01","06","309500","216"
"강원도","태백시","2024","01","07","341400","211"
"강원도","태백시","2024","01","08","344100","206"
"강원도","태백시","2024","01","09","314850","212"
"강원도","태백시","2024","01","10","316250","203"
"강원도","태백시","2024","01","11","308550","210"
"강원도","태백시","2024","01","12","319250","202"
"강원도","태백시","2024","01","13","315050","217"
"강원도","태백시","2024","01","14","411200","255"
"강원도","태백시","2024","01","15","298500","203"
"강원도","태백시","2024","01","16","326900","219"
"강원도","태백시","2024","01","17","267300","185"
"강원도","태백시","2024","01","18","288500","188"
"강원도","태백시","2024","01","19","322700","214"
"강원도","태백시","2024","01","20","290700","203"
"강원도","태백시","2024","01","21","359750","241"
"강원도","태백시","2024","01","22","279550","175"
"강원도","태백시","2024","01","23","273850","175"
"강원도","태백시","2024","01","24","289550","191"
"강원도","태백시","2024","01","25","295650","215"
"강원도","태백시","2024","01","26","344400","207"
"강원도","태백시","2024","01","27","337050","213"
"강원도","태백시","2024","01","28","335550","222"
"강원도","태백시","2024","01","29","296100","206"
"강원도","태백시","2024","01","30","292950","189"
"강원도","태백시","2024","01","31","360150","225"
"강원도","홍천군","2024","01","01","3397000","1570"
"강원도","홍천군","2024","01","02","2760350","1262"
"강원도","홍천군","2024","01","03","2757350","1291"
"강원도","홍천군","2024","01","04","2388350","1170"
"강원도","홍천군","2024","01","05","2445900","1224"
"강원도","홍천군","2024","01","06","2492250","1184"
"강원도","홍천군","2024","01","07","3093000","1440"
"강원도","홍천군","2024","01","08","2713300","1251"
"강원도","홍천군","2024","01","09","2185450","1085"
"강원도","홍천군","2024","01","10","2895900","1250"
"강원도","홍천군","2024","01","11","2428250","1155"
"강원도","홍천군","2024","01","12","2752450","1225"
"강원도","홍천군","2024","01","13","2468800","1183"
"강원도","홍천군","2024","01","14","2718350","1242"
"강원도","홍천군","2024","01","15","2688350","1301"
"강원도","홍천군","2024","01","16","2435900","1165"
"강원도","홍천군","2024","01","17","2177750","1124"
"강원도","홍천군","2024","01","18","2579750","1236"
"강원도","홍천군","2024","01","19","2489950","1242"
"강원도","홍천군","2024","01","20","2560850","1232"
"강원도","홍천군","2024","01","21","3091700","1467"
"강원도","홍천군","2024","01","22","2505350","1193"
"강원도","홍천군","2024","01","23","2334600","1097"
"강원도","홍천군","2024","01","24","2262350","1128"
"강원도","홍천군","2024","01","25","2271900","1137"
"강원도","홍천군","2024","01","26","2684250","1174"
"강원도","홍천군","2024","01","27","2717750","1182"
"강원도","홍천군","2024","01","28","2853750","1337"
"강원도","홍천군","2024","01","29","2343900","1156"
"강원도","홍천군","2024","01","30","2511000","1224"
"강원도","홍천군","2024","01","31","2409750","1186"
"강원도","횡성군","2024","01","01","3225850","1382"
"강원도","횡성군","2024","01","02","2942800","1238"
"강원도","횡성군","2024","01","03","2661800","1169"
"강원도","횡성군","2024","01","04","2693750","1151"
"강원도","횡성군","2024","01","05","2671200","1179"
"강원도","횡성군","2024","01","06","2684800","1176"
"강원도","횡성군","2024","01","07","2867550","1224"
"강원도","횡성군","2024","01","08","2560650","1170"
"강원도","횡성군","2024","01","09","2069200","963"
"강원도","횡성군","2024","01","10","2657150","1203"
"강원도","횡성군","2024","01","11","2379200","1084"
"강원도","횡성군","2024","01","12","2589000","1166"
"강원도","횡성군","2024","01","13","2610050","1144"
"강원도","횡성군","2024","01","14","2594550","1125"
"강원도","횡성군","2024","01","15","2839300","1205"
"강원도","횡성군","2024","01","16","2329800","1069"
"강원도","횡성군","2024","01","17","2277500","1015"
"강원도","횡성군","2024","01","18","2647050","1220"
"강원도","횡성군","2024","01","19","2475850","1143"
"강원도","횡성군","2024","01","20","2547600","1106"
"강원도","횡성군","2024","01","21","2964900","1305"
"강원도","횡성군","2024","01","22","2576150","1142"
"강원도","횡성군","2024","01","23","2010350","950"
"강원도","횡성군","2024","01","24","2195150","1052"
"강원도","횡성군","2024","01","25","2165200","1032"
"강원도","횡성군","2024","01","26","2513600","1135"
"강원도","횡성군","2024","01","27","2407400","1095"
"강원도","횡성군","2024","01","28","2957150","1316"
"강원도","횡성군","2024","01","29","2391250","1047"
"강원도","횡성군","2024","01","30","2512050","1113"
"강원도","횡성군","2024","01","31","2330150","1112"
"경기도","가평군","2024","01","01","77400","39"
"경기도","가평군","2024","01","02","54550","33"
"경기도","가평군","2024","01","03","70100","43"
"경기도","가평군","2024","01","04","95800","60"
"경기도","가평군","2024","01","05","109300","65"
"경기도","가평군","2024","01","06","157400","80"
"경기도","가평군","2024","01","07","174500","100"
"경기도","가평군","2024","01","08","133650","83"
"경기도","가평군","2024","01","09","166850","96"
"경기도","가평군","2024","01","10","141100","88"
"경기도","가평군","2024","01","11","146850","95"
"경기도","가평군","2024","01","12","165000","86"
"경기도","가평군","2024","01","13","122950","85"
"경기도","가평군","2024","01","14","219850","126"
"경기도","가평군","2024","01","15","155800","92"
"경기도","가평군","2024","01","16","183950","97"
"경기도","가평군","2024","01","17","153450","94"
"경기도","가평군","2024","01","18","191350","112"
"경기도","가평군","2024","01","19","165750","103"
"경기도","가평군","2024","01","20","216950","117"
"경기도","가평군","2024","01","21","267700","156"
"경기도","가평군","2024","01","22","210150","117"
"경기도","가평군","2024","01","23","184850","106"
"경기도","가평군","2024","01","24","173100","96"
"경기도","가평군","2024","01","25","140000","98"
"경기도","가평군","2024","01","26","217300","119"
"경기도","가평군","2024","01","27","215900","129"
"경기도","가평군","2024","01","28","269850","154"
"경기도","가평군","2024","01","29","258050","131"
"경기도","가평군","2024","01","30","199350","121"
"경기도","가평군","2024","01","31","214750","125"
"경기도","고양시","2024","01","01","18247900","10917"
"경기도","고양시","2024","01","02","14717600","9087"
"경기도","고양시","2024","01","03","13075300","8538"
"경기도","고양시","2024","01","04","13457600","8826"
"경기도","고양시","2024","01","05","12675150","8306"
"경기도","고양시","2024","01","06","12661200","8207"
"경기도","고양시","2024","01","07","17009500","10610"
"경기도","고양시","2024","01","08","14850300","9359"
"경기도","고양시","2024","01","09","12335750","7992"
"경기도","고양시","2024","01","10","13423250","8816"
"경기도","고양시","2024","01","11","12826500","8554"
"경기도","고양시","2024","01","12","12192500","8073"
"경기도","고양시","2024","01","13","13254650","8544"
"경기도","고양시","2024","01","14","16283450","10297"
"경기도","고양시","2024","01","15","14786600","9314"
"경기도","고양시","2024","01","16","12397250","8373"
"경기도","고양시","2024","01","17","11196750","7522"
"경기도","고양시","2024","01","18","13787000","8998"
"경기도","고양시","2024","01","19","12208600","8154"
"경기도","고양시","2024","01","20","12392050","8019"
"경기도","고양시","2024","01","21","17163600","10889"
"경기도","고양시","2024","01","22","12984600","8315"
"경기도","고양시","2024","01","23","10647250","7136"
"경기도","고양시","2024","01","24","12101600","8049"
"경기도","고양시","2024","01","25","12187600","8002"
"경기도","고양시","2024","01","26","12067350","7916"
"경기도","고양시","2024","01","27","12791900","8220"
"경기도","고양시","2024","01","28","16553050","10440"
"경기도","고양시","2024","01","29","13723750","8808"
"경기도","고양시","2024","01","30","12519400","8243"
"경기도","고양시","2024","01","31","11989000","8227"
"경기도","과천시","2024","01","01","3607880","2390"
"경기도","과천시","2024","01","02","3386140","2166"
"경기도","과천시","2024","01","03","2886289","1974"
"경기도","과천시","2024","01","04","3083239","2076"
"경기도","과천시","2024","01","05","2671869","1857"
"경기도","과천시","2024","01","06","3079700","2086"
"경기도","과천시","2024","01","07","3669720","2450"
"경기도","과천시","2024","01","08","3111689","2068"
"경기도","과천시","2024","01","09","2900230","1964"
"경기도","과천시","2024","01","10","2878840","1954"
"경기도","과천시","2024","01","11","3068829","2013"
"경기도","과천시","2024","01","12","2662619","1877"
"경기도","과천시","2024","01","13","2914050","2006"
"경기도","과천시","2024","01","14","3628750","2456"
"경기도","과천시","2024","01","15","3026870","2020"
"경기도","과천시","2024","01","16","2926320","1979"
"경기도","과천시","2024","01","17","2523350","1701"
"경기도","과천시","2024","01","18","2972920","2101"
"경기도","과천시","2024","01","19","2717250","1879"
"경기도","과천시","2024","01","20","2645159","1783"
"경기도","과천시","2024","01","21","3618909","2561"
"경기도","과천시","2024","01","22","3044580","1932"
"경기도","과천시","2024","01","23","2684790","1840"
"경기도","과천시","2024","01","24","2656229","1817"
"경기도","과천시","2024","01","25","2747459","1924"
"경기도","과천시","2024","01","26","2628880","1861"
"경기도","과천시","2024","01","27","2665679","1907"
"경기도","과천시","2024","01","28","3562570","2457"
"경기도","과천시","2024","01","29","2921729","1952"
"경기도","과천시","2024","01","30","2813219","1893"
"경기도","과천시","2024","01","31","2714650","1916"
"경기도","광명시","2024","01","01","1928130","1331"
"경기도","광명시","2024","01","02","1566870","1047"
"경기도","광명시","2024","01","03","1411270","1002"
"경기도","광명시","2024","01","04","1551060","1137"
"경기도","광명시","2024","01","05","1240630","904"
"경기도","광명시","2024","01","06","1589610","1056"
"경기도","광명시","2024","01","07","2094320","1459"
"경기도","광명시","2024","01","08","1550030","1061"
"경기도","광명시","2024","01","09","1277070","932"
"경기도","광명시","2024","01","10","1461390","1025"
"경기도","광명시","2024","01","11","1579670","1142"
"경기도","광명시","2024","01","12","1291970","929"
"경기도","광명시","2024","01","13","1486850","967"
"경기도","광명시","2024","01","14","2117980","1470"
"경기도","광명시","2024","01","15","1640490","1143"
"경기도","광명시","2024","01","16","1353920","989"
"경기도","광명시","2024","01","17","1244610","878"
"경기도","광명시","2024","01","18","1700110","1248"
"경기도","광명시","2024","01","19","1258250","928"
"경기도","광명시","2024","01","20","1426140","1007"
"경기도","광명시","2024","01","21","2079120","1457"
"경기도","광명시","2024","01","22","1506390","1045"
"경기도","광명시","2024","01","23","1199750","861"
"경기도","광명시","2024","01","24","1428560","974"
"경기도","광명시","2024","01","25","1594900","1125"
"경기도","광명시","2024","01","26","1391860","958"
"경기도","광명시","2024","01","27","1426240","992"
"경기도","광명시","2024","01","28","2118200","1419"
"경기도","광명시","2024","01","29","1686080","1162"
"경기도","광명시","2024","01","30","1359240","954"
"경기도","광명시","2024","01","31","1472420","1010"
"경기도","광주시","2024","01","01","6350600","3530"
"경기도","광주시","2024","01","02","4900550","2804"
"경기도","광주시","2024","01","03","4567050","2707"
"경기도","광주시","2024","01","04","4174300","2604"
"경기도","광주시","2024","01","05","4448050","2700"
"경기도","광주시","2024","01","06","5030350","3018"
"경기도","광주시","2024","01","07","6070200","3477"
"경기도","광주시","2024","01","08","5124650","3089"
"경기도","광주시","2024","01","09","4573100","2631"
"경기도","광주시","2024","01","10","4910600","3029"
"경기도","광주시","2024","01","11","4350500","2697"
"경기도","광주시","2024","01","12","4429500","2708"
"경기도","광주시","2024","01","13","4914950","2903"
"경기도","광주시","2024","01","14","6006200","3381"
"경기도","광주시","2024","01","15","5294950","3140"
"경기도","광주시","2024","01","16","4687300","2848"
"경기도","광주시","2024","01","17","4675650","2793"
"경기도","광주시","2024","01","18","4891800","3068"
"경기도","광주시","2024","01","19","4454200","2824"
"경기도","광주시","2024","01","20","4484700","2770"
"경기도","광주시","2024","01","21","6683200","3907"
"경기도","광주시","2024","01","22","4881450","2987"
"경기도","광주시","2024","01","23","4475650","2715"
"경기도","광주시","2024","01","24","5024100","3052"
"경기도","광주시","2024","01","25","4330550","2732"
"경기도","광주시","2024","01","26","4529000","2799"
"경기도","광주시","2024","01","27","4892600","2985"
"경기도","광주시","2024","01","28","6382300","3758"
"경기도","광주시","2024","01","29","5576000","3281"
"경기도","광주시","2024","01","30","5010050","3029"
"경기도","광주시","2024","01","31","5290800","3342"
"경기도","구리시","2024","01","01","27948400","12945"
"경기도","구리시","2024","01","02","21187750","11304"
"경기도","구리시","2024","01","03","20852650","11344"
"경기도","구리시","2024","01","04","19155540","10931"
"경기도","구리시","2024","01","05","18942450","10449"
"경기도","구리시","2024","01","06","16924290","10095"
"경기도","구리시","2024","01","07","20604200","12717"
"경기도","구리시","2024","01","08","24304290","11465"
"경기도","구리시","2024","01","09","16884900","9724"
"경기도","구리시","2024","01","10","21087400","11716"
"경기도","구리시","2024","01","11","18733200","10598"
"경기도","구리시","2024","01","12","18905300","10273"
"경기도","구리시","2024","01","13","16129050","10095"
"경기도","구리시","2024","01","14","20374850","12489"
"경기도","구리시","2024","01","15","23472660","11197"
"경기도","구리시","2024","01","16","19030500","10491"
"경기도","구리시","2024","01","17","18085400","9887"
"경기도","구리시","2024","01","18","19253900","11142"
"경기도","구리시","2024","01","19","18987050","10604"
"경기도","구리시","2024","01","20","16167850","9784"
"경기도","구리시","2024","01","21","20553550","12950"
"경기도","구리시","2024","01","22","21910200","10458"
"경기도","구리시","2024","01","23","16441000","9253"
"경기도","구리시","2024","01","24","18471750","10744"
"경기도","구리시","2024","01","25","17323560","10087"
"경기도","구리시","2024","01","26","18040440","10051"
"경기도","구리시","2024","01","27","16324150","10008"
"경기도","구리시","2024","01","28","19963150","12560"
"경기도","구리시","2024","01","29","22452300","10643"
"경기도","구리시","2024","01","30","18749450","10627"
"경기도","구리시","2024","01","31","18835600","11072"
"경기도","군포시","2024","01","01","7459050","4303"
"경기도","군포시","2024","01","02","6142300","3774"
"경기도","군포시","2024","01","03","5755250","3703"
"경기도","군포시","2024","01","04","4858750","3273"
"경기도","군포시","2024","01","05","4714150","3203"
"경기도","군포시","2024","01","06","5063200","3242"
"경기도","군포시","2024","01","07","6926150","4201"
"경기도","군포시","2024","01","08","5961300","3826"
"경기도","군포시","2024","01","09","4676700","3089"
"경기도","군포시","2024","01","10","5609050","3708"
"경기도","군포시","2024","01","11","5255400","3324"
"경기도","군포시","2024","01","12","4565500","3084"
"경기도","군포시","2024","01","13","5385500","3399"
"경기도","군포시","2024","01","14","6279600","3875"
"경기도","군포시","2024","01","15","5636900","3650"
"경기도","군포시","2024","01","16","4960550","3454"
"경기도","군포시","2024","01","17","4827150","3213"
"경기도","군포시","2024","01","18","5376800","3545"
"경기도","군포시","2024","01","19","4738950","3212"
"경기도","군포시","2024","01","20","4730300","3038"
"경기도","군포시","2024","01","21","6560050","3958"
"경기도","군포시","2024","01","22","5142800","3366"
"경기도","군포시","2024","01","23","3947550","2785"
"경기도","군포시","2024","01","24","4760900","3331"
"경기도","군포시","2024","01","25","4052450","2818"
"경기도","군포시","2024","01","26","4541800","2994"
"경기도","군포시","2024","01","27","4968500","3193"
"경기도","군포시","2024","01","28","6449950","3988"
"경기도","군포시","2024","01","29","5190300","3384"
"경기도","군포시","2024","01","30","5505900","3566"
"경기도","군포시","2024","01","31","5198900","3571"
"경기도","김포시","2024","01","01","3615900","1934"
"경기도","김포시","2024","01","02","2773800","1604"
"경기도","김포시","2024","01","03","3324100","1916"
"경기도","김포시","2024","01","04","2694700","1536"
"경기도","김포시","2024","01","05","2598250","1427"
"경기도","김포시","2024","01","06","2844450","1543"
"경기도","김포시","2024","01","07","4510200","2500"
"경기도","김포시","2024","01","08","2621750","1458"
"경기도","김포시","2024","01","09","2614150","1461"
"경기도","김포시","2024","01","10","3452200","1934"
"경기도","김포시","2024","01","11","2791450","1525"
"경기도","김포시","2024","01","12","2409500","1437"
"경기도","김포시","2024","01","13","2924850","1605"
"경기도","김포시","2024","01","14","4258950","2413"
"경기도","김포시","2024","01","15","2814500","1519"
"경기도","김포시","2024","01","16","2593600","1491"
"경기도","김포시","2024","01","17","2803150","1645"
"경기도","김포시","2024","01","18","2924100","1655"
"경기도","김포시","2024","01","19","2413550","1353"
"경기도","김포시","2024","01","20","2555400","1464"
"경기도","김포시","2024","01","21","4635750","2578"
"경기도","김포시","2024","01","22","2277100","1316"
"경기도","김포시","2024","01","23","2309200","1345"
"경기도","김포시","2024","01","24","3098500","1814"
"경기도","김포시","2024","01","25","2529750","1461"
"경기도","김포시","2024","01","26","2611550","1433"
"경기도","김포시","2024","01","27","2673550","1553"
"경기도","김포시","2024","01","28","4453100","2530"
"경기도","김포시","2024","01","29","2595850","1498"
"경기도","김포시","2024","01","30","2597900","1461"
"경기도","김포시","2024","01","31","3051350","1823"
"경기도","남양주시","2024","01","01","49422850","27110"
"경기도","남양주시","2024","01","02","41097700","22820"
"경기도","남양주시","2024","01","03","39986150","23161"
"경기도","남양주시","2024","01","04","38593450","23102"
"경기도","남양주시","2024","01","05","35666740","21604"
"경기도","남양주시","2024","01","06","37413650","21616"
"경기도","남양주시","2024","01","07","48793100","27322"
"경기도","남양주시","2024","01","08","41457400","23984"
"경기도","남양주시","2024","01","09","33649360","19825"
"경기도","남양주시","2024","01","10","41404450","24319"
"경기도","남양주시","2024","01","11","37798700","22730"
"경기도","남양주시","2024","01","12","35347240","21406"
"경기도","남양주시","2024","01","13","37111800","21692"
"경기도","남양주시","2024","01","14","46398750","26040"
"경기도","남양주시","2024","01","15","39855600","23513"
"경기도","남양주시","2024","01","16","35788150","21487"
"경기도","남양주시","2024","01","17","34199700","20499"
"경기도","남양주시","2024","01","18","40487140","24048"
"경기도","남양주시","2024","01","19","36111960","21754"
"경기도","남양주시","2024","01","20","34777500","20421"
"경기도","남양주시","2024","01","21","49131700","27573"
"경기도","남양주시","2024","01","22","36931750","21838"
"경기도","남양주시","2024","01","23","30710250","18719"
"경기도","남양주시","2024","01","24","36750150","21965"
"경기도","남양주시","2024","01","25","35584050","21691"
"경기도","남양주시","2024","01","26","34655500","21233"
"경기도","남양주시","2024","01","27","36898950","21057"
"경기도","남양주시","2024","01","28","48269000","27151"
"경기도","남양주시","2024","01","29","38034200","22588"
"경기도","남양주시","2024","01","30","35619300","21468"
"경기도","남양주시","2024","01","31","37658200","22846"
"경기도","동두천시","2024","01","01","7481250","4098"
"경기도","동두천시","2024","01","02","6938150","3910"
"경기도","동두천시","2024","01","03","6062100","3624"
"경기도","동두천시","2024","01","04","5815800","3514"
"경기도","동두천시","2024","01","05","5789150","3616"
"경기도","동두천시","2024","01","06","6001350","3519"
"경기도","동두천시","2024","01","07","6820250","3820"
"경기도","동두천시","2024","01","08","6254500","3717"
"경기도","동두천시","2024","01","09","5302850","3093"
"경기도","동두천시","2024","01","10","6018100","3684"
"경기도","동두천시","2024","01","11","5731750","3475"
"경기도","동두천시","2024","01","12","6174800","3635"
"경기도","동두천시","2024","01","13","6017950","3621"
"경기도","동두천시","2024","01","14","6108700","3345"
"경기도","동두천시","2024","01","15","6073500","3635"
"경기도","동두천시","2024","01","16","5883250","3474"
"경기도","동두천시","2024","01","17","5018950","3149"
"경기도","동두천시","2024","01","18","6222150","3767"
"경기도","동두천시","2024","01","19","5782350","3617"
"경기도","동두천시","2024","01","20","5941550","3468"
"경기도","동두천시","2024","01","21","7362550","4122"
"경기도","동두천시","2024","01","22","5624950","3397"
"경기도","동두천시","2024","01","23","4849550","2979"
"경기도","동두천시","2024","01","24","5306000","3309"
"경기도","동두천시","2024","01","25","5476550","3330"
"경기도","동두천시","2024","01","26","5719800","3503"
"경기도","동두천시","2024","01","27","6055550","3462"
"경기도","동두천시","2024","01","28","6757200","3739"
"경기도","동두천시","2024","01","29","6256050","3693"
"경기도","동두천시","2024","01","30","5698500","3465"
"경기도","동두천시","2024","01","31","5710550","3603"
"경기도","부천시","2024","01","01","40687700","23565"
"경기도","부천시","2024","01","02","34115450","20529"
"경기도","부천시","2024","01","03","32122350","19723"
"경기도","부천시","2024","01","04","31295000","19742"
"경기도","부천시","2024","01","05","29916600","18961"
"경기도","부천시","2024","01","06","30212850","18418"
"경기도","부천시","2024","01","07","39621550","23084"
"경기도","부천시","2024","01","08","34347450","20673"
"경기도","부천시","2024","01","09","29638865","18229"
"경기도","부천시","2024","01","10","32637800","20425"
"경기도","부천시","2024","01","11","30649000","19472"
"경기도","부천시","2024","01","12","29926550","19007"
"경기도","부천시","2024","01","13","31467200","19396"
"경기도","부천시","2024","01","14","38914350","22979"
"경기도","부천시","2024","01","15","33960200","20819"
"경기도","부천시","2024","01","16","30458050","19305"
"경기도","부천시","2024","01","17","26999600","17168"
"경기도","부천시","2024","01","18","32923000","20764"
"경기도","부천시","2024","01","19","29810150","19173"
"경기도","부천시","2024","01","20","29784000","18213"
"경기도","부천시","2024","01","21","40044200","23789"
"경기도","부천시","2024","01","22","31060200","19079"
"경기도","부천시","2024","01","23","25847950","16604"
"경기도","부천시","2024","01","24","29759850","18659"
"경기도","부천시","2024","01","25","28640850","18165"
"경기도","부천시","2024","01","26","29010000","18608"
"경기도","부천시","2024","01","27","30981505","18777"
"경기도","부천시","2024","01","28","38877100","23010"
"경기도","부천시","2024","01","29","31827800","19645"
"경기도","부천시","2024","01","30","29998500","18962"
"경기도","부천시","2024","01","31","30312500","19288"
"경기도","성남시분당구","2024","01","01","5314900","3327"
"경기도","성남시분당구","2024","01","02","5136650","3183"
"경기도","성남시분당구","2024","01","03","4544450","2875"
"경기도","성남시분당구","2024","01","04","4727200","3074"
"경기도","성남시분당구","2024","01","05","4592550","2928"
"경기도","성남시분당구","2024","01","06","4890350","2998"
"경기도","성남시분당구","2024","01","07","5430350","3378"
"경기도","성남시분당구","2024","01","08","4930350","3069"
"경기도","성남시분당구","2024","01","09","3946750","2593"
"경기도","성남시분당구","2024","01","10","4855150","3141"
"경기도","성남시분당구","2024","01","11","4583450","2960"
"경기도","성남시분당구","2024","01","12","4428250","2842"
"경기도","성남시분당구","2024","01","13","4636650","2923"
"경기도","성남시분당구","2024","01","14","5235950","3246"
"경기도","성남시분당구","2024","01","15","4788500","3023"
"경기도","성남시분당구","2024","01","16","4577700","2989"
"경기도","성남시분당구","2024","01","17","3751700","2488"
"경기도","성남시분당구","2024","01","18","4884400","3151"
"경기도","성남시분당구","2024","01","19","4610850","3015"
"경기도","성남시분당구","2024","01","20","4137400","2615"
"경기도","성남시분당구","2024","01","21","5671050","3565"
"경기도","성남시분당구","2024","01","22","4341650","2800"
"경기도","성남시분당구","2024","01","23","3859750","2546"
"경기도","성남시분당구","2024","01","24","4330850","2739"
"경기도","성남시분당구","2024","01","25","4315200","2819"
"경기도","성남시분당구","2024","01","26","4350850","2820"
"경기도","성남시분당구","2024","01","27","4519300","2827"
"경기도","성남시분당구","2024","01","28","5361600","3375"
"경기도","성남시분당구","2024","01","29","4549100","2853"
"경기도","성남시분당구","2024","01","30","4399050","2844"
"경기도","성남시분당구","2024","01","31","4828650","3092"
"경기도","성남시수정구","2024","01","01","3826500","2539"
"경기도","성남시수정구","2024","01","02","2593800","1765"
"경기도","성남시수정구","2024","01","03","2425550","1703"
"경기도","성남시수정구","2024","01","04","2853750","2005"
"경기도","성남시수정구","2024","01","05","2432750","1719"
"경기도","성남시수정구","2024","01","06","2653450","1896"
"경기도","성남시수정구","2024","01","07","3505950","2351"
"경기도","성남시수정구","2024","01","08","2786150","1991"
"경기도","성남시수정구","2024","01","09","2222550","1555"
"경기도","성남시수정구","2024","01","10","2676350","1841"
"경기도","성남시수정구","2024","01","11","2656200","1941"
"경기도","성남시수정구","2024","01","12","2285800","1683"
"경기도","성남시수정구","2024","01","13","2551050","1813"
"경기도","성남시수정구","2024","01","14","3482100","2382"
"경기도","성남시수정구","2024","01","15","2822550","1942"
"경기도","성남시수정구","2024","01","16","2328650","1719"
"경기도","성남시수정구","2024","01","17","2126000","1506"
"경기도","성남시수정구","2024","01","18","3046850","2129"
"경기도","성남시수정구","2024","01","19","2387850","1752"
"경기도","성남시수정구","2024","01","20","2438450","1764"
"경기도","성남시수정구","2024","01","21","3683450","2548"
"경기도","성남시수정구","2024","01","22","2495500","1772"
"경기도","성남시수정구","2024","01","23","2169050","1546"
"경기도","성남시수정구","2024","01","24","2309850","1667"
"경기도","성남시수정구","2024","01","25","2669300","1870"
"경기도","성남시수정구","2024","01","26","2404250","1775"
"경기도","성남시수정구","2024","01","27","2533250","1810"
"경기도","성남시수정구","2024","01","28","3464650","2384"
"경기도","성남시수정구","2024","01","29","2754750","1885"
"경기도","성남시수정구","2024","01","30","2331850","1712"
"경기도","성남시수정구","2024","01","31","2317050","1738"
"경기도","성남시중원구","2024","01","01","1692400","1132"
"경기도","성남시중원구","2024","01","02","1484500","1003"
"경기도","성남시중원구","2024","01","03","1282050","966"
"경기도","성남시중원구","2024","01","04","1246700","927"
"경기도","성남시중원구","2024","01","05","1271000","971"
"경기도","성남시중원구","2024","01","06","1316750","950"
"경기도","성남시중원구","2024","01","07","1636200","1187"
"경기도","성남시중원구","2024","01","08","1348050","978"
"경기도","성남시중원구","2024","01","09","1176300","884"
"경기도","성남시중원구","2024","01","10","1263450","971"
"경기도","성남시중원구","2024","01","11","1165400","896"
"경기도","성남시중원구","2024","01","12","1187350","907"
"경기도","성남시중원구","2024","01","13","1280400","985"
"경기도","성남시중원구","2024","01","14","1517350","1100"
"경기도","성남시중원구","2024","01","15","1405950","991"
"경기도","성남시중원구","2024","01","16","1167350","910"
"경기도","성남시중원구","2024","01","17","1093550","795"
"경기도","성남시중원구","2024","01","18","1351550","1009"
"경기도","성남시중원구","2024","01","19","1175300","926"
"경기도","성남시중원구","2024","01","20","1221900","916"
"경기도","성남시중원구","2024","01","21","1643000","1184"
"경기도","성남시중원구","2024","01","22","1137500","851"
"경기도","성남시중원구","2024","01","23","1045100","765"
"경기도","성남시중원구","2024","01","24","1168050","860"
"경기도","성남시중원구","2024","01","25","1076850","857"
"경기도","성남시중원구","2024","01","26","1189150","866"
"경기도","성남시중원구","2024","01","27","1297950","893"
"경기도","성남시중원구","2024","01","28","1513750","1129"
"경기도","성남시중원구","2024","01","29","1367000","978"
"경기도","성남시중원구","2024","01","30","1201600","889"
"경기도","성남시중원구","2024","01","31","1175200","909"
"경기도","수원시권선구","2024","01","01","37874900","22171"
"경기도","수원시권선구","2024","01","02","34236300","20723"
"경기도","수원시권선구","2024","01","03","31327350","19771"
"경기도","수원시권선구","2024","01","04","31342800","20012"
"경기도","수원시권선구","2024","01","05","28788450","18753"
"경기도","수원시권선구","2024","01","06","31541250","19366"
"경기도","수원시권선구","2024","01","07","41163850","24376"
"경기도","수원시권선구","2024","01","08","31995100","19893"
"경기도","수원시권선구","2024","01","09","29523750","18503"
"경기도","수원시권선구","2024","01","10","31581100","20480"
"경기도","수원시권선구","2024","01","11","29267250","19182"
"경기도","수원시권선구","2024","01","12","28341400","18459"
"경기도","수원시권선구","2024","01","13","30827450","18982"
"경기도","수원시권선구","2024","01","14","39952850","23787"
"경기도","수원시권선구","2024","01","15","31629700","19747"
"경기도","수원시권선구","2024","01","16","30466750","19613"
"경기도","수원시권선구","2024","01","17","27103150","17658"
"경기도","수원시권선구","2024","01","18","31951100","20778"
"경기도","수원시권선구","2024","01","19","28540000","18911"
"경기도","수원시권선구","2024","01","20","28605150","17770"
"경기도","수원시권선구","2024","01","21","42156760","25236"
"경기도","수원시권선구","2024","01","22","28110200","17719"
"경기도","수원시권선구","2024","01","23","26592200","17320"
"경기도","수원시권선구","2024","01","24","29399600","19007"
"경기도","수원시권선구","2024","01","25","28231200","18484"
"경기도","수원시권선구","2024","01","26","27367250","17999"
"경기도","수원시권선구","2024","01","27","29755390","18352"
"경기도","수원시권선구","2024","01","28","40147250","24080"
"경기도","수원시권선구","2024","01","29","31161500","19387"
"경기도","수원시권선구","2024","01","30","30232500","19603"
"경기도","수원시권선구","2024","01","31","31075700","20078"
"경기도","수원시영통구","2024","01","01","48804700","28915"
"경기도","수원시영통구","2024","01","02","44095450","24012"
"경기도","수원시영통구","2024","01","03","37813150","24130"
"경기도","수원시영통구","2024","01","04","40020450","24014"
"경기도","수원시영통구","2024","01","05","38160150","22279"
"경기도","수원시영통구","2024","01","06","36136100","22420"
"경기도","수원시영통구","2024","01","07","46991850","28204"
"경기도","수원시영통구","2024","01","08","42212450","26240"
"경기도","수원시영통구","2024","01","09","37405850","21232"
"경기도","수원시영통구","2024","01","10","38774150","25119"
"경기도","수원시영통구","2024","01","11","39270800","23442"
"경기도","수원시영통구","2024","01","12","37149950","22230"
"경기도","수원시영통구","2024","01","13","37124300","23095"
"경기도","수원시영통구","2024","01","14","44872400","26910"
"경기도","수원시영통구","2024","01","15","41795150","25763"
"경기도","수원시영통구","2024","01","16","39024950","23220"
"경기도","수원시영통구","2024","01","17","32258100","21254"
"경기도","수원시영통구","2024","01","18","41854950","25023"
"경기도","수원시영통구","2024","01","19","37586200","22583"
"경기도","수원시영통구","2024","01","20","33320400","20945"
"경기도","수원시영통구","2024","01","21","46755800","28353"
"경기도","수원시영통구","2024","01","22","37917400","24134"
"경기도","수원시영통구","2024","01","23","33244000","20073"
"경기도","수원시영통구","2024","01","24","34329250","22847"
"경기도","수원시영통구","2024","01","25","33247350","21934"
"경기도","수원시영통구","2024","01","26","35184200","21504"
"경기도","수원시영통구","2024","01","27","35086050","21954"
"경기도","수원시영통구","2024","01","28","43747950","27214"
"경기도","수원시영통구","2024","01","29","38269650","23996"
"경기도","수원시영통구","2024","01","30","39282650","23446"
"경기도","수원시영통구","2024","01","31","38944800","23795"
"경기도","수원시장안구","2024","01","01","26096050","15267"
"경기도","수원시장안구","2024","01","02","23131400","13937"
"경기도","수원시장안구","2024","01","03","22185600","14050"
"경기도","수원시장안구","2024","01","04","22866800","14956"
"경기도","수원시장안구","2024","01","05","19586750","12868"
"경기도","수원시장안구","2024","01","06","21747300","13395"
"경기도","수원시장안구","2024","01","07","27474800","16278"
"경기도","수원시장안구","2024","01","08","22190000","13905"
"경기도","수원시장안구","2024","01","09","22017250","12389"
"경기도","수원시장안구","2024","01","10","23085200","14740"
"경기도","수원시장안구","2024","01","11","22745400","14809"
"경기도","수원시장안구","2024","01","12","18973250","12661"
"경기도","수원시장안구","2024","01","13","20776850","12974"
"경기도","수원시장안구","2024","01","14","26348050","15759"
"경기도","수원시장안구","2024","01","15","22500050","14020"
"경기도","수원시장안구","2024","01","16","20919000","13605"
"경기도","수원시장안구","2024","01","17","19772150","13042"
"경기도","수원시장안구","2024","01","18","24128250","15679"
"경기도","수원시장안구","2024","01","19","19201050","12811"
"경기도","수원시장안구","2024","01","20","19319600","12203"
"경기도","수원시장안구","2024","01","21","28492900","16975"
"경기도","수원시장안구","2024","01","22","19745800","12568"
"경기도","수원시장안구","2024","01","23","20267500","11637"
"경기도","수원시장안구","2024","01","24","20851050","13534"
"경기도","수원시장안구","2024","01","25","21094700","13894"
"경기도","수원시장안구","2024","01","26","18201050","12245"
"경기도","수원시장안구","2024","01","27","19616050","12411"
"경기도","수원시장안구","2024","01","28","26721750","16168"
"경기도","수원시장안구","2024","01","29","21556300","13820"
"경기도","수원시장안구","2024","01","30","20524550","13258"
"경기도","수원시장안구","2024","01","31","21249300","14086"
"경기도","수원시팔달구","2024","01","01","16897450","10342"
"경기도","수원시팔달구","2024","01","02","12679450","8143"
"경기도","수원시팔달구","2024","01","03","12353250","8160"
"경기도","수원시팔달구","2024","01","04","12939450","8661"
"경기도","수원시팔달구","2024","01","05","11438600","7778"
"경기도","수원시팔달구","2024","01","06","12765800","8294"
"경기도","수원시팔달구","2024","01","07","15087150","9547"
"경기도","수원시팔달구","2024","01","08","14422650","9279"
"경기도","수원시팔달구","2024","01","09","11102550","7340"
"경기도","수원시팔달구","2024","01","10","13080150","8797"
"경기도","수원시팔달구","2024","01","11","11999200","8308"
"경기도","수원시팔달구","2024","01","12","11014200","7587"
"경기도","수원시팔달구","2024","01","13","12245700","8160"
"경기도","수원시팔달구","2024","01","14","14555300","9261"
"경기도","수원시팔달구","2024","01","15","13813650","9092"
"경기도","수원시팔달구","2024","01","16","11736250","8040"
"경기도","수원시팔달구","2024","01","17","10901300","7476"
"경기도","수원시팔달구","2024","01","18","12904050","8737"
"경기도","수원시팔달구","2024","01","19","11291800","7836"
"경기도","수원시팔달구","2024","01","20","11594900","7545"
"경기도","수원시팔달구","2024","01","21","15635750","9871"
"경기도","수원시팔달구","2024","01","22","12252250","8200"
"경기도","수원시팔달구","2024","01","23","9968250","6812"
"경기도","수원시팔달구","2024","01","24","11324050","7744"
"경기도","수원시팔달구","2024","01","25","10781350","7660"
"경기도","수원시팔달구","2024","01","26","10724950","7442"
"경기도","수원시팔달구","2024","01","27","11722800","7707"
"경기도","수원시팔달구","2024","01","28","14914800","9310"
"경기도","수원시팔달구","2024","01","29","13720550","9043"
"경기도","수원시팔달구","2024","01","30","11225300","7801"
"경기도","수원시팔달구","2024","01","31","12103600","8416"
"경기도","시흥시","2024","01","01","34397082","18785"
"경기도","시흥시","2024","01","02","29015099","16190"
"경기도","시흥시","2024","01","03","27043164","15817"
"경기도","시흥시","2024","01","04","26248080","15313"
"경기도","시흥시","2024","01","05","24963519","14793"
"경기도","시흥시","2024","01","06","26143386","14990"
"경기도","시흥시","2024","01","07","33100355","18338"
"경기도","시흥시","2024","01","08","28905601","16227"
"경기도","시흥시","2024","01","09","24299382","13959"
"경기도","시흥시","2024","01","10","27007173","16090"
"경기도","시흥시","2024","01","11","25104245","14894"
"경기도","시흥시","2024","01","12","24547041","14676"
"경기도","시흥시","2024","01","13","25854264","14957"
"경기도","시흥시","2024","01","14","32126987","17872"
"경기도","시흥시","2024","01","15","27652364","15803"
"경기도","시흥시","2024","01","16","25580611","15111"
"경기도","시흥시","2024","01","17","23024273","13724"
"경기도","시흥시","2024","01","18","27309589","16181"
"경기도","시흥시","2024","01","19","24728349","14760"
"경기도","시흥시","2024","01","20","24324773","14064"
"경기도","시흥시","2024","01","21","32699110","18480"
"경기도","시흥시","2024","01","22","24406971","14225"
"경기도","시흥시","2024","01","23","21286092","12798"
"경기도","시흥시","2024","01","24","24646892","14727"
"경기도","시흥시","2024","01","25","23859666","14264"
"경기도","시흥시","2024","01","26","24107640","14220"
"경기도","시흥시","2024","01","27","25312446","14564"
"경기도","시흥시","2024","01","28","31086451","17948"
"경기도","시흥시","2024","01","29","26179287","15069"
"경기도","시흥시","2024","01","30","24041337","14507"
"경기도","시흥시","2024","01","31","25189314","15265"
"경기도","안성시","2024","01","01","2222200","1149"
"경기도","안성시","2024","01","02","1971000","997"
"경기도","안성시","2024","01","03","1711050","887"
"경기도","안성시","2024","01","04","1701550","923"
"경기도","안성시","2024","01","05","1583950","898"
"경기도","안성시","2024","01","06","2019950","1019"
"경기도","안성시","2024","01","07","2628000","1302"
"경기도","안성시","2024","01","08","1928200","936"
"경기도","안성시","2024","01","09","1581650","854"
"경기도","안성시","2024","01","10","1753150","905"
"경기도","안성시","2024","01","11","1901000","966"
"경기도","안성시","2024","01","12","1579400","892"
"경기도","안성시","2024","01","13","1814050","935"
"경기도","안성시","2024","01","14","2338100","1203"
"경기도","안성시","2024","01","15","1915400","986"
"경기도","안성시","2024","01","16","1729550","914"
"경기도","안성시","2024","01","17","1729350","855"
"경기도","안성시","2024","01","18","1753750","925"
"경기도","안성시","2024","01","19","1689000","923"
"경기도","안성시","2024","01","20","1639300","864"
"경기도","안성시","2024","01","21","2495650","1250"
"경기도","안성시","2024","01","22","1660850","861"
"경기도","안성시","2024","01","23","1597050","821"
"경기도","안성시","2024","01","24","1540650","876"
"경기도","안성시","2024","01","25","1680850","879"
"경기도","안성시","2024","01","26","1642400","862"
"경기도","안성시","2024","01","27","1673650","882"
"경기도","안성시","2024","01","28","2555850","1293"
"경기도","안성시","2024","01","29","1786950","939"
"경기도","안성시","2024","01","30","1591350","856"
"경기도","안성시","2024","01","31","1737250","959"
"경기도","안양시","2024","01","01","17685550","10612"
"경기도","안양시","2024","01","02","14793200","8932"
"경기도","안양시","2024","01","03","13948850","8975"
"경기도","안양시","2024","01","04","13165850","8451"
"경기도","안양시","2024","01","05","12365800","7981"
"경기도","안양시","2024","01","06","14747100","8982"
"경기도","안양시","2024","01","07","20276850","12300"
"경기도","안양시","2024","01","08","14309000","8840"
"경기도","안양시","2024","01","09","12348550","7765"
"경기도","안양시","2024","01","10","14801150","9525"
"경기도","안양시","2024","01","11","12766650","8200"
"경기도","안양시","2024","01","12","12974600","8281"
"경기도","안양시","2024","01","13","13611200","8512"
"경기도","안양시","2024","01","14","20035650","12318"
"경기도","안양시","2024","01","15","13621700","8596"
"경기도","안양시","2024","01","16","12900950","8347"
"경기도","안양시","2024","01","17","12386400","8093"
"경기도","안양시","2024","01","18","13773750","8951"
"경기도","안양시","2024","01","19","12561400","8192"
"경기도","안양시","2024","01","20","13265850","8181"
"경기도","안양시","2024","01","21","20726200","12760"
"경기도","안양시","2024","01","22","12368950","7844"
"경기도","안양시","2024","01","23","11319300","7359"
"경기도","안양시","2024","01","24","12787650","8584"
"경기도","안양시","2024","01","25","12171850","8001"
"경기도","안양시","2024","01","26","12186000","7858"
"경기도","안양시","2024","01","27","13638550","8405"
"경기도","안양시","2024","01","28","19775150","12228"
"경기도","안양시","2024","01","29","13626500","8706"
"경기도","안양시","2024","01","30","13077800","8346"
"경기도","안양시","2024","01","31","13489100","9079"
"경기도","양주시","2024","01","01","28420300","15731"
"경기도","양주시","2024","01","02","24003350","13993"
"경기도","양주시","2024","01","03","20908900","12649"
"경기도","양주시","2024","01","04","20864950","12954"
"경기도","양주시","2024","01","05","20495500","12682"
"경기도","양주시","2024","01","06","21191600","12775"
"경기도","양주시","2024","01","07","25764650","14743"
"경기도","양주시","2024","01","08","21507350","12994"
"경기도","양주시","2024","01","09","18742300","11455"
"경기도","양주시","2024","01","10","21255300","13051"
"경기도","양주시","2024","01","11","20590150","12842"
"경기도","양주시","2024","01","12","19668800","12509"
"경기도","양주시","2024","01","13","21197450","12927"
"경기도","양주시","2024","01","14","23801550","13972"
"경기도","양주시","2024","01","15","21099000","12616"
"경기도","양주시","2024","01","16","20134900","12425"
"경기도","양주시","2024","01","17","17935700","11083"
"경기도","양주시","2024","01","18","21711150","13473"
"경기도","양주시","2024","01","19","20270500","12630"
"경기도","양주시","2024","01","20","20277700","12311"
"경기도","양주시","2024","01","21","26660100","15438"
"경기도","양주시","2024","01","22","19536300","11797"
"경기도","양주시","2024","01","23","17244100","10901"
"경기도","양주시","2024","01","24","19318650","12044"
"경기도","양주시","2024","01","25","19360800","12047"
"경기도","양주시","2024","01","26","19350700","12145"
"경기도","양주시","2024","01","27","20761450","12572"
"경기도","양주시","2024","01","28","25315100","14840"
"경기도","양주시","2024","01","29","20105000","12400"
"경기도","양주시","2024","01","30","19846000","12310"
"경기도","양주시","2024","01","31","20116200","12500"
"경기도","양평군","2024","01","01","837200","491"
"경기도","양평군","2024","01","02","658200","378"
"경기도","양평군","2024","01","03","587100","355"
"경기도","양평군","2024","01","04","566600","354"
"경기도","양평군","2024","01","05","595200","343"
"경기도","양평군","2024","01","06","698500","426"
"경기도","양평군","2024","01","07","689250","445"
"경기도","양평군","2024","01","08","590250","376"
"경기도","양평군","2024","01","09","508300","331"
"경기도","양평군","2024","01","10","639800","395"
"경기도","양평군","2024","01","11","570900","362"
"경기도","양평군","2024","01","12","574150","362"
"경기도","양평군","2024","01","13","627700","430"
"경기도","양평군","2024","01","14","797850","476"
"경기도","양평군","2024","01","15","614200","391"
"경기도","양평군","2024","01","16","620600","391"
"경기도","양평군","2024","01","17","593900","342"
"경기도","양평군","2024","01","18","635950","414"
"경기도","양평군","2024","01","19","681850","420"
"경기도","양평군","2024","01","20","650400","384"
"경기도","양평군","2024","01","21","857250","521"
"경기도","양평군","2024","01","22","616050","379"
"경기도","양평군","2024","01","23","580300","334"
"경기도","양평군","2024","01","24","531750","336"
"경기도","양평군","2024","01","25","639450","403"
"경기도","양평군","2024","01","26","629650","379"
"경기도","양평군","2024","01","27","596000","397"
"경기도","양평군","2024","01","28","935750","536"
"경기도","양평군","2024","01","29","666850","401"
"경기도","양평군","2024","01","30","577800","370"
"경기도","양평군","2024","01","31","653700","407"
"경기도","여주시","2024","01","01","6353058","2893"
"경기도","여주시","2024","01","02","5297950","2512"
"경기도","여주시","2024","01","03","4703116","2308"
"경기도","여주시","2024","01","04","4814729","2397"
"경기도","여주시","2024","01","05","4659579","2420"
"경기도","여주시","2024","01","06","4958158","2427"
"경기도","여주시","2024","01","07","6045129","2804"
"경기도","여주시","2024","01","08","5135950","2449"
"경기도","여주시","2024","01","09","4386458","2176"
"경기도","여주시","2024","01","10","4973629","2465"
"경기도","여주시","2024","01","11","4399750","2283"
"경기도","여주시","2024","01","12","4598816","2366"
"경기도","여주시","2024","01","13","5055900","2467"
"경기도","여주시","2024","01","14","5568045","2642"
"경기도","여주시","2024","01","15","4916358","2446"
"경기도","여주시","2024","01","16","4559679","2316"
"경기도","여주시","2024","01","17","4082950","2120"
"경기도","여주시","2024","01","18","4819237","2427"
"경기도","여주시","2024","01","19","4741329","2463"
"경기도","여주시","2024","01","20","4575458","2265"
"경기도","여주시","2024","01","21","6303766","2994"
"경기도","여주시","2024","01","22","4371550","2223"
"경기도","여주시","2024","01","23","3942008","1971"
"경기도","여주시","2024","01","24","4370037","2216"
"경기도","여주시","2024","01","25","4578500","2255"
"경기도","여주시","2024","01","26","4428358","2282"
"경기도","여주시","2024","01","27","4802510","2402"
"경기도","여주시","2024","01","28","6138787","2958"
"경기도","여주시","2024","01","29","4408129","2252"
"경기도","여주시","2024","01","30","4699000","2335"
"경기도","여주시","2024","01","31","4699150","2421"
"경기도","연천군","2024","01","01","110450","55"
"경기도","연천군","2024","01","02","95500","42"
"경기도","연천군","2024","01","03","74900","42"
"경기도","연천군","2024","01","04","63300","41"
"경기도","연천군","2024","01","05","67200","42"
"경기도","연천군","2024","01","06","65250","41"
"경기도","연천군","2024","01","07","89150","55"
"경기도","연천군","2024","01","08","82450","46"
"경기도","연천군","2024","01","09","60500","36"
"경기도","연천군","2024","01","10","45800","36"
"경기도","연천군","2024","01","11","89000","47"
"경기도","연천군","2024","01","12","62950","37"
"경기도","연천군","2024","01","13","95150","49"
"경기도","연천군","2024","01","14","81850","50"
"경기도","연천군","2024","01","15","76550","44"
"경기도","연천군","2024","01","16","53400","28"
"경기도","연천군","2024","01","17","60650","31"
"경기도","연천군","2024","01","18","61700","47"
"경기도","연천군","2024","01","19","58400","32"
"경기도","연천군","2024","01","20","111900","57"
"경기도","연천군","2024","01","21","101200","52"
"경기도","연천군","2024","01","22","61550","43"
"경기도","연천군","2024","01","23","55150","28"
"경기도","연천군","2024","01","24","52950","33"
"경기도","연천군","2024","01","25","115900","54"
"경기도","연천군","2024","01","26","67150","40"
"경기도","연천군","2024","01","27","61000","39"
"경기도","연천군","2024","01","28","111400","53"
"경기도","연천군","2024","01","29","59100","39"
"경기도","연천군","2024","01","30","71050","38"
"경기도","연천군","2024","01","31","80250","40"
"경기도","오산시","2024","01","01","27952040","14927"
"경기도","오산시","2024","01","02","24176300","13233"
"경기도","오산시","2024","01","03","22916060","13072"
"경기도","오산시","2024","01","04","20910400","12295"
"경기도","오산시","2024","01","05","19992460","11853"
"경기도","오산시","2024","01","06","21399000","12026"
"경기도","오산시","2024","01","07","28373350","15217"
"경기도","오산시","2024","01","08","22653350","12727"
"경기도","오산시","2024","01","09","19522250","11419"
"경기도","오산시","2024","01","10","22768400","13213"
"경기도","오산시","2024","01","11","20214810","11983"
"경기도","오산시","2024","01","12","20094280","11885"
"경기도","오산시","2024","01","13","21967950","12349"
"경기도","오산시","2024","01","14","27622800","14846"
"경기도","오산시","2024","01","15","22632950","12579"
"경기도","오산시","2024","01","16","20548450","12046"
"경기도","오산시","2024","01","17","18960450","11331"
"경기도","오산시","2024","01","18","22190550","12878"
"경기도","오산시","2024","01","19","20159550","12073"
"경기도","오산시","2024","01","20","19489650","11095"
"경기도","오산시","2024","01","21","27760300","15191"
"경기도","오산시","2024","01","22","19612250","11196"
"경기도","오산시","2024","01","23","17384500","10795"
"경기도","오산시","2024","01","24","20496300","12410"
"경기도","오산시","2024","01","25","17793350","10942"
"경기도","오산시","2024","01","26","19224050","11393"
"경기도","오산시","2024","01","27","20180900","11496"
"경기도","오산시","2024","01","28","27169300","15061"
"경기도","오산시","2024","01","29","19891650","11380"
"경기도","오산시","2024","01","30","20620650","12157"
"경기도","오산시","2024","01","31","21124640","12643"
"경기도","용인시","2024","01","01","123792600","69280"
"경기도","용인시","2024","01","02","105816350","61296"
"경기도","용인시","2024","01","03","94227300","57235"
"경기도","용인시","2024","01","04","96246550","59051"
"경기도","용인시","2024","01","05","87765000","53979"
"경기도","용인시","2024","01","06","92536900","54853"
"경기도","용인시","2024","01","07","117812250","67826"
"경기도","용인시","2024","01","08","103854000","61477"
"경기도","용인시","2024","01","09","84665800","51469"
"경기도","용인시","2024","01","10","97993950","60034"
"경기도","용인시","2024","01","11","94547500","57723"
"경기도","용인시","2024","01","12","86665100","53863"
"경기도","용인시","2024","01","13","93583150","55429"
"경기도","용인시","2024","01","14","114811300","65661"
"경기도","용인시","2024","01","15","102861600","61322"
"경기도","용인시","2024","01","16","92708450","57589"
"경기도","용인시","2024","01","17","80486600","50392"
"경기도","용인시","2024","01","18","101015450","62382"
"경기도","용인시","2024","01","19","86921950","54411"
"경기도","용인시","2024","01","20","84386350","50606"
"경기도","용인시","2024","01","21","121172200","70164"
"경기도","용인시","2024","01","22","92409649","56085"
"경기도","용인시","2024","01","23","78312250","50129"
"경기도","용인시","2024","01","24","87388050","54786"
"경기도","용인시","2024","01","25","86542100","54119"
"경기도","용인시","2024","01","26","83813750","52849"
"경기도","용인시","2024","01","27","88016700","53021"
"경기도","용인시","2024","01","28","115397950","67535"
"경기도","용인시","2024","01","29","95066200","57316"
"경기도","용인시","2024","01","30","92936650","57849"
"경기도","용인시","2024","01","31","91412050","57431"
"경기도","의왕시","2024","01","01","34893100","6820"
"경기도","의왕시","2024","01","02","20187350","5918"
"경기도","의왕시","2024","01","03","23154100","5499"
"경기도","의왕시","2024","01","04","15862150","5338"
"경기도","의왕시","2024","01","05","20239400","5260"
"경기도","의왕시","2024","01","06","17188700","5413"
"경기도","의왕시","2024","01","07","10364200","6345"
"경기도","의왕시","2024","01","08","29954900","5813"
"경기도","의왕시","2024","01","09","16520000","4904"
"경기도","의왕시","2024","01","10","18838700","5650"
"경기도","의왕시","2024","01","11","17273750","5246"
"경기도","의왕시","2024","01","12","19157250","5335"
"경기도","의왕시","2024","01","13","16040250","5419"
"경기도","의왕시","2024","01","14","10097000","6222"
"경기도","의왕시","2024","01","15","29032300","5749"
"경기도","의왕시","2024","01","16","16828850","5406"
"경기도","의왕시","2024","01","17","19283200","4796"
"경기도","의왕시","2024","01","18","14991750","5573"
"경기도","의왕시","2024","01","19","18702150","5325"
"경기도","의왕시","2024","01","20","14462200","4758"
"경기도","의왕시","2024","01","21","10269050","6501"
"경기도","의왕시","2024","01","22","28018750","5270"
"경기도","의왕시","2024","01","23","14407420","4670"
"경기도","의왕시","2024","01","24","17765050","5057"
"경기도","의왕시","2024","01","25","14658150","4969"
"경기도","의왕시","2024","01","26","19270500","5095"
"경기도","의왕시","2024","01","27","15716850","5225"
"경기도","의왕시","2024","01","28","10146600","6368"
"경기도","의왕시","2024","01","29","29470900","5527"
"경기도","의왕시","2024","01","30","17072250","5310"
"경기도","의왕시","2024","01","31","20626950","5386"
"경기도","의정부시","2024","01","01","14902600","8463"
"경기도","의정부시","2024","01","02","11831950","6883"
"경기도","의정부시","2024","01","03","10468250","6412"
"경기도","의정부시","2024","01","04","11036050","6870"
"경기도","의정부시","2024","01","05","9693500","6016"
"경기도","의정부시","2024","01","06","10436100","6229"
"경기도","의정부시","2024","01","07","13659550","8097"
"경기도","의정부시","2024","01","08","11869200","6920"
"경기도","의정부시","2024","01","09","9851200","6037"
"경기도","의정부시","2024","01","10","10706600","6524"
"경기도","의정부시","2024","01","11","10601150","6653"
"경기도","의정부시","2024","01","12","9741650","6094"
"경기도","의정부시","2024","01","13","9963650","6189"
"경기도","의정부시","2024","01","14","12938000","7669"
"경기도","의정부시","2024","01","15","11307400","6873"
"경기도","의정부시","2024","01","16","10191350","6271"
"경기도","의정부시","2024","01","17","9093900","5730"
"경기도","의정부시","2024","01","18","10876250","6846"
"경기도","의정부시","2024","01","19","9661350","6085"
"경기도","의정부시","2024","01","20","9705950","5921"
"경기도","의정부시","2024","01","21","14052900","8331"
"경기도","의정부시","2024","01","22","10012050","6216"
"경기도","의정부시","2024","01","23","8847150","5591"
"경기도","의정부시","2024","01","24","10159300","6183"
"경기도","의정부시","2024","01","25","10095000","6377"
"경기도","의정부시","2024","01","26","9317050","5847"
"경기도","의정부시","2024","01","27","9980850","6010"
"경기도","의정부시","2024","01","28","13471250","8110"
"경기도","의정부시","2024","01","29","10761050","6657"
"경기도","의정부시","2024","01","30","9760700","6114"
"경기도","의정부시","2024","01","31","10057450","6316"
"경기도","이천시","2024","01","01","16779550","7725"
"경기도","이천시","2024","01","02","14202550","6898"
"경기도","이천시","2024","01","03","12514700","6350"
"경기도","이천시","2024","01","04","12948050","6581"
"경기도","이천시","2024","01","05","11884600","6156"
"경기도","이천시","2024","01","06","13336450","6542"
"경기도","이천시","2024","01","07","16034600","7628"
"경기도","이천시","2024","01","08","13405000","6704"
"경기도","이천시","2024","01","09","11179900","5766"
"경기도","이천시","2024","01","10","12996100","6636"
"경기도","이천시","2024","01","11","12113800","6326"
"경기도","이천시","2024","01","12","11686400","6196"
"경기도","이천시","2024","01","13","12938750","6303"
"경기도","이천시","2024","01","14","14485200","7157"
"경기도","이천시","2024","01","15","13459650","6780"
"경기도","이천시","2024","01","16","12196200","6252"
"경기도","이천시","2024","01","17","10829650","5621"
"경기도","이천시","2024","01","18","13025900","6650"
"경기도","이천시","2024","01","19","11705900","6236"
"경기도","이천시","2024","01","20","11783650","5836"
"경기도","이천시","2024","01","21","17168600","8195"
"경기도","이천시","2024","01","22","11955400","6068"
"경기도","이천시","2024","01","23","10356650","5492"
"경기도","이천시","2024","01","24","11311350","5961"
"경기도","이천시","2024","01","25","11911550","6165"
"경기도","이천시","2024","01","26","11706800","6000"
"경기도","이천시","2024","01","27","12571300","6230"
"경기도","이천시","2024","01","28","15551750","7531"
"경기도","이천시","2024","01","29","13192850","6594"
"경기도","이천시","2024","01","30","11754700","6089"
"경기도","이천시","2024","01","31","11870450","6336"
"경기도","파주시","2024","01","01","31256000","17051"
"경기도","파주시","2024","01","02","29249800","16641"
"경기도","파주시","2024","01","03","25285150","15095"
"경기도","파주시","2024","01","04","24823050","15128"
"경기도","파주시","2024","01","05","24063250","14707"
"경기도","파주시","2024","01","06","24389000","14440"
"경기도","파주시","2024","01","07","29565150","16625"
"경기도","파주시","2024","01","08","26852150","15922"
"경기도","파주시","2024","01","09","24363850","15057"
"경기도","파주시","2024","01","10","24934200","15130"
"경기도","파주시","2024","01","11","25057400","15220"
"경기도","파주시","2024","01","12","23154200","14457"
"경기도","파주시","2024","01","13","24272450","14468"
"경기도","파주시","2024","01","14","28260050","16011"
"경기도","파주시","2024","01","15","26766500","15762"
"경기도","파주시","2024","01","16","25265250","15498"
"경기도","파주시","2024","01","17","21716550","13451"
"경기도","파주시","2024","01","18","25802700","15842"
"경기도","파주시","2024","01","19","23934000","14996"
"경기도","파주시","2024","01","20","23506150","13989"
"경기도","파주시","2024","01","21","30436350","17604"
"경기도","파주시","2024","01","22","23991800","14491"
"경기도","파주시","2024","01","23","21699300","13706"
"경기도","파주시","2024","01","24","22640500","14167"
"경기도","파주시","2024","01","25","23282200","14503"
"경기도","파주시","2024","01","26","22976650","14349"
"경기도","파주시","2024","01","27","23524500","14063"
"경기도","파주시","2024","01","28","29932500","17140"
"경기도","파주시","2024","01","29","26153450","15663"
"경기도","파주시","2024","01","30","25475750","15872"
"경기도","파주시","2024","01","31","24200850","15030"
"경기도","평택시","2024","01","01","16610850","8810"
"경기도","평택시","2024","01","02","13152200","7252"
"경기도","평택시","2024","01","03","12909100","7208"
"경기도","평택시","2024","01","04","12341300","7251"
"경기도","평택시","2024","01","05","11457800","6876"
"경기도","평택시","2024","01","06","12784700","7202"
"경기도","평택시","2024","01","07","16243650","8736"
"경기도","평택시","2024","01","08","13794250","7641"
"경기도","평택시","2024","01","09","10919150","6403"
"경기도","평택시","2024","01","10","12651400","7209"
"경기도","평택시","2024","01","11","12151750","7077"
"경기도","평택시","2024","01","12","11746800","6893"
"경기도","평택시","2024","01","13","12445600","7023"
"경기도","평택시","2024","01","14","14920350","8308"
"경기도","평택시","2024","01","15","13447450","7573"
"경기도","평택시","2024","01","16","11582950","6909"
"경기도","평택시","2024","01","17","9866700","5884"
"경기도","평택시","2024","01","18","13252300","7651"
"경기도","평택시","2024","01","19","11533750","6967"
"경기도","평택시","2024","01","20","10956400","6381"
"경기도","평택시","2024","01","21","16121350","8861"
"경기도","평택시","2024","01","22","11560200","6563"
"경기도","평택시","2024","01","23","10274000","6095"
"경기도","평택시","2024","01","24","11504500","6690"
"경기도","평택시","2024","01","25","11444150","6631"
"경기도","평택시","2024","01","26","11353050","6742"
"경기도","평택시","2024","01","27","11759800","6775"
"경기도","평택시","2024","01","28","15628300","8564"
"경기도","평택시","2024","01","29","12090250","6863"
"경기도","평택시","2024","01","30","12045850","6944"
"경기도","평택시","2024","01","31","11651000","6923"
"경기도","포천시","2024","01","01","7957500","4010"
"경기도","포천시","2024","01","02","6357100","3526"
"경기도","포천시","2024","01","03","5742500","3184"
"경기도","포천시","2024","01","04","5586100","3292"
"경기도","포천시","2024","01","05","5594250","3274"
"경기도","포천시","2024","01","06","6686800","3657"
"경기도","포천시","2024","01","07","7209850","3780"
"경기도","포천시","2024","01","08","6289450","3489"
"경기도","포천시","2024","01","09","5259800","3028"
"경기도","포천시","2024","01","10","5873600","3296"
"경기도","포천시","2024","01","11","5452400","3300"
"경기도","포천시","2024","01","12","5732450","3339"
"경기도","포천시","2024","01","13","6302600","3497"
"경기도","포천시","2024","01","14","6830350","3633"
"경기도","포천시","2024","01","15","5683400","3193"
"경기도","포천시","2024","01","16","5576750","3299"
"경기도","포천시","2024","01","17","4917150","2878"
"경기도","포천시","2024","01","18","5847550","3417"
"경기도","포천시","2024","01","19","5656150","3344"
"경기도","포천시","2024","01","20","5975400","3353"
"경기도","포천시","2024","01","21","7410300","3948"
"경기도","포천시","2024","01","22","5222200","3022"
"경기도","포천시","2024","01","23","4788450","2837"
"경기도","포천시","2024","01","24","4888000","2932"
"경기도","포천시","2024","01","25","5366450","3118"
"경기도","포천시","2024","01","26","5455200","3250"
"경기도","포천시","2024","01","27","5906750","3310"
"경기도","포천시","2024","01","28","7185500","3841"
"경기도","포천시","2024","01","29","5623250","3128"
"경기도","포천시","2024","01","30","5503400","3166"
"경기도","포천시","2024","01","31","5392600","3242"
"경기도","하남시","2024","01","01","65731200","4627"
"경기도","하남시","2024","01","02","53171200","3432"
"경기도","하남시","2024","01","03","50014200","3613"
"경기도","하남시","2024","01","04","39513850","3906"
"경기도","하남시","2024","01","05","49408400","3196"
"경기도","하남시","2024","01","06","32841100","3125"
"경기도","하남시","2024","01","07","29712350","3881"
"경기도","하남시","2024","01","08","64465100","4260"
"경기도","하남시","2024","01","09","50033300","3032"
"경기도","하남시","2024","01","10","45210850","3591"
"경기도","하남시","2024","01","11","39201000","3809"
"경기도","하남시","2024","01","12","47929400","3204"
"경기도","하남시","2024","01","13","31745900","3006"
"경기도","하남시","2024","01","14","34641550","3807"
"경기도","하남시","2024","01","15","62382450","4273"
"경기도","하남시","2024","01","16","49216300","3228"
"경기도","하남시","2024","01","17","45177350","3217"
"경기도","하남시","2024","01","18","37577300","3868"
"경기도","하남시","2024","01","19","46373100","3213"
"경기도","하남시","2024","01","20","31556250","2763"
"경기도","하남시","2024","01","21","29189500","3990"
"경기도","하남시","2024","01","22","61721750","4068"
"경기도","하남시","2024","01","23","47382600","2964"
"경기도","하남시","2024","01","24","42269650","3470"
"경기도","하남시","2024","01","25","37824700","3735"
"경기도","하남시","2024","01","26","46906900","3125"
"경기도","하남시","2024","01","27","31683000","2966"
"경기도","하남시","2024","01","28","30230200","3856"
"경기도","하남시","2024","01","29","64223050","4131"
"경기도","하남시","2024","01","30","50100800","3163"
"경기도","하남시","2024","01","31","45132300","3492"
"경기도","화성시","2024","01","01","116553410","61750"
"경기도","화성시","2024","01","02","92501490","50277"
"경기도","화성시","2024","01","03","82212340","46401"
"경기도","화성시","2024","01","04","84415000","48117"
"경기도","화성시","2024","01","05","78007250","44626"
"경기도","화성시","2024","01","06","84412480","46741"
"경기도","화성시","2024","01","07","119667970","64266"
"경기도","화성시","2024","01","08","91222688","49572"
"경기도","화성시","2024","01","09","77256086","43475"
"경기도","화성시","2024","01","10","84535376","48044"
"경기도","화성시","2024","01","11","82870272","47041"
"경기도","화성시","2024","01","12","77058486","44261"
"경기도","화성시","2024","01","13","83835791","46454"
"경기도","화성시","2024","01","14","114170308","62043"
"경기도","화성시","2024","01","15","90497953","49759"
"경기도","화성시","2024","01","16","80774468","46281"
"경기도","화성시","2024","01","17","70432282","40401"
"경기도","화성시","2024","01","18","89261712","50700"
"경기도","화성시","2024","01","19","77412716","44926"
"경기도","화성시","2024","01","20","75016380","42088"
"경기도","화성시","2024","01","21","118513240","64503"
"경기도","화성시","2024","01","22","78836260","43698"
"경기도","화성시","2024","01","23","71805072","40822"
"경기도","화성시","2024","01","24","77053080","43899"
"경기도","화성시","2024","01","25","78009430","44605"
"경기도","화성시","2024","01","26","75902980","43576"
"경기도","화성시","2024","01","27","80310890","44398"
"경기도","화성시","2024","01","28","114927283","62251"
"경기도","화성시","2024","01","29","83138375","46514"
"경기도","화성시","2024","01","30","80108881","46074"
"경기도","화성시","2024","01","31","76906205","45128"
"경상남도","거제시","2024","01","01","5330750","2974"
"경상남도","거제시","2024","01","02","5001150","2838"
"경상남도","거제시","2024","01","03","4394150","2646"
"경상남도","거제시","2024","01","04","4511800","2728"
"경상남도","거제시","2024","01","05","4380950","2772"
"경상남도","거제시","2024","01","06","3904300","2364"
"경상남도","거제시","2024","01","07","5602450","3117"
"경상남도","거제시","2024","01","08","4639400","2748"
"경상남도","거제시","2024","01","09","4033050","2556"
"경상남도","거제시","2024","01","10","4407500","2708"
"경상남도","거제시","2024","01","11","4184250","2637"
"경상남도","거제시","2024","01","12","4288350","2687"
"경상남도","거제시","2024","01","13","3978500","2409"
"경상남도","거제시","2024","01","14","5538200","3206"
"경상남도","거제시","2024","01","15","4392300","2650"
"경상남도","거제시","2024","01","16","4278600","2706"
"경상남도","거제시","2024","01","17","4417500","2660"
"경상남도","거제시","2024","01","18","3497600","2230"
"경상남도","거제시","2024","01","19","4261850","2780"
"경상남도","거제시","2024","01","20","3251150","1922"
"경상남도","거제시","2024","01","21","6419350","3589"
"경상남도","거제시","2024","01","22","4385050","2592"
"경상남도","거제시","2024","01","23","3614350","2293"
"경상남도","거제시","2024","01","24","4029600","2496"
"경상남도","거제시","2024","01","25","3827600","2458"
"경상남도","거제시","2024","01","26","4141600","2615"
"경상남도","거제시","2024","01","27","3849300","2362"
"경상남도","거제시","2024","01","28","5183300","3013"
"경상남도","거제시","2024","01","29","4299150","2653"
"경상남도","거제시","2024","01","30","4029700","2580"
"경상남도","거제시","2024","01","31","3655150","2461"
"경상남도","거창군","2024","01","01","535900","293"
"경상남도","거창군","2024","01","02","472650","258"
"경상남도","거창군","2024","01","03","470500","240"
"경상남도","거창군","2024","01","04","384400","231"
"경상남도","거창군","2024","01","05","415200","246"
"경상남도","거창군","2024","01","06","447200","233"
"경상남도","거창군","2024","01","07","502600","233"
"경상남도","거창군","2024","01","08","414300","255"
"경상남도","거창군","2024","01","09","349850","209"
"경상남도","거창군","2024","01","10","495800","235"
"경상남도","거창군","2024","01","11","353100","232"
"경상남도","거창군","2024","01","12","396100","229"
"경상남도","거창군","2024","01","13","485850","243"
"경상남도","거창군","2024","01","14","447300","246"
"경상남도","거창군","2024","01","15","431000","249"
"경상남도","거창군","2024","01","16","370950","220"
"경상남도","거창군","2024","01","17","311800","201"
"경상남도","거창군","2024","01","18","450350","243"
"경상남도","거창군","2024","01","19","413650","242"
"경상남도","거창군","2024","01","20","338700","181"
"경상남도","거창군","2024","01","21","514950","256"
"경상남도","거창군","2024","01","22","422050","239"
"경상남도","거창군","2024","01","23","301300","194"
"경상남도","거창군","2024","01","24","426350","234"
"경상남도","거창군","2024","01","25","341000","210"
"경상남도","거창군","2024","01","26","382150","220"
"경상남도","거창군","2024","01","27","404300","226"
"경상남도","거창군","2024","01","28","453650","239"
"경상남도","거창군","2024","01","29","371850","219"
"경상남도","거창군","2024","01","30","410350","233"
"경상남도","거창군","2024","01","31","392200","223"
"경상남도","고성군","2024","01","01","1729600","770"
"경상남도","고성군","2024","01","02","1530200","723"
"경상남도","고성군","2024","01","03","1276250","668"
"경상남도","고성군","2024","01","04","1301600","631"
"경상남도","고성군","2024","01","05","1140950","623"
"경상남도","고성군","2024","01","06","1238850","643"
"경상남도","고성군","2024","01","07","1550500","730"
"경상남도","고성군","2024","01","08","1308700","630"
"경상남도","고성군","2024","01","09","1084550","582"
"경상남도","고성군","2024","01","10","1059900","576"
"경상남도","고성군","2024","01","11","1214200","653"
"경상남도","고성군","2024","01","12","1200500","609"
"경상남도","고성군","2024","01","13","1105700","560"
"경상남도","고성군","2024","01","14","1579550","740"
"경상남도","고성군","2024","01","15","1160500","613"
"경상남도","고성군","2024","01","16","1168250","630"
"경상남도","고성군","2024","01","17","1150250","627"
"경상남도","고성군","2024","01","18","995100","537"
"경상남도","고성군","2024","01","19","1236350","687"
"경상남도","고성군","2024","01","20","996300","494"
"경상남도","고성군","2024","01","21","1705650","830"
"경상남도","고성군","2024","01","22","1205600","677"
"경상남도","고성군","2024","01","23","963200","509"
"경상남도","고성군","2024","01","24","999100","574"
"경상남도","고성군","2024","01","25","1008100","549"
"경상남도","고성군","2024","01","26","1101550","605"
"경상남도","고성군","2024","01","27","1244200","615"
"경상남도","고성군","2024","01","28","1447750","715"
"경상남도","고성군","2024","01","29","1221100","654"
"경상남도","고성군","2024","01","30","1099550","611"
"경상남도","고성군","2024","01","31","1115950","597"
"경상남도","김해시","2024","01","01","56245200","33859"
"경상남도","김해시","2024","01","02","51434000","32821"
"경상남도","김해시","2024","01","03","47377300","31410"
"경상남도","김해시","2024","01","04","46855000","31339"
"경상남도","김해시","2024","01","05","43563850","29740"
"경상남도","김해시","2024","01","06","44677950","29092"
"경상남도","김해시","2024","01","07","53966550","33215"
"경상남도","김해시","2024","01","08","48681650","31611"
"경상남도","김해시","2024","01","09","43277050","29248"
"경상남도","김해시","2024","01","10","45571000","31110"
"경상남도","김해시","2024","01","11","43823400","30393"
"경상남도","김해시","2024","01","12","42248600","29331"
"경상남도","김해시","2024","01","13","42838800","28410"
"경상남도","김해시","2024","01","14","54851950","34000"
"경상남도","김해시","2024","01","15","47345750","31175"
"경상남도","김해시","2024","01","16","43508650","29879"
"경상남도","김해시","2024","01","17","43889100","30556"
"경상남도","김해시","2024","01","18","37174300","25735"
"경상남도","김해시","2024","01","19","46291150","31507"
"경상남도","김해시","2024","01","20","36739450","23870"
"경상남도","김해시","2024","01","21","58918250","36020"
"경상남도","김해시","2024","01","22","46203450","30286"
"경상남도","김해시","2024","01","23","37650900","25964"
"경상남도","김해시","2024","01","24","42536550","29328"
"경상남도","김해시","2024","01","25","40645350","28044"
"경상남도","김해시","2024","01","26","40885050","28296"
"경상남도","김해시","2024","01","27","41574300","27487"
"경상남도","김해시","2024","01","28","51346350","32006"
"경상남도","김해시","2024","01","29","44497400","29712"
"경상남도","김해시","2024","01","30","42396700","29294"
"경상남도","김해시","2024","01","31","42309700","29817"
"경상남도","양산시","2024","01","01","31338780","19667"
"경상남도","양산시","2024","01","02","28930700","18941"
"경상남도","양산시","2024","01","03","26522080","18113"
"경상남도","양산시","2024","01","04","26359550","18127"
"경상남도","양산시","2024","01","05","25075350","17665"
"경상남도","양산시","2024","01","06","25665200","17352"
"경상남도","양산시","2024","01","07","30884710","19670"
"경상남도","양산시","2024","01","08","27382350","18400"
"경상남도","양산시","2024","01","09","24098590","16876"
"경상남도","양산시","2024","01","10","25830100","18037"
"경상남도","양산시","2024","01","11","25312950","17999"
"경상남도","양산시","2024","01","12","24438800","17200"
"경상남도","양산시","2024","01","13","24681550","17009"
"경상남도","양산시","2024","01","14","30583010","19803"
"경상남도","양산시","2024","01","15","27422000","18598"
"경상남도","양산시","2024","01","16","25075800","17621"
"경상남도","양산시","2024","01","17","25025810","17947"
"경상남도","양산시","2024","01","18","20066590","14219"
"경상남도","양산시","2024","01","19","26055600","18099"
"경상남도","양산시","2024","01","20","19973550","13047"
"경상남도","양산시","2024","01","21","35695660","22193"
"경상남도","양산시","2024","01","22","27322850","18324"
"경상남도","양산시","2024","01","23","21411900","14993"
"경상남도","양산시","2024","01","24","23460000","16666"
"경상남도","양산시","2024","01","25","23323950","16506"
"경상남도","양산시","2024","01","26","23559010","16816"
"경상남도","양산시","2024","01","27","24173690","16454"
"경상남도","양산시","2024","01","28","29489500","18927"
"경상남도","양산시","2024","01","29","26286350","18065"
"경상남도","양산시","2024","01","30","23690700","17009"
"경상남도","양산시","2024","01","31","24203450","17381"
"경상남도","의령군","2024","01","01","167950","83"
"경상남도","의령군","2024","01","02","207800","90"
"경상남도","의령군","2024","01","03","107550","57"
"경상남도","의령군","2024","01","04","139800","81"
"경상남도","의령군","2024","01","05","138700","69"
"경상남도","의령군","2024","01","06","192650","83"
"경상남도","의령군","2024","01","07","175300","90"
"경상남도","의령군","2024","01","08","157150","79"
"경상남도","의령군","2024","01","09","132900","76"
"경상남도","의령군","2024","01","10","177750","84"
"경상남도","의령군","2024","01","11","115400","69"
"경상남도","의령군","2024","01","12","149650","78"
"경상남도","의령군","2024","01","13","175550","81"
"경상남도","의령군","2024","01","14","212800","94"
"경상남도","의령군","2024","01","15","135350","70"
"경상남도","의령군","2024","01","16","162250","75"
"경상남도","의령군","2024","01","17","159350","69"
"경상남도","의령군","2024","01","18","138200","77"
"경상남도","의령군","2024","01","19","145400","69"
"경상남도","의령군","2024","01","20","97050","52"
"경상남도","의령군","2024","01","21","198600","99"
"경상남도","의령군","2024","01","22","141800","73"
"경상남도","의령군","2024","01","23","119150","52"
"경상남도","의령군","2024","01","24","123450","64"
"경상남도","의령군","2024","01","25","160900","68"
"경상남도","의령군","2024","01","26","104200","60"
"경상남도","의령군","2024","01","27","116100","66"
"경상남도","의령군","2024","01","28","208950","88"
"경상남도","의령군","2024","01","29","155250","78"
"경상남도","의령군","2024","01","30","164900","81"
"경상남도","의령군","2024","01","31","128300","69"
"경상남도","진주시","2024","01","01","24263200","13580"
"경상남도","진주시","2024","01","02","21691100","12734"
"경상남도","진주시","2024","01","03","19509100","11807"
"경상남도","진주시","2024","01","04","19499600","12058"
"경상남도","진주시","2024","01","05","18846400","11781"
"경상남도","진주시","2024","01","06","19333250","11586"
"경상남도","진주시","2024","01","07","23359800","13273"
"경상남도","진주시","2024","01","08","20751900","12222"
"경상남도","진주시","2024","01","09","17346550","10892"
"경상남도","진주시","2024","01","10","18666100","11746"
"경상남도","진주시","2024","01","11","18136300","11406"
"경상남도","진주시","2024","01","12","18118000","11498"
"경상남도","진주시","2024","01","13","19131000","11523"
"경상남도","진주시","2024","01","14","23944450","13651"
"경상남도","진주시","2024","01","15","19644100","11859"
"경상남도","진주시","2024","01","16","18532400","11602"
"경상남도","진주시","2024","01","17","17726050","11352"
"경상남도","진주시","2024","01","18","16103800","10171"
"경상남도","진주시","2024","01","19","19791650","12597"
"경상남도","진주시","2024","01","20","15348000","9275"
"경상남도","진주시","2024","01","21","26415300","14835"
"경상남도","진주시","2024","01","22","18162600","11176"
"경상남도","진주시","2024","01","23","16850950","10582"
"경상남도","진주시","2024","01","24","17528750","11045"
"경상남도","진주시","2024","01","25","17174200","10945"
"경상남도","진주시","2024","01","26","17403450","11135"
"경상남도","진주시","2024","01","27","18139650","11001"
"경상남도","진주시","2024","01","28","22321800","13011"
"경상남도","진주시","2024","01","29","18302100","11204"
"경상남도","진주시","2024","01","30","17797000","11520"
"경상남도","진주시","2024","01","31","17954300","11398"
"경상남도","창녕군","2024","01","01","5228550","1994"
"경상남도","창녕군","2024","01","02","5812000","2315"
"경상남도","창녕군","2024","01","03","5045200","2078"
"경상남도","창녕군","2024","01","04","5129850","2096"
"경상남도","창녕군","2024","01","05","4955450","2050"
"경상남도","창녕군","2024","01","06","4909150","2050"
"경상남도","창녕군","2024","01","07","5113850","2032"
"경상남도","창녕군","2024","01","08","5100300","2098"
"경상남도","창녕군","2024","01","09","4387500","1895"
"경상남도","창녕군","2024","01","10","4812250","1981"
"경상남도","창녕군","2024","01","11","4856550","1966"
"경상남도","창녕군","2024","01","12","4852000","2067"
"경상남도","창녕군","2024","01","13","4889000","2045"
"경상남도","창녕군","2024","01","14","5566800","2190"
"경상남도","창녕군","2024","01","15","4820750","2065"
"경상남도","창녕군","2024","01","16","4827950","1994"
"경상남도","창녕군","2024","01","17","4866620","2030"
"경상남도","창녕군","2024","01","18","4246000","1799"
"경상남도","창녕군","2024","01","19","4935250","2154"
"경상남도","창녕군","2024","01","20","3783300","1562"
"경상남도","창녕군","2024","01","21","6027950","2406"
"경상남도","창녕군","2024","01","22","5123500","2091"
"경상남도","창녕군","2024","01","23","4013150","1735"
"경상남도","창녕군","2024","01","24","4338600","1869"
"경상남도","창녕군","2024","01","25","4218350","1839"
"경상남도","창녕군","2024","01","26","4507900","1921"
"경상남도","창녕군","2024","01","27","5151900","2040"
"경상남도","창녕군","2024","01","28","5430400","2125"
"경상남도","창녕군","2024","01","29","4845150","1978"
"경상남도","창녕군","2024","01","30","4626800","2000"
"경상남도","창녕군","2024","01","31","4623600","2013"
"경상남도","창원시","2024","01","01","7179000","4322"
"경상남도","창원시","2024","01","02","6431550","4021"
"경상남도","창원시","2024","01","03","5924600","3724"
"경상남도","창원시","2024","01","04","5811250","3794"
"경상남도","창원시","2024","01","05","5522000","3711"
"경상남도","창원시","2024","01","06","6025450","3767"
"경상남도","창원시","2024","01","07","7262000","4467"
"경상남도","창원시","2024","01","08","6106850","3840"
"경상남도","창원시","2024","01","09","5443650","3598"
"경상남도","창원시","2024","01","10","5686900","3806"
"경상남도","창원시","2024","01","11","5451350","3683"
"경상남도","창원시","2024","01","12","5263550","3512"
"경상남도","창원시","2024","01","13","5683900","3657"
"경상남도","창원시","2024","01","14","7300450","4550"
"경상남도","창원시","2024","01","15","5848550","3824"
"경상남도","창원시","2024","01","16","5448600","3684"
"경상남도","창원시","2024","01","17","5739700","3788"
"경상남도","창원시","2024","01","18","4806150","3162"
"경상남도","창원시","2024","01","19","5899250","3946"
"경상남도","창원시","2024","01","20","5186350","3123"
"경상남도","창원시","2024","01","21","7795950","4899"
"경상남도","창원시","2024","01","22","5652300","3729"
"경상남도","창원시","2024","01","23","5017900","3341"
"경상남도","창원시","2024","01","24","5599800","3690"
"경상남도","창원시","2024","01","25","4994150","3392"
"경상남도","창원시","2024","01","26","5296300","3592"
"경상남도","창원시","2024","01","27","5676350","3581"
"경상남도","창원시","2024","01","28","7000450","4365"
"경상남도","창원시","2024","01","29","6035100","3920"
"경상남도","창원시","2024","01","30","5466850","3702"
"경상남도","창원시","2024","01","31","5484500","3727"
"경상남도","통영시","2024","01","01","1195700","578"
"경상남도","통영시","2024","01","02","1125550","618"
"경상남도","통영시","2024","01","03","937750","504"
"경상남도","통영시","2024","01","04","872950","505"
"경상남도","통영시","2024","01","05","869600","487"
"경상남도","통영시","2024","01","06","987300","523"
"경상남도","통영시","2024","01","07","1091100","553"
"경상남도","통영시","2024","01","08","973400","514"
"경상남도","통영시","2024","01","09","922950","503"
"경상남도","통영시","2024","01","10","901800","509"
"경상남도","통영시","2024","01","11","861900","499"
"경상남도","통영시","2024","01","12","994050","521"
"경상남도","통영시","2024","01","13","852350","499"
"경상남도","통영시","2024","01","14","1097900","550"
"경상남도","통영시","2024","01","15","987800","518"
"경상남도","통영시","2024","01","16","947500","546"
"경상남도","통영시","2024","01","17","830800","482"
"경상남도","통영시","2024","01","18","720200","428"
"경상남도","통영시","2024","01","19","1002350","551"
"경상남도","통영시","2024","01","20","729600","419"
"경상남도","통영시","2024","01","21","1150750","594"
"경상남도","통영시","2024","01","22","930400","513"
"경상남도","통영시","2024","01","23","840550","475"
"경상남도","통영시","2024","01","24","732050","426"
"경상남도","통영시","2024","01","25","807500","472"
"경상남도","통영시","2024","01","26","868350","482"
"경상남도","통영시","2024","01","27","957450","502"
"경상남도","통영시","2024","01","28","1012950","529"
"경상남도","통영시","2024","01","29","837500","467"
"경상남도","통영시","2024","01","30","905700","523"
"경상남도","통영시","2024","01","31","726700","434"
"경상남도","하동군","2024","01","01","380000","166"
"경상남도","하동군","2024","01","02","311700","124"
"경상남도","하동군","2024","01","03","212150","128"
"경상남도","하동군","2024","01","04","303550","134"
"경상남도","하동군","2024","01","05","259500","151"
"경상남도","하동군","2024","01","06","248600","124"
"경상남도","하동군","2024","01","07","338350","163"
"경상남도","하동군","2024","01","08","329950","164"
"경상남도","하동군","2024","01","09","193100","108"
"경상남도","하동군","2024","01","10","242450","133"
"경상남도","하동군","2024","01","11","244450","121"
"경상남도","하동군","2024","01","12","310800","163"
"경상남도","하동군","2024","01","13","279500","140"
"경상남도","하동군","2024","01","14","328250","163"
"경상남도","하동군","2024","01","15","220300","133"
"경상남도","하동군","2024","01","16","238450","136"
"경상남도","하동군","2024","01","17","235700","122"
"경상남도","하동군","2024","01","18","224400","117"
"경상남도","하동군","2024","01","19","308650","163"
"경상남도","하동군","2024","01","20","213950","121"
"경상남도","하동군","2024","01","21","324350","170"
"경상남도","하동군","2024","01","22","225300","125"
"경상남도","하동군","2024","01","23","185400","111"
"경상남도","하동군","2024","01","24","249000","129"
"경상남도","하동군","2024","01","25","214950","127"
"경상남도","하동군","2024","01","26","188900","121"
"경상남도","하동군","2024","01","27","270300","136"
"경상남도","하동군","2024","01","28","289900","165"
"경상남도","하동군","2024","01","29","242050","134"
"경상남도","하동군","2024","01","30","253500","136"
"경상남도","하동군","2024","01","31","259400","138"
"경상남도","합천군","2024","01","01","2600","1"
"경상남도","합천군","2024","01","02","4050","1"
"경상남도","합천군","2024","01","03","7700","1"
"경상남도","합천군","2024","01","04","9600","2"
"경상남도","합천군","2024","01","05","12200","3"
"경상남도","합천군","2024","01","06","8600","2"
"경상남도","합천군","2024","01","07","11400","2"
"경상남도","합천군","2024","01","08","1500","1"
"경상남도","합천군","2024","01","09","12200","2"
"경상남도","합천군","2024","01","10","14300","5"
"경상남도","합천군","2024","01","11","12800","3"
"경상남도","합천군","2024","01","12","3850","1"
"경상남도","합천군","2024","01","14","11450","3"
"경상남도","합천군","2024","01","16","3150","3"
"경상남도","합천군","2024","01","17","15650","3"
"경상남도","합천군","2024","01","18","7900","2"
"경상남도","합천군","2024","01","19","9250","3"
"경상남도","합천군","2024","01","20","7900","2"
"경상남도","합천군","2024","01","21","17300","5"
"경상남도","합천군","2024","01","24","13450","3"
"경상남도","합천군","2024","01","25","8900","3"
"경상남도","합천군","2024","01","26","8100","2"
"경상남도","합천군","2024","01","27","13800","3"
"경상남도","합천군","2024","01","28","27950","3"
"경상남도","합천군","2024","01","29","1200","1"
"경상남도","합천군","2024","01","30","2850","1"
"경상남도","합천군","2024","01","31","11450","3"
"경상북도","경산시","2024","01","01","25668630","15420"
"경상북도","경산시","2024","01","02","22413620","14092"
"경상북도","경산시","2024","01","03","20293570","13131"
"경상북도","경산시","2024","01","04","21629670","13962"
"경상북도","경산시","2024","01","05","20222660","13385"
"경상북도","경산시","2024","01","06","20777730","13277"
"경상북도","경산시","2024","01","07","23762690","14179"
"경상북도","경산시","2024","01","08","22321170","13973"
"경상북도","경산시","2024","01","09","19993830","13126"
"경상북도","경산시","2024","01","10","19739870","13120"
"경상북도","경산시","2024","01","11","20084090","13375"
"경상북도","경산시","2024","01","12","20115770","13295"
"경상북도","경산시","2024","01","13","20850190","13379"
"경상북도","경산시","2024","01","14","24026170","14692"
"경상북도","경산시","2024","01","15","20656680","13417"
"경상북도","경산시","2024","01","16","19992220","13204"
"경상북도","경산시","2024","01","17","19120080","12945"
"경상북도","경산시","2024","01","18","19012000","12648"
"경상북도","경산시","2024","01","19","20768220","13681"
"경상북도","경산시","2024","01","20","17375170","11193"
"경상북도","경산시","2024","01","21","26505380","15923"
"경상북도","경산시","2024","01","22","20235520","13015"
"경상북도","경산시","2024","01","23","17360720","11617"
"경상북도","경산시","2024","01","24","18822960","12438"
"경상북도","경산시","2024","01","25","18601210","12456"
"경상북도","경산시","2024","01","26","19342930","13007"
"경상북도","경산시","2024","01","27","20408210","13115"
"경상북도","경산시","2024","01","28","22649010","14000"
"경상북도","경산시","2024","01","29","20033500","12925"
"경상북도","경산시","2024","01","30","19338560","13015"
"경상북도","경산시","2024","01","31","19560330","13209"
"경상북도","구미시","2024","01","01","41201050","22469"
"경상북도","구미시","2024","01","02","36636300","20655"
"경상북도","구미시","2024","01","03","32954300","19344"
"경상북도","구미시","2024","01","04","33270800","19751"
"경상북도","구미시","2024","01","05","32324400","19083"
"경상북도","구미시","2024","01","06","31921750","18453"
"경상북도","구미시","2024","01","07","37761800","20816"
"경상북도","구미시","2024","01","08","36226600","20589"
"경상북도","구미시","2024","01","09","31762515","18827"
"경상북도","구미시","2024","01","10","31384850","18506"
"경상북도","구미시","2024","01","11","31580800","18911"
"경상북도","구미시","2024","01","12","31967550","19156"
"경상북도","구미시","2024","01","13","31827950","18622"
"경상북도","구미시","2024","01","14","37224900","20760"
"경상북도","구미시","2024","01","15","33920650","19686"
"경상북도","구미시","2024","01","16","31533700","18848"
"경상북도","구미시","2024","01","17","28880000","17725"
"경상북도","구미시","2024","01","18","30850650","18418"
"경상북도","구미시","2024","01","19","33143100","19865"
"경상북도","구미시","2024","01","20","26792500","15478"
"경상북도","구미시","2024","01","21","41076750","22442"
"경상북도","구미시","2024","01","22","32388450","18624"
"경상북도","구미시","2024","01","23","26683550","16126"
"경상북도","구미시","2024","01","24","29135550","17747"
"경상북도","구미시","2024","01","25","29736400","17776"
"경상북도","구미시","2024","01","26","30357550","18415"
"경상북도","구미시","2024","01","27","31643050","18161"
"경상북도","구미시","2024","01","28","37524650","20720"
"경상북도","구미시","2024","01","29","30288750","17807"
"경상북도","구미시","2024","01","30","31619850","18896"
"경상북도","구미시","2024","01","31","30735650","18686"
"경상북도","김천시","2024","01","01","10696800","5977"
"경상북도","김천시","2024","01","02","9275100","5303"
"경상북도","김천시","2024","01","03","8126600","4977"
"경상북도","김천시","2024","01","04","8322850","5081"
"경상북도","김천시","2024","01","05","7932750","4925"
"경상북도","김천시","2024","01","06","8573600","4941"
"경상북도","김천시","2024","01","07","9617550","5430"
"경상북도","김천시","2024","01","08","8753200","5247"
"경상북도","김천시","2024","01","09","8232650","4830"
"경상북도","김천시","2024","01","10","7809200","4760"
"경상북도","김천시","2024","01","11","8184550","4980"
"경상북도","김천시","2024","01","12","7998650","4962"
"경상북도","김천시","2024","01","13","8539400","5054"
"경상북도","김천시","2024","01","14","9542400","5449"
"경상북도","김천시","2024","01","15","8455550","5033"
"경상북도","김천시","2024","01","16","8153950","4995"
"경상북도","김천시","2024","01","17","7401850","4598"
"경상북도","김천시","2024","01","18","7801300","4802"
"경상북도","김천시","2024","01","19","8225350","5151"
"경상북도","김천시","2024","01","20","6651350","3988"
"경상북도","김천시","2024","01","21","10631200","5943"
"경상북도","김천시","2024","01","22","7792250","4743"
"경상북도","김천시","2024","01","23","6629550","4109"
"경상북도","김천시","2024","01","24","7645500","4587"
"경상북도","김천시","2024","01","25","7530650","4566"
"경상북도","김천시","2024","01","26","8041700","4928"
"경상북도","김천시","2024","01","27","8181950","4828"
"경상북도","김천시","2024","01","28","9528850","5397"
"경상북도","김천시","2024","01","29","7740050","4601"
"경상북도","김천시","2024","01","30","7744800","4798"
"경상북도","김천시","2024","01","31","7920450","4873"
"경상북도","상주시","2024","01","01","3861700","1810"
"경상북도","상주시","2024","01","02","3229100","1613"
"경상북도","상주시","2024","01","03","2867600","1504"
"경상북도","상주시","2024","01","04","2740750","1490"
"경상북도","상주시","2024","01","05","2730300","1509"
"경상북도","상주시","2024","01","06","2773150","1465"
"경상북도","상주시","2024","01","07","3148000","1612"
"경상북도","상주시","2024","01","08","2869550","1548"
"경상북도","상주시","2024","01","09","2588850","1424"
"경상북도","상주시","2024","01","10","2818000","1484"
"경상북도","상주시","2024","01","11","2645850","1481"
"경상북도","상주시","2024","01","12","2789750","1458"
"경상북도","상주시","2024","01","13","2776700","1458"
"경상북도","상주시","2024","01","14","3239350","1549"
"경상북도","상주시","2024","01","15","2845750","1480"
"경상북도","상주시","2024","01","16","2761950","1464"
"경상북도","상주시","2024","01","17","2358900","1334"
"경상북도","상주시","2024","01","18","2823000","1486"
"경상북도","상주시","2024","01","19","2725250","1505"
"경상북도","상주시","2024","01","20","2320800","1235"
"경상북도","상주시","2024","01","21","3868850","1885"
"경상북도","상주시","2024","01","22","2546500","1380"
"경상북도","상주시","2024","01","23","2117600","1182"
"경상북도","상주시","2024","01","24","2418100","1337"
"경상북도","상주시","2024","01","25","2591100","1401"
"경상북도","상주시","2024","01","26","2639750","1444"
"경상북도","상주시","2024","01","27","2664850","1418"
"경상북도","상주시","2024","01","28","3333650","1663"
"경상북도","상주시","2024","01","29","2748050","1370"
"경상북도","상주시","2024","01","30","2740900","1451"
"경상북도","상주시","2024","01","31","2716450","1490"
"경상북도","성주군","2024","01","01","2520950","808"
"경상북도","성주군","2024","01","02","3329800","920"
"경상북도","성주군","2024","01","03","3276250","872"
"경상북도","성주군","2024","01","04","2900900","819"
"경상북도","성주군","2024","01","05","3208000","889"
"경상북도","성주군","2024","01","06","3150150","840"
"경상북도","성주군","2024","01","07","3048650","884"
"경상북도","성주군","2024","01","08","3139250","847"
"경상북도","성주군","2024","01","09","2952000","836"
"경상북도","성주군","2024","01","10","3041500","831"
"경상북도","성주군","2024","01","11","3035600","872"
"경상북도","성주군","2024","01","12","3316450","916"
"경상북도","성주군","2024","01","13","2679600","807"
"경상북도","성주군","2024","01","14","2605250","827"
"경상북도","성주군","2024","01","15","3009700","840"
"경상북도","성주군","2024","01","16","2887150","854"
"경상북도","성주군","2024","01","17","3278600","830"
"경상북도","성주군","2024","01","18","2955050","825"
"경상북도","성주군","2024","01","19","3085550","883"
"경상북도","성주군","2024","01","20","2401100","677"
"경상북도","성주군","2024","01","21","3150400","949"
"경상북도","성주군","2024","01","22","2946200","810"
"경상북도","성주군","2024","01","23","2515500","714"
"경상북도","성주군","2024","01","24","2962950","810"
"경상북도","성주군","2024","01","25","2969600","854"
"경상북도","성주군","2024","01","26","2937650","836"
"경상북도","성주군","2024","01","27","3087650","812"
"경상북도","성주군","2024","01","28","2589450","806"
"경상북도","성주군","2024","01","29","2846050","805"
"경상북도","성주군","2024","01","30","3005500","863"
"경상북도","성주군","2024","01","31","2962000","836"
"경상북도","안동시","2024","01","01","14691450","7367"
"경상북도","안동시","2024","01","02","13263700","6764"
"경상북도","안동시","2024","01","03","12967450","6524"
"경상북도","안동시","2024","01","04","12378900","6423"
"경상북도","안동시","2024","01","05","12415550","6375"
"경상북도","안동시","2024","01","06","12394450","6224"
"경상북도","안동시","2024","01","07","13243200","6738"
"경상북도","안동시","2024","01","08","13033400","6642"
"경상북도","안동시","2024","01","09","11363600","6039"
"경상북도","안동시","2024","01","10","12083350","6281"
"경상북도","안동시","2024","01","11","11888100","6227"
"경상북도","안동시","2024","01","12","11835950","6432"
"경상북도","안동시","2024","01","13","12163650","6251"
"경상북도","안동시","2024","01","14","12826800","6548"
"경상북도","안동시","2024","01","15","12846250","6471"
"경상북도","안동시","2024","01","16","11619950","6141"
"경상북도","안동시","2024","01","17","11134178","5971"
"경상북도","안동시","2024","01","18","11806550","6142"
"경상북도","안동시","2024","01","19","11968928","6504"
"경상북도","안동시","2024","01","20","10288300","5436"
"경상북도","안동시","2024","01","21","14311550","7356"
"경상북도","안동시","2024","01","22","11719400","5983"
"경상북도","안동시","2024","01","23","10170800","5223"
"경상북도","안동시","2024","01","24","11545850","6044"
"경상북도","안동시","2024","01","25","11032600","5861"
"경상북도","안동시","2024","01","26","11675900","6167"
"경상북도","안동시","2024","01","27","11499028","6066"
"경상북도","안동시","2024","01","28","13439950","6822"
"경상북도","안동시","2024","01","29","10895300","5655"
"경상북도","안동시","2024","01","30","11814100","6210"
"경상북도","안동시","2024","01","31","11890300","6179"
"경상북도","영덕군","2024","01","01","715600","264"
"경상북도","영덕군","2024","01","02","589600","227"
"경상북도","영덕군","2024","01","03","569750","229"
"경상북도","영덕군","2024","01","04","641700","266"
"경상북도","영덕군","2024","01","05","618800","258"
"경상북도","영덕군","2024","01","06","606200","231"
"경상북도","영덕군","2024","01","07","666150","254"
"경상북도","영덕군","2024","01","08","620350","247"
"경상북도","영덕군","2024","01","09","566500","236"
"경상북도","영덕군","2024","01","10","645750","239"
"경상북도","영덕군","2024","01","11","553100","212"
"경상북도","영덕군","2024","01","12","554000","232"
"경상북도","영덕군","2024","01","13","602450","228"
"경상북도","영덕군","2024","01","14","611000","270"
"경상북도","영덕군","2024","01","15","619300","257"
"경상북도","영덕군","2024","01","16","553150","215"
"경상북도","영덕군","2024","01","17","561950","244"
"경상북도","영덕군","2024","01","18","524500","218"
"경상북도","영덕군","2024","01","19","586400","249"
"경상북도","영덕군","2024","01","20","463300","187"
"경상북도","영덕군","2024","01","21","687900","288"
"경상북도","영덕군","2024","01","22","464300","188"
"경상북도","영덕군","2024","01","23","428750","165"
"경상북도","영덕군","2024","01","24","540600","218"
"경상북도","영덕군","2024","01","25","547000","206"
"경상북도","영덕군","2024","01","26","592050","237"
"경상북도","영덕군","2024","01","27","645100","235"
"경상북도","영덕군","2024","01","28","655900","244"
"경상북도","영덕군","2024","01","29","581000","231"
"경상북도","영덕군","2024","01","30","601450","240"
"경상북도","영덕군","2024","01","31","651800","243"
"경상북도","영양군","2024","01","01","20200","6"
"경상북도","영양군","2024","01","02","3550","2"
"경상북도","영양군","2024","01","03","850","1"
"경상북도","영양군","2024","01","04","11700","5"
"경상북도","영양군","2024","01","05","15500","3"
"경상북도","영양군","2024","01","06","2450","1"
"경상북도","영양군","2024","01","07","13650","4"
"경상북도","영양군","2024","01","08","3250","1"
"경상북도","영양군","2024","01","09","11450","4"
"경상북도","영양군","2024","01","10","7800","3"
"경상북도","영양군","2024","01","11","2700","1"
"경상북도","영양군","2024","01","12","3950","2"
"경상북도","영양군","2024","01","13","5700","3"
"경상북도","영양군","2024","01","14","19500","5"
"경상북도","영양군","2024","01","15","7600","2"
"경상북도","영양군","2024","01","16","21400","3"
"경상북도","영양군","2024","01","17","14000","2"
"경상북도","영양군","2024","01","18","900","1"
"경상북도","영양군","2024","01","19","22900","7"
"경상북도","영양군","2024","01","20","3550","1"
"경상북도","영양군","2024","01","21","10700","4"
"경상북도","영양군","2024","01","22","2000","1"
"경상북도","영양군","2024","01","23","9800","4"
"경상북도","영양군","2024","01","24","900","1"
"경상북도","영양군","2024","01","25","8850","4"
"경상북도","영양군","2024","01","26","7250","2"
"경상북도","영양군","2024","01","27","2100","1"
"경상북도","영양군","2024","01","28","11100","6"
"경상북도","영양군","2024","01","29","11950","3"
"경상북도","영양군","2024","01","30","24500","5"
"경상북도","영양군","2024","01","31","4400","1"
"경상북도","영주시","2024","01","01","7653480","4058"
"경상북도","영주시","2024","01","02","6884350","3709"
"경상북도","영주시","2024","01","03","6820510","3609"
"경상북도","영주시","2024","01","04","6296580","3483"
"경상북도","영주시","2024","01","05","6398900","3552"
"경상북도","영주시","2024","01","06","6491490","3430"
"경상북도","영주시","2024","01","07","6635530","3518"
"경상북도","영주시","2024","01","08","7050040","3777"
"경상북도","영주시","2024","01","09","6325960","3407"
"경상북도","영주시","2024","01","10","6599270","3620"
"경상북도","영주시","2024","01","11","6404330","3422"
"경상북도","영주시","2024","01","12","6525390","3525"
"경상북도","영주시","2024","01","13","6410590","3462"
"경상북도","영주시","2024","01","14","6867282","3678"
"경상북도","영주시","2024","01","15","6282510","3550"
"경상북도","영주시","2024","01","16","6322820","3468"
"경상북도","영주시","2024","01","17","5916410","3249"
"경상북도","영주시","2024","01","18","6267330","3451"
"경상북도","영주시","2024","01","19","6697760","3657"
"경상북도","영주시","2024","01","20","6141010","3206"
"경상북도","영주시","2024","01","21","7500180","3868"
"경상북도","영주시","2024","01","22","5920230","3292"
"경상북도","영주시","2024","01","23","5315930","2881"
"경상북도","영주시","2024","01","24","5740150","3118"
"경상북도","영주시","2024","01","25","6121830","3316"
"경상북도","영주시","2024","01","26","6304860","3443"
"경상북도","영주시","2024","01","27","6555920","3429"
"경상북도","영주시","2024","01","28","7248320","3699"
"경상북도","영주시","2024","01","29","5886650","3121"
"경상북도","영주시","2024","01","30","6389680","3508"
"경상북도","영주시","2024","01","31","6221500","3440"
"경상북도","영천시","2024","01","01","2840150","1660"
"경상북도","영천시","2024","01","02","2508050","1585"
"경상북도","영천시","2024","01","03","2396450","1537"
"경상북도","영천시","2024","01","04","2468750","1598"
"경상북도","영천시","2024","01","05","2270350","1487"
"경상북도","영천시","2024","01","06","2448200","1463"
"경상북도","영천시","2024","01","07","2646800","1560"
"경상북도","영천시","2024","01","08","2658300","1633"
"경상북도","영천시","2024","01","09","2217850","1458"
"경상북도","영천시","2024","01","10","2270300","1485"
"경상북도","영천시","2024","01","11","2430750","1533"
"경상북도","영천시","2024","01","12","2150650","1439"
"경상북도","영천시","2024","01","13","2550150","1547"
"경상북도","영천시","2024","01","14","2776950","1697"
"경상북도","영천시","2024","01","15","2399200","1555"
"경상북도","영천시","2024","01","16","2278850","1521"
"경상북도","영천시","2024","01","17","2110400","1440"
"경상북도","영천시","2024","01","18","2276800","1475"
"경상북도","영천시","2024","01","19","2228400","1503"
"경상북도","영천시","2024","01","20","2082950","1336"
"경상북도","영천시","2024","01","21","2849850","1691"
"경상북도","영천시","2024","01","22","2309050","1436"
"경상북도","영천시","2024","01","23","1949850","1246"
"경상북도","영천시","2024","01","24","2317700","1415"
"경상북도","영천시","2024","01","25","2153500","1380"
"경상북도","영천시","2024","01","26","2309950","1479"
"경상북도","영천시","2024","01","27","2428850","1527"
"경상북도","영천시","2024","01","28","2713000","1577"
"경상북도","영천시","2024","01","29","2232800","1422"
"경상북도","영천시","2024","01","30","2172150","1449"
"경상북도","영천시","2024","01","31","2344100","1506"
"경상북도","예천군","2024","01","01","3178800","1549"
"경상북도","예천군","2024","01","02","2459600","1243"
"경상북도","예천군","2024","01","03","2406900","1213"
"경상북도","예천군","2024","01","04","2258400","1180"
"경상북도","예천군","2024","01","05","2156750","1138"
"경상북도","예천군","2024","01","06","2530950","1239"
"경상북도","예천군","2024","01","07","3053300","1497"
"경상북도","예천군","2024","01","08","2537800","1220"
"경상북도","예천군","2024","01","09","2147308","1138"
"경상북도","예천군","2024","01","10","2399550","1213"
"경상북도","예천군","2024","01","11","2268850","1171"
"경상북도","예천군","2024","01","12","2269700","1209"
"경상북도","예천군","2024","01","13","2246200","1161"
"경상북도","예천군","2024","01","14","2912650","1447"
"경상북도","예천군","2024","01","15","2465400","1233"
"경상북도","예천군","2024","01","16","2223450","1149"
"경상북도","예천군","2024","01","17","2068400","1102"
"경상북도","예천군","2024","01","18","2428900","1271"
"경상북도","예천군","2024","01","19","2134950","1142"
"경상북도","예천군","2024","01","20","2247850","1057"
"경상북도","예천군","2024","01","21","3212050","1626"
"경상북도","예천군","2024","01","22","2120980","1071"
"경상북도","예천군","2024","01","23","1966200","1000"
"경상북도","예천군","2024","01","24","2075100","1091"
"경상북도","예천군","2024","01","25","2265108","1123"
"경상북도","예천군","2024","01","26","2213400","1187"
"경상북도","예천군","2024","01","27","2424600","1229"
"경상북도","예천군","2024","01","28","2932100","1421"
"경상북도","예천군","2024","01","29","2376200","1182"
"경상북도","예천군","2024","01","30","2090400","1122"
"경상북도","예천군","2024","01","31","2198000","1145"
"경상북도","울릉군","2024","01","01","1748800","658"
"경상북도","울릉군","2024","01","02","1512650","575"
"경상북도","울릉군","2024","01","03","1338900","487"
"경상북도","울릉군","2024","01","04","1589150","632"
"경상북도","울릉군","2024","01","05","1498300","545"
"경상북도","울릉군","2024","01","06","1358400","543"
"경상북도","울릉군","2024","01","07","1179700","475"
"경상북도","울릉군","2024","01","08","1216800","514"
"경상북도","울릉군","2024","01","09","1211650","518"
"경상북도","울릉군","2024","01","10","1295500","475"
"경상북도","울릉군","2024","01","11","1325450","496"
"경상북도","울릉군","2024","01","12","1123200","453"
"경상북도","울릉군","2024","01","13","1061900","443"
"경상북도","울릉군","2024","01","14","1272150","500"
"경상북도","울릉군","2024","01","15","1118100","477"
"경상북도","울릉군","2024","01","16","1224000","473"
"경상북도","울릉군","2024","01","17","1172150","481"
"경상북도","울릉군","2024","01","18","1278100","488"
"경상북도","울릉군","2024","01","19","1223150","504"
"경상북도","울릉군","2024","01","20","1081050","413"
"경상북도","울릉군","2024","01","21","1305900","571"
"경상북도","울릉군","2024","01","22","1146250","466"
"경상북도","울릉군","2024","01","23","481100","186"
"경상북도","울릉군","2024","01","24","532050","230"
"경상북도","울릉군","2024","01","25","1050800","415"
"경상북도","울릉군","2024","01","26","1157650","427"
"경상북도","울릉군","2024","01","27","1276500","489"
"경상북도","울릉군","2024","01","28","1095750","424"
"경상북도","울릉군","2024","01","29","1257500","463"
"경상북도","울릉군","2024","01","30","1332420","468"
"경상북도","울릉군","2024","01","31","1301450","500"
"경상북도","울진군","2024","01","01","5286900","2618"
"경상북도","울진군","2024","01","02","5395400","2667"
"경상북도","울진군","2024","01","03","5071285","2480"
"경상북도","울진군","2024","01","04","4664550","2514"
"경상북도","울진군","2024","01","05","4619250","2374"
"경상북도","울진군","2024","01","06","4473950","2188"
"경상북도","울진군","2024","01","07","4612100","2385"
"경상북도","울진군","2024","01","08","4613600","2450"
"경상북도","울진군","2024","01","09","4489400","2284"
"경상북도","울진군","2024","01","10","4043600","2173"
"경상북도","울진군","2024","01","11","4331000","2295"
"경상북도","울진군","2024","01","12","4626250","2406"
"경상북도","울진군","2024","01","13","4384400","2272"
"경상북도","울진군","2024","01","14","4848350","2472"
"경상북도","울진군","2024","01","15","4362300","2336"
"경상북도","울진군","2024","01","16","4402050","2328"
"경상북도","울진군","2024","01","17","4362550","2339"
"경상북도","울진군","2024","01","18","3840800","2144"
"경상북도","울진군","2024","01","19","4583800","2354"
"경상북도","울진군","2024","01","20","3252950","1714"
"경상북도","울진군","2024","01","21","5084100","2534"
"경상북도","울진군","2024","01","22","4467050","2382"
"경상북도","울진군","2024","01","23","3260100","1853"
"경상북도","울진군","2024","01","24","3898650","2015"
"경상북도","울진군","2024","01","25","3901650","2076"
"경상북도","울진군","2024","01","26","4595800","2335"
"경상북도","울진군","2024","01","27","4410850","2207"
"경상북도","울진군","2024","01","28","4971250","2519"
"경상북도","울진군","2024","01","29","3908750","2140"
"경상북도","울진군","2024","01","30","4646850","2403"
"경상북도","울진군","2024","01","31","4549150","2373"
"경상북도","의성군","2024","01","01","77200","33"
"경상북도","의성군","2024","01","02","79200","31"
"경상북도","의성군","2024","01","03","49750","26"
"경상북도","의성군","2024","01","04","80400","38"
"경상북도","의성군","2024","01","05","76700","34"
"경상북도","의성군","2024","01","06","66350","30"
"경상북도","의성군","2024","01","07","69750","36"
"경상북도","의성군","2024","01","08","95200","36"
"경상북도","의성군","2024","01","09","50600","29"
"경상북도","의성군","2024","01","10","47300","22"
"경상북도","의성군","2024","01","11","68800","40"
"경상북도","의성군","2024","01","12","45050","29"
"경상북도","의성군","2024","01","13","55450","33"
"경상북도","의성군","2024","01","14","55850","37"
"경상북도","의성군","2024","01","15","61600","32"
"경상북도","의성군","2024","01","16","100550","39"
"경상북도","의성군","2024","01","17","61900","28"
"경상북도","의성군","2024","01","18","76900","27"
"경상북도","의성군","2024","01","19","38350","23"
"경상북도","의성군","2024","01","20","38650","19"
"경상북도","의성군","2024","01","21","81200","36"
"경상북도","의성군","2024","01","22","80900","33"
"경상북도","의성군","2024","01","23","71650","22"
"경상북도","의성군","2024","01","24","62850","23"
"경상북도","의성군","2024","01","25","64450","26"
"경상북도","의성군","2024","01","26","40300","24"
"경상북도","의성군","2024","01","27","79450","36"
"경상북도","의성군","2024","01","28","81500","35"
"경상북도","의성군","2024","01","29","59550","28"
"경상북도","의성군","2024","01","30","61300","29"
"경상북도","의성군","2024","01","31","66950","33"
"경상북도","칠곡군","2024","01","01","301300","181"
"경상북도","칠곡군","2024","01","02","258400","163"
"경상북도","칠곡군","2024","01","03","233900","142"
"경상북도","칠곡군","2024","01","04","268100","163"
"경상북도","칠곡군","2024","01","05","255600","153"
"경상북도","칠곡군","2024","01","06","260700","159"
"경상북도","칠곡군","2024","01","07","279850","171"
"경상북도","칠곡군","2024","01","08","306800","183"
"경상북도","칠곡군","2024","01","09","262800","160"
"경상북도","칠곡군","2024","01","10","250000","156"
"경상북도","칠곡군","2024","01","11","217800","146"
"경상북도","칠곡군","2024","01","12","270350","168"
"경상북도","칠곡군","2024","01","13","260700","134"
"경상북도","칠곡군","2024","01","14","296150","172"
"경상북도","칠곡군","2024","01","15","259100","167"
"경상북도","칠곡군","2024","01","16","259050","158"
"경상북도","칠곡군","2024","01","17","240400","166"
"경상북도","칠곡군","2024","01","18","190000","133"
"경상북도","칠곡군","2024","01","19","237650","158"
"경상북도","칠곡군","2024","01","20","240700","135"
"경상북도","칠곡군","2024","01","21","310250","197"
"경상북도","칠곡군","2024","01","22","214350","139"
"경상북도","칠곡군","2024","01","23","206350","141"
"경상북도","칠곡군","2024","01","24","199200","142"
"경상북도","칠곡군","2024","01","25","264550","162"
"경상북도","칠곡군","2024","01","26","221100","138"
"경상북도","칠곡군","2024","01","27","241200","138"
"경상북도","칠곡군","2024","01","28","276450","184"
"경상북도","칠곡군","2024","01","29","302800","167"
"경상북도","칠곡군","2024","01","30","202350","141"
"경상북도","칠곡군","2024","01","31","231050","150"
"경상북도","포항시","2024","01","01","25821150","14064"
"경상북도","포항시","2024","01","02","23835950","13400"
"경상북도","포항시","2024","01","03","22179200","12675"
"경상북도","포항시","2024","01","04","21532150","12524"
"경상북도","포항시","2024","01","05","21327800","12534"
"경상북도","포항시","2024","01","06","21183500","12141"
"경상북도","포항시","2024","01","07","23357600","12802"
"경상북도","포항시","2024","01","08","22934300","12942"
"경상북도","포항시","2024","01","09","21547800","12428"
"경상북도","포항시","2024","01","10","20293050","12071"
"경상북도","포항시","2024","01","11","20892100","12328"
"경상북도","포항시","2024","01","12","20820400","12270"
"경상북도","포항시","2024","01","13","21106150","12029"
"경상북도","포항시","2024","01","14","24579850","13541"
"경상북도","포항시","2024","01","15","22277900","12801"
"경상북도","포항시","2024","01","16","21045797","12485"
"경상북도","포항시","2024","01","17","19590900","11738"
"경상북도","포항시","2024","01","18","18437350","10869"
"경상북도","포항시","2024","01","19","21797057","12887"
"경상북도","포항시","2024","01","20","17146950","9742"
"경상북도","포항시","2024","01","21","26365950","14280"
"경상북도","포항시","2024","01","22","22100450","12446"
"경상북도","포항시","2024","01","23","16945850","10026"
"경상북도","포항시","2024","01","24","19786250","11516"
"경상북도","포항시","2024","01","25","19391300","11361"
"경상북도","포항시","2024","01","26","20381050","12093"
"경상북도","포항시","2024","01","27","20468000","11721"
"경상북도","포항시","2024","01","28","23334550","12760"
"경상북도","포항시","2024","01","29","20455800","11930"
"경상북도","포항시","2024","01","30","20683750","12284"
"경상북도","포항시","2024","01","31","20491900","12210"
"광주광역시","광산구","2024","01","01","42471200","23650"
"광주광역시","광산구","2024","01","02","35851100","20843"
"광주광역시","광산구","2024","01","03","33630100","20172"
"광주광역시","광산구","2024","01","04","33249350","20255"
"광주광역시","광산구","2024","01","05","30669400","19247"
"광주광역시","광산구","2024","01","06","32116750","19190"
"광주광역시","광산구","2024","01","07","38557200","21972"
"광주광역시","광산구","2024","01","08","35800950","21103"
"광주광역시","광산구","2024","01","09","28644650","17639"
"광주광역시","광산구","2024","01","10","32400750","20267"
"광주광역시","광산구","2024","01","11","30952300","19297"
"광주광역시","광산구","2024","01","12","30865100","19374"
"광주광역시","광산구","2024","01","13","32759300","19704"
"광주광역시","광산구","2024","01","14","37468800","21690"
"광주광역시","광산구","2024","01","15","33216050","19783"
"광주광역시","광산구","2024","01","16","32091500","19677"
"광주광역시","광산구","2024","01","17","29258000","18539"
"광주광역시","광산구","2024","01","18","30410350","19072"
"광주광역시","광산구","2024","01","19","31038200","19756"
"광주광역시","광산구","2024","01","20","27248100","16419"
"광주광역시","광산구","2024","01","21","39887000","22493"
"광주광역시","광산구","2024","01","22","30543450","18266"
"광주광역시","광산구","2024","01","23","24484200","15007"
"광주광역시","광산구","2024","01","24","30218350","18361"
"광주광역시","광산구","2024","01","25","30073750","18383"
"광주광역시","광산구","2024","01","26","29647850","18764"
"광주광역시","광산구","2024","01","27","31179750","18692"
"광주광역시","광산구","2024","01","28","36737850","21239"
"광주광역시","광산구","2024","01","29","30194650","18295"
"광주광역시","광산구","2024","01","30","30852550","19255"
"광주광역시","광산구","2024","01","31","30040850","19102"
"광주광역시","남구","2024","01","01","21137800","11927"
"광주광역시","남구","2024","01","02","16851850","10502"
"광주광역시","남구","2024","01","03","15569300","9877"
"광주광역시","남구","2024","01","04","15661900","10112"
"광주광역시","남구","2024","01","05","15419950","10002"
"광주광역시","남구","2024","01","06","15604450","9872"
"광주광역시","남구","2024","01","07","19024100","11058"
"광주광역시","남구","2024","01","08","17355850","10746"
"광주광역시","남구","2024","01","09","14076200","9067"
"광주광역시","남구","2024","01","10","16055100","10275"
"광주광역시","남구","2024","01","11","15348150","9936"
"광주광역시","남구","2024","01","12","15038400","9944"
"광주광역시","남구","2024","01","13","16023350","10070"
"광주광역시","남구","2024","01","14","18595450","11036"
"광주광역시","남구","2024","01","15","16262850","10120"
"광주광역시","남구","2024","01","16","14871850","9931"
"광주광역시","남구","2024","01","17","14808850","9655"
"광주광역시","남구","2024","01","18","15167300","9719"
"광주광역시","남구","2024","01","19","15576200","10414"
"광주광역시","남구","2024","01","20","13378800","8361"
"광주광역시","남구","2024","01","21","19269350","11465"
"광주광역시","남구","2024","01","22","15650700","9677"
"광주광역시","남구","2024","01","23","11994400","7752"
"광주광역시","남구","2024","01","24","14610850","9287"
"광주광역시","남구","2024","01","25","15054350","9594"
"광주광역시","남구","2024","01","26","14530900","9696"
"광주광역시","남구","2024","01","27","15706300","9657"
"광주광역시","남구","2024","01","28","17933090","10828"
"광주광역시","남구","2024","01","29","14824550","9447"
"광주광역시","남구","2024","01","30","14765650","9711"
"광주광역시","남구","2024","01","31","15005450","10035"
"광주광역시","동구","2024","01","01","10187830","6315"
"광주광역시","동구","2024","01","02","8033170","5086"
"광주광역시","동구","2024","01","03","7328030","4940"
"광주광역시","동구","2024","01","04","7653070","5094"
"광주광역시","동구","2024","01","05","7121930","4801"
"광주광역시","동구","2024","01","06","7798650","5017"
"광주광역시","동구","2024","01","07","9247330","5733"
"광주광역시","동구","2024","01","08","8009570","5072"
"광주광역시","동구","2024","01","09","6488980","4436"
"광주광역시","동구","2024","01","10","7515600","5087"
"광주광역시","동구","2024","01","11","7125780","4843"
"광주광역시","동구","2024","01","12","7056390","4837"
"광주광역시","동구","2024","01","13","7669880","5049"
"광주광역시","동구","2024","01","14","8819850","5729"
"광주광역시","동구","2024","01","15","7651630","5010"
"광주광역시","동구","2024","01","16","6840610","4738"
"광주광역시","동구","2024","01","17","6796310","4756"
"광주광역시","동구","2024","01","18","7061350","4724"
"광주광역시","동구","2024","01","19","7321890","5055"
"광주광역시","동구","2024","01","20","6599580","4226"
"광주광역시","동구","2024","01","21","9228470","5859"
"광주광역시","동구","2024","01","22","7251570","4723"
"광주광역시","동구","2024","01","23","5719930","3941"
"광주광역시","동구","2024","01","24","6971190","4646"
"광주광역시","동구","2024","01","25","6968300","4693"
"광주광역시","동구","2024","01","26","6977020","4739"
"광주광역시","동구","2024","01","27","7399110","4875"
"광주광역시","동구","2024","01","28","8251690","5418"
"광주광역시","동구","2024","01","29","7010630","4705"
"광주광역시","동구","2024","01","30","7125640","4797"
"광주광역시","동구","2024","01","31","6930100","4782"
"광주광역시","북구","2024","01","01","39878300","23401"
"광주광역시","북구","2024","01","02","33343250","20497"
"광주광역시","북구","2024","01","03","31246200","19994"
"광주광역시","북구","2024","01","04","31642850","20407"
"광주광역시","북구","2024","01","05","30415355","20162"
"광주광역시","북구","2024","01","06","32265600","20155"
"광주광역시","북구","2024","01","07","37165700","22161"
"광주광역시","북구","2024","01","08","34224200","21517"
"광주광역시","북구","2024","01","09","28151900","18379"
"광주광역시","북구","2024","01","10","31307750","20507"
"광주광역시","북구","2024","01","11","30027350","19752"
"광주광역시","북구","2024","01","12","29844250","19866"
"광주광역시","북구","2024","01","13","31419400","20122"
"광주광역시","북구","2024","01","14","36554600","22116"
"광주광역시","북구","2024","01","15","32509800","20601"
"광주광역시","북구","2024","01","16","30020300","19852"
"광주광역시","북구","2024","01","17","29161450","19377"
"광주광역시","북구","2024","01","18","29955200","19547"
"광주광역시","북구","2024","01","19","30383450","20400"
"광주광역시","북구","2024","01","20","27451100","17245"
"광주광역시","북구","2024","01","21","39005250","23353"
"광주광역시","북구","2024","01","22","29980250","19049"
"광주광역시","북구","2024","01","23","23970700","15750"
"광주광역시","북구","2024","01","24","30102950","18988"
"광주광역시","북구","2024","01","25","29692850","19176"
"광주광역시","북구","2024","01","26","29124850","19161"
"광주광역시","북구","2024","01","27","29980150","19281"
"광주광역시","북구","2024","01","28","35978600","21873"
"광주광역시","북구","2024","01","29","30525000","19466"
"광주광역시","북구","2024","01","30","29718020","19703"
"광주광역시","북구","2024","01","31","29418750","19662"
"광주광역시","서구","2024","01","01","36224050","20651"
"광주광역시","서구","2024","01","02","30237600","18171"
"광주광역시","서구","2024","01","03","27760550","17576"
"광주광역시","서구","2024","01","04","27921100","17735"
"광주광역시","서구","2024","01","05","26797750","17281"
"광주광역시","서구","2024","01","06","27356300","16694"
"광주광역시","서구","2024","01","07","31981900","18595"
"광주광역시","서구","2024","01","08","30373600","18472"
"광주광역시","서구","2024","01","09","24992050","15789"
"광주광역시","서구","2024","01","10","27855900","17906"
"광주광역시","서구","2024","01","11","26132300","16989"
"광주광역시","서구","2024","01","12","26238150","17062"
"광주광역시","서구","2024","01","13","28653450","17434"
"광주광역시","서구","2024","01","14","31745550","18621"
"광주광역시","서구","2024","01","15","28162450","17476"
"광주광역시","서구","2024","01","16","26637100","17159"
"광주광역시","서구","2024","01","17","25280700","16631"
"광주광역시","서구","2024","01","18","25581250","16577"
"광주광역시","서구","2024","01","19","27413400","17880"
"광주광역시","서구","2024","01","20","23313250","14199"
"광주광역시","서구","2024","01","21","33803800","19806"
"광주광역시","서구","2024","01","22","25726650","16126"
"광주광역시","서구","2024","01","23","20382350","13017"
"광주광역시","서구","2024","01","24","26042160","16323"
"광주광역시","서구","2024","01","25","25689800","16247"
"광주광역시","서구","2024","01","26","25960500","16698"
"광주광역시","서구","2024","01","27","26365550","16520"
"광주광역시","서구","2024","01","28","31325650","18558"
"광주광역시","서구","2024","01","29","25044150","15873"
"광주광역시","서구","2024","01","30","26568750","17425"
"광주광역시","서구","2024","01","31","26785500","17461"
"대구광역시","남구","2024","01","01","5906300","3867"
"대구광역시","남구","2024","01","02","5428500","3653"
"대구광역시","남구","2024","01","03","5052800","3471"
"대구광역시","남구","2024","01","04","5000450","3529"
"대구광역시","남구","2024","01","05","4944450","3548"
"대구광역시","남구","2024","01","06","4895200","3406"
"대구광역시","남구","2024","01","07","5153100","3552"
"대구광역시","남구","2024","01","08","5495100","3733"
"대구광역시","남구","2024","01","09","4520500","3216"
"대구광역시","남구","2024","01","10","4874200","3413"
"대구광역시","남구","2024","01","11","4780850","3464"
"대구광역시","남구","2024","01","12","4600700","3405"
"대구광역시","남구","2024","01","13","4683800","3391"
"대구광역시","남구","2024","01","14","5419700","3697"
"대구광역시","남구","2024","01","15","5010250","3484"
"대구광역시","남구","2024","01","16","4882500","3440"
"대구광역시","남구","2024","01","17","4600750","3326"
"대구광역시","남구","2024","01","18","4636150","3289"
"대구광역시","남구","2024","01","19","4829150","3511"
"대구광역시","남구","2024","01","20","4125200","2838"
"대구광역시","남구","2024","01","21","5879200","3969"
"대구광역시","남구","2024","01","22","4791000","3341"
"대구광역시","남구","2024","01","23","4031200","2922"
"대구광역시","남구","2024","01","24","4485600","3133"
"대구광역시","남구","2024","01","25","4370100","3200"
"대구광역시","남구","2024","01","26","4620850","3343"
"대구광역시","남구","2024","01","27","4670200","3301"
"대구광역시","남구","2024","01","28","5309100","3598"
"대구광역시","남구","2024","01","29","4502750","3262"
"대구광역시","남구","2024","01","30","4572850","3386"
"대구광역시","남구","2024","01","31","4656100","3441"
"대구광역시","달서구","2024","01","01","45839100","29193"
"대구광역시","달서구","2024","01","02","39856450","26670"
"대구광역시","달서구","2024","01","03","37000950","25529"
"대구광역시","달서구","2024","01","04","38242000","26302"
"대구광역시","달서구","2024","01","05","36314349","25461"
"대구광역시","달서구","2024","01","06","36120300","24506"
"대구광역시","달서구","2024","01","07","42176200","27347"
"대구광역시","달서구","2024","01","08","40614500","26935"
"대구광역시","달서구","2024","01","09","35715550","24864"
"대구광역시","달서구","2024","01","10","35468700","25118"
"대구광역시","달서구","2024","01","11","35554800","25167"
"대구광역시","달서구","2024","01","12","34852100","24618"
"대구광역시","달서구","2024","01","13","36559100","25166"
"대구광역시","달서구","2024","01","14","42480750","27832"
"대구광역시","달서구","2024","01","15","37462950","25630"
"대구광역시","달서구","2024","01","16","35740700","25321"
"대구광역시","달서구","2024","01","17","33665750","24042"
"대구광역시","달서구","2024","01","18","33935750","24144"
"대구광역시","달서구","2024","01","19","36498800","25803"
"대구광역시","달서구","2024","01","20","29549600","20053"
"대구광역시","달서구","2024","01","21","46546050","29515"
"대구광역시","달서구","2024","01","22","37201180","25359"
"대구광역시","달서구","2024","01","23","30160250","21600"
"대구광역시","달서구","2024","01","24","33038100","23601"
"대구광역시","달서구","2024","01","25","32881900","23383"
"대구광역시","달서구","2024","01","26","34112500","24297"
"대구광역시","달서구","2024","01","27","35610250","24501"
"대구광역시","달서구","2024","01","28","40603250","26904"
"대구광역시","달서구","2024","01","29","34334200","23546"
"대구광역시","달서구","2024","01","30","34928950","24702"
"대구광역시","달서구","2024","01","31","34000250","24731"
"대구광역시","달성군","2024","01","01","20126086","12210"
"대구광역시","달성군","2024","01","02","17844342","10901"
"대구광역시","달성군","2024","01","03","16631514","10435"
"대구광역시","달성군","2024","01","04","16921139","10893"
"대구광역시","달성군","2024","01","05","16239680","10358"
"대구광역시","달성군","2024","01","06","16118747","10208"
"대구광역시","달성군","2024","01","07","19723654","11795"
"대구광역시","달성군","2024","01","08","17971116","10907"
"대구광역시","달성군","2024","01","09","16015825","10167"
"대구광역시","달성군","2024","01","10","15933580","10439"
"대구광역시","달성군","2024","01","11","16121910","10383"
"대구광역시","달성군","2024","01","12","15457598","10132"
"대구광역시","달성군","2024","01","13","16090239","10268"
"대구광역시","달성군","2024","01","14","19545981","12091"
"대구광역시","달성군","2024","01","15","16691372","10558"
"대구광역시","달성군","2024","01","16","16129198","10473"
"대구광역시","달성군","2024","01","17","14901192","9843"
"대구광역시","달성군","2024","01","18","15462457","10058"
"대구광역시","달성군","2024","01","19","15891182","10434"
"대구광역시","달성군","2024","01","20","13722643","8769"
"대구광역시","달성군","2024","01","21","20957519","12677"
"대구광역시","달성군","2024","01","22","16629855","10300"
"대구광역시","달성군","2024","01","23","13789889","8981"
"대구광역시","달성군","2024","01","24","14454264","9702"
"대구광역시","달성군","2024","01","25","14840571","9639"
"대구광역시","달성군","2024","01","26","15047497","9996"
"대구광역시","달성군","2024","01","27","15353216","9901"
"대구광역시","달성군","2024","01","28","18546005","11406"
"대구광역시","달성군","2024","01","29","15454248","9852"
"대구광역시","달성군","2024","01","30","15077770","10042"
"대구광역시","달성군","2024","01","31","15180864","10079"
"대구광역시","동구","2024","01","01","18087150","11740"
"대구광역시","동구","2024","01","02","14970200","10006"
"대구광역시","동구","2024","01","03","14028200","9609"
"대구광역시","동구","2024","01","04","14358950","9921"
"대구광역시","동구","2024","01","05","14018600","9744"
"대구광역시","동구","2024","01","06","14356800","9809"
"대구광역시","동구","2024","01","07","16263250","10836"
"대구광역시","동구","2024","01","08","15038850","9966"
"대구광역시","동구","2024","01","09","13634850","9492"
"대구광역시","동구","2024","01","10","13780600","9646"
"대구광역시","동구","2024","01","11","13598800","9600"
"대구광역시","동구","2024","01","12","13504950","9533"
"대구광역시","동구","2024","01","13","13942400","9668"
"대구광역시","동구","2024","01","14","16971950","11288"
"대구광역시","동구","2024","01","15","13901900","9720"
"대구광역시","동구","2024","01","16","13560350","9712"
"대구광역시","동구","2024","01","17","12894950","9220"
"대구광역시","동구","2024","01","18","13027000","9197"
"대구광역시","동구","2024","01","19","13774100","9895"
"대구광역시","동구","2024","01","20","12212350","8279"
"대구광역시","동구","2024","01","21","17854050","11709"
"대구광역시","동구","2024","01","22","13617200","9348"
"대구광역시","동구","2024","01","23","11555550","8203"
"대구광역시","동구","2024","01","24","13078600","9050"
"대구광역시","동구","2024","01","25","12848650","9136"
"대구광역시","동구","2024","01","26","13138550","9268"
"대구광역시","동구","2024","01","27","13741850","9394"
"대구광역시","동구","2024","01","28","16040150","10702"
"대구광역시","동구","2024","01","29","13071350","9304"
"대구광역시","동구","2024","01","30","13091950","9390"
"대구광역시","동구","2024","01","31","13139500","9549"
"대구광역시","북구","2024","01","01","24488340","15519"
"대구광역시","북구","2024","01","02","21462440","14037"
"대구광역시","북구","2024","01","03","20064180","13426"
"대구광역시","북구","2024","01","04","20200880","13743"
"대구광역시","북구","2024","01","05","19329460","13405"
"대구광역시","북구","2024","01","06","19972210","13222"
"대구광역시","북구","2024","01","07","22720530","14593"
"대구광역시","북구","2024","01","08","21202490","13994"
"대구광역시","북구","2024","01","09","19522320","13342"
"대구광역시","북구","2024","01","10","18958100","13359"
"대구광역시","북구","2024","01","11","19008610","13229"
"대구광역시","북구","2024","01","12","18048040","13007"
"대구광역시","북구","2024","01","13","18706250","13032"
"대구광역시","북구","2024","01","14","22924610","14847"
"대구광역시","북구","2024","01","15","20207409","13567"
"대구광역시","북구","2024","01","16","19119780","13231"
"대구광역시","북구","2024","01","17","18269350","12944"
"대구광역시","북구","2024","01","18","18529360","13001"
"대구광역시","북구","2024","01","19","19169950","13509"
"대구광역시","북구","2024","01","20","16597930","11404"
"대구광역시","북구","2024","01","21","24189150","15612"
"대구광역시","북구","2024","01","22","19342380","12992"
"대구광역시","북구","2024","01","23","16476300","11545"
"대구광역시","북구","2024","01","24","17834930","12491"
"대구광역시","북구","2024","01","25","18225530","12623"
"대구광역시","북구","2024","01","26","18125700","12843"
"대구광역시","북구","2024","01","27","19018100","12883"
"대구광역시","북구","2024","01","28","21940260","14206"
"대구광역시","북구","2024","01","29","19291780","13095"
"대구광역시","북구","2024","01","30","18293860","12926"
"대구광역시","북구","2024","01","31","17885420","13021"
"대구광역시","서구","2024","01","01","6215700","4188"
"대구광역시","서구","2024","01","02","5368350","3705"
"대구광역시","서구","2024","01","03","4907550","3485"
"대구광역시","서구","2024","01","04","4978800","3560"
"대구광역시","서구","2024","01","05","4828100","3502"
"대구광역시","서구","2024","01","06","5349800","3657"
"대구광역시","서구","2024","01","07","5758200","3845"
"대구광역시","서구","2024","01","08","5225450","3671"
"대구광역시","서구","2024","01","09","4911500","3522"
"대구광역시","서구","2024","01","10","4990100","3565"
"대구광역시","서구","2024","01","11","4625100","3409"
"대구광역시","서구","2024","01","12","4711050","3528"
"대구광역시","서구","2024","01","13","5220450","3654"
"대구광역시","서구","2024","01","14","6068500","4017"
"대구광역시","서구","2024","01","15","4934300","3575"
"대구광역시","서구","2024","01","16","4783000","3495"
"대구광역시","서구","2024","01","17","4474650","3267"
"대구광역시","서구","2024","01","18","4665350","3442"
"대구광역시","서구","2024","01","19","4635900","3482"
"대구광역시","서구","2024","01","20","4379200","3069"
"대구광역시","서구","2024","01","21","6436950","4321"
"대구광역시","서구","2024","01","22","4731050","3350"
"대구광역시","서구","2024","01","23","4058800","2971"
"대구광역시","서구","2024","01","24","4273250","3185"
"대구광역시","서구","2024","01","25","4269600","3238"
"대구광역시","서구","2024","01","26","4698750","3351"
"대구광역시","서구","2024","01","27","4925400","3483"
"대구광역시","서구","2024","01","28","5662400","3858"
"대구광역시","서구","2024","01","29","4736650","3384"
"대구광역시","서구","2024","01","30","4583500","3382"
"대구광역시","서구","2024","01","31","4585550","3398"
"대구광역시","수성구","2024","01","01","28151650","17795"
"대구광역시","수성구","2024","01","02","24698500","16314"
"대구광역시","수성구","2024","01","03","23164500","15639"
"대구광역시","수성구","2024","01","04","23662800","16203"
"대구광역시","수성구","2024","01","05","22729450","15827"
"대구광역시","수성구","2024","01","06","22523550","15108"
"대구광역시","수성구","2024","01","07","26074550","16741"
"대구광역시","수성구","2024","01","08","24475900","16105"
"대구광역시","수성구","2024","01","09","22660750","15493"
"대구광역시","수성구","2024","01","10","22660750","15537"
"대구광역시","수성구","2024","01","11","22306450","15500"
"대구광역시","수성구","2024","01","12","21530450","15314"
"대구광역시","수성구","2024","01","13","22771100","15396"
"대구광역시","수성구","2024","01","14","26587900","17413"
"대구광역시","수성구","2024","01","15","22596050","15357"
"대구광역시","수성구","2024","01","16","22419900","15540"
"대구광역시","수성구","2024","01","17","21142199","14903"
"대구광역시","수성구","2024","01","18","21506750","15069"
"대구광역시","수성구","2024","01","19","22746550","16042"
"대구광역시","수성구","2024","01","20","19132050","12710"
"대구광역시","수성구","2024","01","21","28216000","18153"
"대구광역시","수성구","2024","01","22","22499450","15195"
"대구광역시","수성구","2024","01","23","18702800","13267"
"대구광역시","수성구","2024","01","24","21365500","14569"
"대구광역시","수성구","2024","01","25","20589250","14459"
"대구광역시","수성구","2024","01","26","21303950","15039"
"대구광역시","수성구","2024","01","27","22664600","15277"
"대구광역시","수성구","2024","01","28","25504450","16713"
"대구광역시","수성구","2024","01","29","21385450","14553"
"대구광역시","수성구","2024","01","30","21581300","15301"
"대구광역시","수성구","2024","01","31","21481050","15336"
"대구광역시","중구","2024","01","01","7797350","5480"
"대구광역시","중구","2024","01","02","6851800","4947"
"대구광역시","중구","2024","01","03","6243450","4698"
"대구광역시","중구","2024","01","04","6461350","4740"
"대구광역시","중구","2024","01","05","6251050","4691"
"대구광역시","중구","2024","01","06","6557650","4765"
"대구광역시","중구","2024","01","07","7407750","5177"
"대구광역시","중구","2024","01","08","6853350","4811"
"대구광역시","중구","2024","01","09","5997900","4567"
"대구광역시","중구","2024","01","10","5991450","4676"
"대구광역시","중구","2024","01","11","6038800","4633"
"대구광역시","중구","2024","01","12","6071350","4653"
"대구광역시","중구","2024","01","13","6378550","4710"
"대구광역시","중구","2024","01","14","7478050","5258"
"대구광역시","중구","2024","01","15","6512800","4805"
"대구광역시","중구","2024","01","16","6061350","4650"
"대구광역시","중구","2024","01","17","6077550","4581"
"대구광역시","중구","2024","01","18","5936650","4476"
"대구광역시","중구","2024","01","19","6249200","4789"
"대구광역시","중구","2024","01","20","5646450","4130"
"대구광역시","중구","2024","01","21","7873200","5607"
"대구광역시","중구","2024","01","22","6480000","4652"
"대구광역시","중구","2024","01","23","5566850","4062"
"대구광역시","중구","2024","01","24","6057600","4476"
"대구광역시","중구","2024","01","25","5976850","4337"
"대구광역시","중구","2024","01","26","5960050","4526"
"대구광역시","중구","2024","01","27","6087600","4550"
"대구광역시","중구","2024","01","28","7129450","5067"
"대구광역시","중구","2024","01","29","6480300","4764"
"대구광역시","중구","2024","01","30","5902400","4561"
"대구광역시","중구","2024","01","31","6039650","4657"
"대전광역시","대덕구","2024","01","01","7821700","4700"
"대전광역시","대덕구","2024","01","02","6342150","4117"
"대전광역시","대덕구","2024","01","03","5543850","3693"
"대전광역시","대덕구","2024","01","04","5959250","3877"
"대전광역시","대덕구","2024","01","05","5443250","3682"
"대전광역시","대덕구","2024","01","06","5774150","3709"
"대전광역시","대덕구","2024","01","07","6578300","4135"
"대전광역시","대덕구","2024","01","08","6483800","4176"
"대전광역시","대덕구","2024","01","09","5409900","3669"
"대전광역시","대덕구","2024","01","10","5188150","3519"
"대전광역시","대덕구","2024","01","11","5457700","3736"
"대전광역시","대덕구","2024","01","12","5411250","3734"
"대전광역시","대덕구","2024","01","13","5684200","3623"
"대전광역시","대덕구","2024","01","14","6255450","3924"
"대전광역시","대덕구","2024","01","15","6472800","4259"
"대전광역시","대덕구","2024","01","16","5484750","3709"
"대전광역시","대덕구","2024","01","17","4591200","3192"
"대전광역시","대덕구","2024","01","18","5705650","3894"
"대전광역시","대덕구","2024","01","19","5318450","3767"
"대전광역시","대덕구","2024","01","20","4822550","3044"
"대전광역시","대덕구","2024","01","21","7149500","4392"
"대전광역시","대덕구","2024","01","22","6006150","3879"
"대전광역시","대덕구","2024","01","23","4490700","3246"
"대전광역시","대덕구","2024","01","24","5263900","3549"
"대전광역시","대덕구","2024","01","25","5169550","3629"
"대전광역시","대덕구","2024","01","26","4815200","3481"
"대전광역시","대덕구","2024","01","27","5351300","3545"
"대전광역시","대덕구","2024","01","28","6809900","4208"
"대전광역시","대덕구","2024","01","29","6002350","4048"
"대전광역시","대덕구","2024","01","30","5377100","3686"
"대전광역시","대덕구","2024","01","31","5398700","3641"
"대전광역시","동구","2024","01","01","5124450","2889"
"대전광역시","동구","2024","01","02","4464200","2734"
"대전광역시","동구","2024","01","03","3770750","2545"
"대전광역시","동구","2024","01","04","3840050","2582"
"대전광역시","동구","2024","01","05","3638200","2427"
"대전광역시","동구","2024","01","06","3934150","2525"
"대전광역시","동구","2024","01","07","4581200","2794"
"대전광역시","동구","2024","01","08","4286300","2673"
"대전광역시","동구","2024","01","09","3645750","2452"
"대전광역시","동구","2024","01","10","3844550","2575"
"대전광역시","동구","2024","01","11","3574750","2454"
"대전광역시","동구","2024","01","12","3486750","2435"
"대전광역시","동구","2024","01","13","3817650","2473"
"대전광역시","동구","2024","01","14","4349500","2593"
"대전광역시","동구","2024","01","15","4327200","2746"
"대전광역시","동구","2024","01","16","3770100","2563"
"대전광역시","동구","2024","01","17","3116100","2125"
"대전광역시","동구","2024","01","18","3903750","2601"
"대전광역시","동구","2024","01","19","3834600","2616"
"대전광역시","동구","2024","01","20","3301050","2072"
"대전광역시","동구","2024","01","21","4807850","2910"
"대전광역시","동구","2024","01","22","4058450","2588"
"대전광역시","동구","2024","01","23","3274750","2166"
"대전광역시","동구","2024","01","24","3607200","2392"
"대전광역시","동구","2024","01","25","3515650","2347"
"대전광역시","동구","2024","01","26","3484200","2335"
"대전광역시","동구","2024","01","27","3702350","2386"
"대전광역시","동구","2024","01","28","4359450","2668"
"대전광역시","동구","2024","01","29","3856700","2507"
"대전광역시","동구","2024","01","30","3949700","2579"
"대전광역시","동구","2024","01","31","3802250","2533"
"대전광역시","서구","2024","01","01","18175500","11224"
"대전광역시","서구","2024","01","02","15700100","10074"
"대전광역시","서구","2024","01","03","14305650","9710"
"대전광역시","서구","2024","01","04","15031800","10002"
"대전광역시","서구","2024","01","05","13528950","9209"
"대전광역시","서구","2024","01","06","14121750","9202"
"대전광역시","서구","2024","01","07","18144400","11158"
"대전광역시","서구","2024","01","08","15160350","9821"
"대전광역시","서구","2024","01","09","13321100","9030"
"대전광역시","서구","2024","01","10","13784000","9307"
"대전광역시","서구","2024","01","11","14381700","9829"
"대전광역시","서구","2024","01","12","13312850","9176"
"대전광역시","서구","2024","01","13","13847150","9072"
"대전광역시","서구","2024","01","14","16714150","10487"
"대전광역시","서구","2024","01","15","15598500","10090"
"대전광역시","서구","2024","01","16","13448150","9282"
"대전광역시","서구","2024","01","17","11579950","8055"
"대전광역시","서구","2024","01","18","15090850","10094"
"대전광역시","서구","2024","01","19","13818300","9379"
"대전광역시","서구","2024","01","20","11922300","7735"
"대전광역시","서구","2024","01","21","18798450","11567"
"대전광역시","서구","2024","01","22","13970050","9285"
"대전광역시","서구","2024","01","23","11813900","8223"
"대전광역시","서구","2024","01","24","12733050","8868"
"대전광역시","서구","2024","01","25","13123750","9187"
"대전광역시","서구","2024","01","26","12962900","8874"
"대전광역시","서구","2024","01","27","13469200","8784"
"대전광역시","서구","2024","01","28","17403400","10796"
"대전광역시","서구","2024","01","29","13876600","9261"
"대전광역시","서구","2024","01","30","13416000","9207"
"대전광역시","서구","2024","01","31","13503050","9397"
"대전광역시","유성구","2024","01","01","5753200","3381"
"대전광역시","유성구","2024","01","02","4768300","2900"
"대전광역시","유성구","2024","01","03","4283650","2749"
"대전광역시","유성구","2024","01","04","4186350","2688"
"대전광역시","유성구","2024","01","05","4170200","2639"
"대전광역시","유성구","2024","01","06","4497550","2725"
"대전광역시","유성구","2024","01","07","5472300","3206"
"대전광역시","유성구","2024","01","08","4618050","2828"
"대전광역시","유성구","2024","01","09","4016000","2570"
"대전광역시","유성구","2024","01","10","4158690","2679"
"대전광역시","유성구","2024","01","11","3997200","2498"
"대전광역시","유성구","2024","01","12","3885300","2521"
"대전광역시","유성구","2024","01","13","4334750","2656"
"대전광역시","유성구","2024","01","14","5121900","2998"
"대전광역시","유성구","2024","01","15","4836250","2907"
"대전광역시","유성구","2024","01","16","4103800","2646"
"대전광역시","유성구","2024","01","17","3633850","2308"
"대전광역시","유성구","2024","01","18","4079100","2629"
"대전광역시","유성구","2024","01","19","3922250","2570"
"대전광역시","유성구","2024","01","20","3582800","2222"
"대전광역시","유성구","2024","01","21","5551300","3282"
"대전광역시","유성구","2024","01","22","4021500","2597"
"대전광역시","유성구","2024","01","23","3599200","2363"
"대전광역시","유성구","2024","01","24","3909830","2531"
"대전광역시","유성구","2024","01","25","3651900","2398"
"대전광역시","유성구","2024","01","26","3902550","2437"
"대전광역시","유성구","2024","01","27","3926050","2505"
"대전광역시","유성구","2024","01","28","5003500","3050"
"대전광역시","유성구","2024","01","29","4370400","2701"
"대전광역시","유성구","2024","01","30","4272550","2689"
"대전광역시","유성구","2024","01","31","3844450","2598"
"대전광역시","중구","2024","01","01","8523900","5421"
"대전광역시","중구","2024","01","02","7265450","4822"
"대전광역시","중구","2024","01","03","6703400","4622"
"대전광역시","중구","2024","01","04","6695300","4668"
"대전광역시","중구","2024","01","05","6421800","4489"
"대전광역시","중구","2024","01","06","6559050","4473"
"대전광역시","중구","2024","01","07","8238050","5196"
"대전광역시","중구","2024","01","08","7467350","4970"
"대전광역시","중구","2024","01","09","6045150","4316"
"대전광역시","중구","2024","01","10","6274150","4475"
"대전광역시","중구","2024","01","11","6452550","4494"
"대전광역시","중구","2024","01","12","6344300","4495"
"대전광역시","중구","2024","01","13","6602000","4446"
"대전광역시","중구","2024","01","14","7618250","4819"
"대전광역시","중구","2024","01","15","6972700","4755"
"대전광역시","중구","2024","01","16","6285050","4411"
"대전광역시","중구","2024","01","17","5369850","3853"
"대전광역시","중구","2024","01","18","6601750","4572"
"대전광역시","중구","2024","01","19","6551152","4588"
"대전광역시","중구","2024","01","20","5602900","3657"
"대전광역시","중구","2024","01","21","8736550","5470"
"대전광역시","중구","2024","01","22","6329600","4421"
"대전광역시","중구","2024","01","23","5266400","3801"
"대전광역시","중구","2024","01","24","5842000","4161"
"대전광역시","중구","2024","01","25","5911200","4170"
"대전광역시","중구","2024","01","26","5937200","4240"
"대전광역시","중구","2024","01","27","6549100","4382"
"대전광역시","중구","2024","01","28","7761250","5042"
"대전광역시","중구","2024","01","29","6806050","4651"
"대전광역시","중구","2024","01","30","6231700","4240"
"대전광역시","중구","2024","01","31","6298300","4454"
"부산광역시","강서구","2024","01","01","13420200","8275"
"부산광역시","강서구","2024","01","02","12160500","7797"
"부산광역시","강서구","2024","01","03","11099800","7324"
"부산광역시","강서구","2024","01","04","11434500","7517"
"부산광역시","강서구","2024","01","05","11107700","7257"
"부산광역시","강서구","2024","01","06","10519250","6885"
"부산광역시","강서구","2024","01","07","13610100","8525"
"부산광역시","강서구","2024","01","08","11556450","7492"
"부산광역시","강서구","2024","01","09","10531400","7134"
"부산광역시","강서구","2024","01","10","11077850","7391"
"부산광역시","강서구","2024","01","11","10918650","7334"
"부산광역시","강서구","2024","01","12","10358550","7054"
"부산광역시","강서구","2024","01","13","10532200","6962"
"부산광역시","강서구","2024","01","14","13162250","8402"
"부산광역시","강서구","2024","01","15","11345600","7397"
"부산광역시","강서구","2024","01","16","10832450","7261"
"부산광역시","강서구","2024","01","17","10613550","7251"
"부산광역시","강서구","2024","01","18","8715300","6024"
"부산광역시","강서구","2024","01","19","11433250","7743"
"부산광역시","강서구","2024","01","20","9032950","5733"
"부산광역시","강서구","2024","01","21","14969950","9337"
"부산광역시","강서구","2024","01","22","10964150","7157"
"부산광역시","강서구","2024","01","23","9658200","6414"
"부산광역시","강서구","2024","01","24","10385350","7026"
"부산광역시","강서구","2024","01","25","9833250","6774"
"부산광역시","강서구","2024","01","26","10295150","7019"
"부산광역시","강서구","2024","01","27","10251150","6674"
"부산광역시","강서구","2024","01","28","12630550","8023"
"부산광역시","강서구","2024","01","29","10997950","7310"
"부산광역시","강서구","2024","01","30","10194550","7062"
"부산광역시","강서구","2024","01","31","10221650","7067"
"부산광역시","금정구","2024","01","01","12418810","8172"
"부산광역시","금정구","2024","01","02","12089670","8155"
"부산광역시","금정구","2024","01","03","10855850","7646"
"부산광역시","금정구","2024","01","04","11055680","7756"
"부산광역시","금정구","2024","01","05","10486600","7601"
"부산광역시","금정구","2024","01","06","10447780","7176"
"부산광역시","금정구","2024","01","07","12585100","8262"
"부산광역시","금정구","2024","01","08","11509980","7860"
"부산광역시","금정구","2024","01","09","10490460","7521"
"부산광역시","금정구","2024","01","10","10453190","7599"
"부산광역시","금정구","2024","01","11","10196840","7400"
"부산광역시","금정구","2024","01","12","10179190","7430"
"부산광역시","금정구","2024","01","13","9914590","7099"
"부산광역시","금정구","2024","01","14","12885890","8549"
"부산광역시","금정구","2024","01","15","11177980","7933"
"부산광역시","금정구","2024","01","16","10212970","7531"
"부산광역시","금정구","2024","01","17","10119340","7593"
"부산광역시","금정구","2024","01","18","8764420","6401"
"부산광역시","금정구","2024","01","19","10735270","7914"
"부산광역시","금정구","2024","01","20","8415470","5755"
"부산광역시","금정구","2024","01","21","13775300","8983"
"부산광역시","금정구","2024","01","22","10880020","7573"
"부산광역시","금정구","2024","01","23","9070970","6634"
"부산광역시","금정구","2024","01","24","9736950","7141"
"부산광역시","금정구","2024","01","25","9311480","6777"
"부산광역시","금정구","2024","01","26","9844270","7222"
"부산광역시","금정구","2024","01","27","9403120","6715"
"부산광역시","금정구","2024","01","28","12430310","8304"
"부산광역시","금정구","2024","01","29","10573500","7449"
"부산광역시","금정구","2024","01","30","10162860","7478"
"부산광역시","금정구","2024","01","31","9797950","7405"
"부산광역시","기장군","2024","01","01","13617560","8114"
"부산광역시","기장군","2024","01","02","12477830","7787"
"부산광역시","기장군","2024","01","03","11529880","7585"
"부산광역시","기장군","2024","01","04","11971221","7756"
"부산광역시","기장군","2024","01","05","10809970","7310"
"부산광역시","기장군","2024","01","06","10719710","6903"
"부산광역시","기장군","2024","01","07","13046840","8088"
"부산광역시","기장군","2024","01","08","11747270","7588"
"부산광역시","기장군","2024","01","09","10608120","7070"
"부산광역시","기장군","2024","01","10","10950290","7263"
"부산광역시","기장군","2024","01","11","11205200","7421"
"부산광역시","기장군","2024","01","12","10727330","7233"
"부산광역시","기장군","2024","01","13","10571460","6892"
"부산광역시","기장군","2024","01","14","12948490","8162"
"부산광역시","기장군","2024","01","15","12124932","7689"
"부산광역시","기장군","2024","01","16","11097020","7368"
"부산광역시","기장군","2024","01","17","11316100","7526"
"부산광역시","기장군","2024","01","18","9140771","6188"
"부산광역시","기장군","2024","01","19","12171880","7957"
"부산광역시","기장군","2024","01","20","8356430","5401"
"부산광역시","기장군","2024","01","21","15422660","9288"
"부산광역시","기장군","2024","01","22","12141930","7685"
"부산광역시","기장군","2024","01","23","9511401","6478"
"부산광역시","기장군","2024","01","24","10621620","7130"
"부산광역시","기장군","2024","01","25","10312590","6988"
"부산광역시","기장군","2024","01","26","10680890","7276"
"부산광역시","기장군","2024","01","27","10588710","6966"
"부산광역시","기장군","2024","01","28","12433700","7788"
"부산광역시","기장군","2024","01","29","11767370","7461"
"부산광역시","기장군","2024","01","30","10816880","7276"
"부산광역시","기장군","2024","01","31","10536830","7262"
"부산광역시","남구","2024","01","01","19680250","12360"
"부산광역시","남구","2024","01","02","19202220","12431"
"부산광역시","남구","2024","01","03","16483910","11309"
"부산광역시","남구","2024","01","04","16967610","11722"
"부산광역시","남구","2024","01","05","16109260","11223"
"부산광역시","남구","2024","01","06","15828040","10718"
"부산광역시","남구","2024","01","07","19472310","12409"
"부산광역시","남구","2024","01","08","17010550","11392"
"부산광역시","남구","2024","01","09","16305420","11261"
"부산광역시","남구","2024","01","10","15878300","11212"
"부산광역시","남구","2024","01","11","16068640","11345"
"부산광역시","남구","2024","01","12","15637010","11147"
"부산광역시","남구","2024","01","13","15830010","10863"
"부산광역시","남구","2024","01","14","19027190","12426"
"부산광역시","남구","2024","01","15","16387520","11324"
"부산광역시","남구","2024","01","16","16401630","11472"
"부산광역시","남구","2024","01","17","15920810","11367"
"부산광역시","남구","2024","01","18","13265430","9504"
"부산광역시","남구","2024","01","19","16251200","11762"
"부산광역시","남구","2024","01","20","12708210","8517"
"부산광역시","남구","2024","01","21","22284770","13966"
"부산광역시","남구","2024","01","22","16480440","11245"
"부산광역시","남구","2024","01","23","13791410","9705"
"부산광역시","남구","2024","01","24","14917620","10666"
"부산광역시","남구","2024","01","25","14751470","10380"
"부산광역시","남구","2024","01","26","14960370","10827"
"부산광역시","남구","2024","01","27","15254799","10520"
"부산광역시","남구","2024","01","28","18473100","12017"
"부산광역시","남구","2024","01","29","15825490","10905"
"부산광역시","남구","2024","01","30","16366380","11580"
"부산광역시","남구","2024","01","31","14996330","10907"
"부산광역시","동구","2024","01","01","3474850","2526"
"부산광역시","동구","2024","01","02","3057800","2190"
"부산광역시","동구","2024","01","03","2739850","2043"
"부산광역시","동구","2024","01","04","2730000","2079"
"부산광역시","동구","2024","01","05","2918850","2090"
"부산광역시","동구","2024","01","06","2894550","2091"
"부산광역시","동구","2024","01","07","3532400","2494"
"부산광역시","동구","2024","01","08","2766250","2070"
"부산광역시","동구","2024","01","09","2509800","2025"
"부산광역시","동구","2024","01","10","2670500","2041"
"부산광역시","동구","2024","01","11","2711050","2060"
"부산광역시","동구","2024","01","12","2725500","2028"
"부산광역시","동구","2024","01","13","2857800","2139"
"부산광역시","동구","2024","01","14","3494650","2520"
"부산광역시","동구","2024","01","15","2715900","2105"
"부산광역시","동구","2024","01","16","2532500","1984"
"부산광역시","동구","2024","01","17","2659250","2041"
"부산광역시","동구","2024","01","18","2371450","1868"
"부산광역시","동구","2024","01","19","2656200","2037"
"부산광역시","동구","2024","01","20","2384100","1782"
"부산광역시","동구","2024","01","21","3785300","2649"
"부산광역시","동구","2024","01","22","2746800","2092"
"부산광역시","동구","2024","01","23","2123150","1699"
"부산광역시","동구","2024","01","24","2489000","1976"
"부산광역시","동구","2024","01","25","2407500","1863"
"부산광역시","동구","2024","01","26","2532750","1957"
"부산광역시","동구","2024","01","27","2603850","2045"
"부산광역시","동구","2024","01","28","3207400","2292"
"부산광역시","동구","2024","01","29","2665950","1976"
"부산광역시","동구","2024","01","30","2648600","2041"
"부산광역시","동구","2024","01","31","2468400","1941"
"부산광역시","동래구","2024","01","01","20639100","12843"
"부산광역시","동래구","2024","01","02","19861250","12908"
"부산광역시","동래구","2024","01","03","17288400","11748"
"부산광역시","동래구","2024","01","04","17895850","12271"
"부산광역시","동래구","2024","01","05","16529750","11385"
"부산광역시","동래구","2024","01","06","16359850","10955"
"부산광역시","동래구","2024","01","07","21532400","13485"
"부산광역시","동래구","2024","01","08","18147800","12040"
"부산광역시","동래구","2024","01","09","17044750","11799"
"부산광역시","동래구","2024","01","10","16925250","11761"
"부산광역시","동래구","2024","01","11","16773050","11722"
"부산광역시","동래구","2024","01","12","15570750","11202"
"부산광역시","동래구","2024","01","13","15768450","10720"
"부산광역시","동래구","2024","01","14","21198950","13526"
"부산광역시","동래구","2024","01","15","17951050","12187"
"부산광역시","동래구","2024","01","16","17003600","11978"
"부산광역시","동래구","2024","01","17","16492850","11700"
"부산광역시","동래구","2024","01","18","14070400","9913"
"부산광역시","동래구","2024","01","19","16905500","11871"
"부산광역시","동래구","2024","01","20","13255400","8661"
"부산광역시","동래구","2024","01","21","23357800","14564"
"부산광역시","동래구","2024","01","22","18074550","11998"
"부산광역시","동래구","2024","01","23","14552600","10124"
"부산광역시","동래구","2024","01","24","15852700","11063"
"부산광역시","동래구","2024","01","25","15518950","10938"
"부산광역시","동래구","2024","01","26","15426700","10821"
"부산광역시","동래구","2024","01","27","14975950","10366"
"부산광역시","동래구","2024","01","28","20362350","13143"
"부산광역시","동래구","2024","01","29","17618200","11772"
"부산광역시","동래구","2024","01","30","16383650","11621"
"부산광역시","동래구","2024","01","31","15866150","11389"
"부산광역시","부산진구","2024","01","01","25168550","16382"
"부산광역시","부산진구","2024","01","02","23381400","15830"
"부산광역시","부산진구","2024","01","03","21020340","14943"
"부산광역시","부산진구","2024","01","04","19976600","14343"
"부산광역시","부산진구","2024","01","05","19634950","14180"
"부산광역시","부산진구","2024","01","06","19659910","13832"
"부산광역시","부산진구","2024","01","07","24495620","16025"
"부산광역시","부산진구","2024","01","08","21504400","14960"
"부산광역시","부산진구","2024","01","09","19998310","14250"
"부산광역시","부산진구","2024","01","10","20255070","14719"
"부산광역시","부산진구","2024","01","11","18909830","13907"
"부산광역시","부산진구","2024","01","12","18783140","13918"
"부산광역시","부산진구","2024","01","13","18626190","13277"
"부산광역시","부산진구","2024","01","14","24924950","16450"
"부산광역시","부산진구","2024","01","15","21516090","15140"
"부산광역시","부산진구","2024","01","16","19740800","14440"
"부산광역시","부산진구","2024","01","17","19276640","14651"
"부산광역시","부산진구","2024","01","18","16076440","11880"
"부산광역시","부산진구","2024","01","19","20587080","14965"
"부산광역시","부산진구","2024","01","20","15768090","10991"
"부산광역시","부산진구","2024","01","21","27437750","17962"
"부산광역시","부산진구","2024","01","22","20860010","14550"
"부산광역시","부산진구","2024","01","23","17399300","12423"
"부산광역시","부산진구","2024","01","24","19043770","13997"
"부산광역시","부산진구","2024","01","25","17878170","13022"
"부산광역시","부산진구","2024","01","26","18292730","13422"
"부산광역시","부산진구","2024","01","27","18823820","13288"
"부산광역시","부산진구","2024","01","28","23362500","15695"
"부산광역시","부산진구","2024","01","29","21123530","14984"
"부산광역시","부산진구","2024","01","30","19704680","14363"
"부산광역시","부산진구","2024","01","31","19492450","14501"
"부산광역시","북구","2024","01","01","25048460","14840"
"부산광역시","북구","2024","01","02","22431770","13996"
"부산광역시","북구","2024","01","03","20076810","13275"
"부산광역시","북구","2024","01","04","20210850","13341"
"부산광역시","북구","2024","01","05","18449350","12391"
"부산광역시","북구","2024","01","06","18756980","12120"
"부산광역시","북구","2024","01","07","23644970","14284"
"부산광역시","북구","2024","01","08","21170140","13480"
"부산광역시","북구","2024","01","09","19148110","12763"
"부산광역시","북구","2024","01","10","19557640","12858"
"부산광역시","북구","2024","01","11","19172010","13000"
"부산광역시","북구","2024","01","12","17670390","12100"
"부산광역시","북구","2024","01","13","18982750","12363"
"부산광역시","북구","2024","01","14","23313930","14668"
"부산광역시","북구","2024","01","15","20340460","13146"
"부산광역시","북구","2024","01","16","19574450","13026"
"부산광역시","북구","2024","01","17","18658600","12794"
"부산광역시","북구","2024","01","18","16203590","11057"
"부산광역시","북구","2024","01","19","19204780","13003"
"부산광역시","북구","2024","01","20","14795000","9387"
"부산광역시","북구","2024","01","21","26403670","16017"
"부산광역시","북구","2024","01","22","20739220","13284"
"부산광역시","북구","2024","01","23","16149730","11105"
"부산광역시","북구","2024","01","24","17439430","11947"
"부산광역시","북구","2024","01","25","17596520","11890"
"부산광역시","북구","2024","01","26","17215720","11805"
"부산광역시","북구","2024","01","27","18487420","11746"
"부산광역시","북구","2024","01","28","22691520","14081"
"부산광역시","북구","2024","01","29","18729610","12258"
"부산광역시","북구","2024","01","30","18856160","12787"
"부산광역시","북구","2024","01","31","18194260","12385"
"부산광역시","사상구","2024","01","01","18544950","12274"
"부산광역시","사상구","2024","01","02","17370080","12063"
"부산광역시","사상구","2024","01","03","15599120","11444"
"부산광역시","사상구","2024","01","04","15297890","11334"
"부산광역시","사상구","2024","01","05","14804540","11128"
"부산광역시","사상구","2024","01","06","14847940","10579"
"부산광역시","사상구","2024","01","07","17076310","11367"
"부산광역시","사상구","2024","01","08","16841600","11868"
"부산광역시","사상구","2024","01","09","14528590","10669"
"부산광역시","사상구","2024","01","10","15124820","11132"
"부산광역시","사상구","2024","01","11","14339160","10938"
"부산광역시","사상구","2024","01","12","14059090","10693"
"부산광역시","사상구","2024","01","13","14678710","10558"
"부산광역시","사상구","2024","01","14","17528760","11736"
"부산광역시","사상구","2024","01","15","16183300","11581"
"부산광역시","사상구","2024","01","16","14230820","10791"
"부산광역시","사상구","2024","01","17","14747610","11275"
"부산광역시","사상구","2024","01","18","12252170","9544"
"부산광역시","사상구","2024","01","19","15421320","11664"
"부산광역시","사상구","2024","01","20","11781470","8267"
"부산광역시","사상구","2024","01","21","19214120","12566"
"부산광역시","사상구","2024","01","22","15735380","11301"
"부산광역시","사상구","2024","01","23","12174150","9252"
"부산광역시","사상구","2024","01","24","14125180","10393"
"부산광역시","사상구","2024","01","25","13400050","10052"
"부산광역시","사상구","2024","01","26","13619410","10549"
"부산광역시","사상구","2024","01","27","14029800","10023"
"부산광역시","사상구","2024","01","28","16949130","11361"
"부산광역시","사상구","2024","01","29","14408770","10705"
"부산광역시","사상구","2024","01","30","14404490","10942"
"부산광역시","사상구","2024","01","31","13993110","10609"
"부산광역시","사하구","2024","01","01","24684650","15644"
"부산광역시","사하구","2024","01","02","22453100","14732"
"부산광역시","사하구","2024","01","03","20122600","13767"
"부산광역시","사하구","2024","01","04","19918400","13718"
"부산광역시","사하구","2024","01","05","19462600","13550"
"부산광역시","사하구","2024","01","06","18990550","12814"
"부산광역시","사하구","2024","01","07","23117900","14865"
"부산광역시","사하구","2024","01","08","21093000","14247"
"부산광역시","사하구","2024","01","09","18532400","12954"
"부산광역시","사하구","2024","01","10","19026350","13327"
"부산광역시","사하구","2024","01","11","18654750","13386"
"부산광역시","사하구","2024","01","12","17925550","13000"
"부산광역시","사하구","2024","01","13","19545900","13220"
"부산광역시","사하구","2024","01","14","22977750","14766"
"부산광역시","사하구","2024","01","15","19777500","13553"
"부산광역시","사하구","2024","01","16","19149100","13519"
"부산광역시","사하구","2024","01","17","18766950","13464"
"부산광역시","사하구","2024","01","18","14990400","10961"
"부산광역시","사하구","2024","01","19","20056650","14144"
"부산광역시","사하구","2024","01","20","15157450","10061"
"부산광역시","사하구","2024","01","21","26209900","16170"
"부산광역시","사하구","2024","01","22","20289000","13818"
"부산광역시","사하구","2024","01","23","15939100","11250"
"부산광역시","사하구","2024","01","24","17448100","12481"
"부산광역시","사하구","2024","01","25","16667200","11848"
"부산광역시","사하구","2024","01","26","17156550","12318"
"부산광역시","사하구","2024","01","27","18492800","12382"
"부산광역시","사하구","2024","01","28","21784650","13920"
"부산광역시","사하구","2024","01","29","18902550","12990"
"부산광역시","사하구","2024","01","30","18528350","13180"
"부산광역시","사하구","2024","01","31","17874200","12706"
"부산광역시","서구","2024","01","01","4941910","3158"
"부산광역시","서구","2024","01","02","4360710","2932"
"부산광역시","서구","2024","01","03","3995590","2873"
"부산광역시","서구","2024","01","04","4075460","2806"
"부산광역시","서구","2024","01","05","3654820","2664"
"부산광역시","서구","2024","01","06","4266160","2837"
"부산광역시","서구","2024","01","07","4836070","3129"
"부산광역시","서구","2024","01","08","4329720","2901"
"부산광역시","서구","2024","01","09","3659510","2595"
"부산광역시","서구","2024","01","10","4041710","2868"
"부산광역시","서구","2024","01","11","3827720","2726"
"부산광역시","서구","2024","01","12","3711620","2703"
"부산광역시","서구","2024","01","13","3868270","2656"
"부산광역시","서구","2024","01","14","4546640","3091"
"부산광역시","서구","2024","01","15","3987650","2798"
"부산광역시","서구","2024","01","16","3678040","2668"
"부산광역시","서구","2024","01","17","3687480","2799"
"부산광역시","서구","2024","01","18","3164020","2315"
"부산광역시","서구","2024","01","19","3925080","2819"
"부산광역시","서구","2024","01","20","3264930","2224"
"부산광역시","서구","2024","01","21","5083790","3405"
"부산광역시","서구","2024","01","22","3997430","2831"
"부산광역시","서구","2024","01","23","3142390","2246"
"부산광역시","서구","2024","01","24","3673210","2644"
"부산광역시","서구","2024","01","25","3342740","2465"
"부산광역시","서구","2024","01","26","3438600","2522"
"부산광역시","서구","2024","01","27","3751730","2612"
"부산광역시","서구","2024","01","28","4258230","2936"
"부산광역시","서구","2024","01","29","3911100","2709"
"부산광역시","서구","2024","01","30","3738930","2701"
"부산광역시","서구","2024","01","31","3757510","2714"
"부산광역시","수영구","2024","01","01","11292960","7589"
"부산광역시","수영구","2024","01","02","10180420","7169"
"부산광역시","수영구","2024","01","03","9195990","6713"
"부산광역시","수영구","2024","01","04","9576530","6956"
"부산광역시","수영구","2024","01","05","9057230","6662"
"부산광역시","수영구","2024","01","06","8887560","6509"
"부산광역시","수영구","2024","01","07","10520780","7296"
"부산광역시","수영구","2024","01","08","9659520","6929"
"부산광역시","수영구","2024","01","09","9149590","6633"
"부산광역시","수영구","2024","01","10","8984480","6631"
"부산광역시","수영구","2024","01","11","9061920","6695"
"부산광역시","수영구","2024","01","12","8757140","6572"
"부산광역시","수영구","2024","01","13","9041320","6484"
"부산광역시","수영구","2024","01","14","10539770","7387"
"부산광역시","수영구","2024","01","15","9147820","6772"
"부산광역시","수영구","2024","01","16","8731130","6634"
"부산광역시","수영구","2024","01","17","8899730","6689"
"부산광역시","수영구","2024","01","18","7422750","5621"
"부산광역시","수영구","2024","01","19","9644510","7151"
"부산광역시","수영구","2024","01","20","6632130","4859"
"부산광역시","수영구","2024","01","21","12199660","8135"
"부산광역시","수영구","2024","01","22","9460400","6852"
"부산광역시","수영구","2024","01","23","7432330","5521"
"부산광역시","수영구","2024","01","24","8592590","6379"
"부산광역시","수영구","2024","01","25","7956610","6038"
"부산광역시","수영구","2024","01","26","8388500","6387"
"부산광역시","수영구","2024","01","27","8761850","6342"
"부산광역시","수영구","2024","01","28","10283750","7089"
"부산광역시","수영구","2024","01","29","8833470","6425"
"부산광역시","수영구","2024","01","30","8462690","6450"
"부산광역시","수영구","2024","01","31","8569610","6488"
"부산광역시","연제구","2024","01","01","16016250","10399"
"부산광역시","연제구","2024","01","02","14801500","9973"
"부산광역시","연제구","2024","01","03","12518060","8918"
"부산광역시","연제구","2024","01","04","13299100","9335"
"부산광역시","연제구","2024","01","05","12204180","8784"
"부산광역시","연제구","2024","01","06","12866590","8890"
"부산광역시","연제구","2024","01","07","16409720","10802"
"부산광역시","연제구","2024","01","08","13453900","9300"
"부산광역시","연제구","2024","01","09","12593050","9029"
"부산광역시","연제구","2024","01","10","12007350","8875"
"부산광역시","연제구","2024","01","11","12978240","9336"
"부산광역시","연제구","2024","01","12","11727450","8699"
"부산광역시","연제구","2024","01","13","12097600","8601"
"부산광역시","연제구","2024","01","14","16846290","10971"
"부산광역시","연제구","2024","01","15","13382600","9389"
"부산광역시","연제구","2024","01","16","12538240","9242"
"부산광역시","연제구","2024","01","17","12434200","9027"
"부산광역시","연제구","2024","01","18","10814920","7896"
"부산광역시","연제구","2024","01","19","12898650","9348"
"부산광역시","연제구","2024","01","20","10038960","6843"
"부산광역시","연제구","2024","01","21","18834870","12239"
"부산광역시","연제구","2024","01","22","13311450","9183"
"부산광역시","연제구","2024","01","23","10700440","7745"
"부산광역시","연제구","2024","01","24","11775600","8445"
"부산광역시","연제구","2024","01","25","11936520","8737"
"부산광역시","연제구","2024","01","26","11636480","8576"
"부산광역시","연제구","2024","01","27","12298740","8584"
"부산광역시","연제구","2024","01","28","16490570","10889"
"부산광역시","연제구","2024","01","29","13037350","9319"
"부산광역시","연제구","2024","01","30","12484520","9212"
"부산광역시","연제구","2024","01","31","11871430","8751"
"부산광역시","영도구","2024","01","01","6808530","4537"
"부산광역시","영도구","2024","01","02","6049100","4297"
"부산광역시","영도구","2024","01","03","5586660","3935"
"부산광역시","영도구","2024","01","04","5423360","4052"
"부산광역시","영도구","2024","01","05","5370240","4028"
"부산광역시","영도구","2024","01","06","5385630","3773"
"부산광역시","영도구","2024","01","07","6306790","4161"
"부산광역시","영도구","2024","01","08","6077650","4220"
"부산광역시","영도구","2024","01","09","5045930","3722"
"부산광역시","영도구","2024","01","10","5082060","3754"
"부산광역시","영도구","2024","01","11","5583150","4018"
"부산광역시","영도구","2024","01","12","4946330","3809"
"부산광역시","영도구","2024","01","13","5235810","3829"
"부산광역시","영도구","2024","01","14","6151810","4195"
"부산광역시","영도구","2024","01","15","5705100","4104"
"부산광역시","영도구","2024","01","16","5116850","3868"
"부산광역시","영도구","2024","01","17","5037200","3843"
"부산광역시","영도구","2024","01","18","4310710","3232"
"부산광역시","영도구","2024","01","19","5349730","4003"
"부산광역시","영도구","2024","01","20","4103590","2792"
"부산광역시","영도구","2024","01","21","7235160","4725"
"부산광역시","영도구","2024","01","22","5874500","4129"
"부산광역시","영도구","2024","01","23","4346400","3194"
"부산광역시","영도구","2024","01","24","4984160","3657"
"부산광역시","영도구","2024","01","25","4851600","3642"
"부산광역시","영도구","2024","01","26","4875140","3719"
"부산광역시","영도구","2024","01","27","5030150","3559"
"부산광역시","영도구","2024","01","28","6032310","3977"
"부산광역시","영도구","2024","01","29","5343060","3861"
"부산광역시","영도구","2024","01","30","4974410","3830"
"부산광역시","영도구","2024","01","31","4940760","3674"
"부산광역시","중구","2024","01","01","473350","399"
"부산광역시","중구","2024","01","02","461450","426"
"부산광역시","중구","2024","01","03","438750","403"
"부산광역시","중구","2024","01","04","402450","401"
"부산광역시","중구","2024","01","05","401800","378"
"부산광역시","중구","2024","01","06","471000","405"
"부산광역시","중구","2024","01","07","487300","438"
"부산광역시","중구","2024","01","08","438550","415"
"부산광역시","중구","2024","01","09","363150","366"
"부산광역시","중구","2024","01","10","374550","371"
"부산광역시","중구","2024","01","11","359100","386"
"부산광역시","중구","2024","01","12","357650","353"
"부산광역시","중구","2024","01","13","522250","444"
"부산광역시","중구","2024","01","14","478700","437"
"부산광역시","중구","2024","01","15","409400","381"
"부산광역시","중구","2024","01","16","386850","393"
"부산광역시","중구","2024","01","17","438000","384"
"부산광역시","중구","2024","01","18","397150","362"
"부산광역시","중구","2024","01","19","367800","384"
"부산광역시","중구","2024","01","20","356100","348"
"부산광역시","중구","2024","01","21","571400","448"
"부산광역시","중구","2024","01","22","452950","395"
"부산광역시","중구","2024","01","23","388250","329"
"부산광역시","중구","2024","01","24","384300","365"
"부산광역시","중구","2024","01","25","362250","377"
"부산광역시","중구","2024","01","26","421250","376"
"부산광역시","중구","2024","01","27","487550","415"
"부산광역시","중구","2024","01","28","472350","416"
"부산광역시","중구","2024","01","29","445450","371"
"부산광역시","중구","2024","01","30","408750","389"
"부산광역시","중구","2024","01","31","397500","381"
"부산광역시","해운대구","2024","01","01","36379220","23120"
"부산광역시","해운대구","2024","01","02","35885810","23903"
"부산광역시","해운대구","2024","01","03","31945400","22197"
"부산광역시","해운대구","2024","01","04","31606780","21864"
"부산광역시","해운대구","2024","01","05","30845270","21484"
"부산광역시","해운대구","2024","01","06","29875520","20292"
"부산광역시","해운대구","2024","01","07","35237290","22855"
"부산광역시","해운대구","2024","01","08","33482300","22606"
"부산광역시","해운대구","2024","01","09","31291850","21777"
"부산광역시","해운대구","2024","01","10","30635720","21469"
"부산광역시","해운대구","2024","01","11","29967370","21528"
"부산광역시","해운대구","2024","01","12","29202360","20819"
"부산광역시","해운대구","2024","01","13","29044590","20117"
"부산광역시","해운대구","2024","01","14","35839270","23504"
"부산광역시","해운대구","2024","01","15","32272860","22151"
"부산광역시","해운대구","2024","01","16","29741780","21368"
"부산광역시","해운대구","2024","01","17","29988980","21762"
"부산광역시","해운대구","2024","01","18","24865650","17875"
"부산광역시","해운대구","2024","01","19","31403860","22252"
"부산광역시","해운대구","2024","01","20","22328650","14870"
"부산광역시","해운대구","2024","01","21","40483520","25466"
"부산광역시","해운대구","2024","01","22","33125460","22334"
"부산광역시","해운대구","2024","01","23","25943960","18254"
"부산광역시","해운대구","2024","01","24","27891850","20154"
"부산광역시","해운대구","2024","01","25","27005950","19356"
"부산광역시","해운대구","2024","01","26","28216450","20219"
"부산광역시","해운대구","2024","01","27","28878280","19618"
"부산광역시","해운대구","2024","01","28","33809370","22140"
"부산광역시","해운대구","2024","01","29","29899910","20585"
"부산광역시","해운대구","2024","01","30","29844320","21496"
"부산광역시","해운대구","2024","01","31","28936000","20995"
"서울특별시","강남구","2024","01","01","23295650","16320"
"서울특별시","강남구","2024","01","02","23335760","16022"
"서울특별시","강남구","2024","01","03","19537950","14568"
"서울특별시","강남구","2024","01","04","20462020","15431"
"서울특별시","강남구","2024","01","05","21188310","15730"
"서울특별시","강남구","2024","01","06","18943200","13871"
"서울특별시","강남구","2024","01","07","22445900","15952"
"서울특별시","강남구","2024","01","08","22646130","15941"
"서울특별시","강남구","2024","01","09","18851490","13450"
"서울특별시","강남구","2024","01","10","19888950","14843"
"서울특별시","강남구","2024","01","11","19739800","14663"
"서울특별시","강남구","2024","01","12","20089150","15021"
"서울특별시","강남구","2024","01","13","19044070","13988"
"서울특별시","강남구","2024","01","14","21833200","15577"
"서울특별시","강남구","2024","01","15","22318640","15917"
"서울특별시","강남구","2024","01","16","19483490","14404"
"서울특별시","강남구","2024","01","17","16464200","12445"
"서울특별시","강남구","2024","01","18","21152790","15647"
"서울특별시","강남구","2024","01","19","19827910","15011"
"서울특별시","강남구","2024","01","20","17603530","13184"
"서울특별시","강남구","2024","01","21","23481290","17058"
"서울특별시","강남구","2024","01","22","19853310","14312"
"서울특별시","강남구","2024","01","23","16992120","12687"
"서울특별시","강남구","2024","01","24","17970580","13610"
"서울특별시","강남구","2024","01","25","18772000","14250"
"서울특별시","강남구","2024","01","26","19385840","14761"
"서울특별시","강남구","2024","01","27","18171930","13686"
"서울특별시","강남구","2024","01","28","21627900","15646"
"서울특별시","강남구","2024","01","29","20803900","14890"
"서울특별시","강남구","2024","01","30","18755250","13959"
"서울특별시","강남구","2024","01","31","19184090","15008"
"서울특별시","강동구","2024","01","01","35645485","24229"
"서울특별시","강동구","2024","01","02","30258009","21036"
"서울특별시","강동구","2024","01","03","28901310","21123"
"서울특별시","강동구","2024","01","04","28071027","20832"
"서울특별시","강동구","2024","01","05","26577856","19742"
"서울특별시","강동구","2024","01","06","27884240","19856"
"서울특별시","강동구","2024","01","07","37534878","25842"
"서울특별시","강동구","2024","01","08","30027288","21463"
"서울특별시","강동구","2024","01","09","24357600","17764"
"서울특별시","강동구","2024","01","10","28995158","21586"
"서울특별시","강동구","2024","01","11","27499628","20603"
"서울특별시","강동구","2024","01","12","25478089","19315"
"서울특별시","강동구","2024","01","13","27413130","19986"
"서울특별시","강동구","2024","01","14","35412529","24845"
"서울특별시","강동구","2024","01","15","29472075","21219"
"서울특별시","강동구","2024","01","16","25198070","18901"
"서울특별시","강동구","2024","01","17","25440560","19063"
"서울특별시","강동구","2024","01","18","28975650","21556"
"서울특별시","강동구","2024","01","19","25768889","19404"
"서울특별시","강동구","2024","01","20","25636737","18708"
"서울특별시","강동구","2024","01","21","36096869","25557"
"서울특별시","강동구","2024","01","22","27110033","19851"
"서울특별시","강동구","2024","01","23","22367438","16894"
"서울특별시","강동구","2024","01","24","26898140","20064"
"서울특별시","강동구","2024","01","25","25471618","19287"
"서울특별시","강동구","2024","01","26","24756319","18701"
"서울특별시","강동구","2024","01","27","26780149","19265"
"서울특별시","강동구","2024","01","28","35619039","25261"
"서울특별시","강동구","2024","01","29","27934849","20558"
"서울특별시","강동구","2024","01","30","24985558","18927"
"서울특별시","강동구","2024","01","31","26989320","20666"
"서울특별시","강북구","2024","01","01","9203150","5921"
"서울특별시","강북구","2024","01","02","9006850","6007"
"서울특별시","강북구","2024","01","03","8151250","5809"
"서울특별시","강북구","2024","01","04","7055950","5193"
"서울특별시","강북구","2024","01","05","7036600","5154"
"서울특별시","강북구","2024","01","06","7120610","4878"
"서울특별시","강북구","2024","01","07","9048150","5947"
"서울특별시","강북구","2024","01","08","8241840","5608"
"서울특별시","강북구","2024","01","09","7010360","4975"
"서울특별시","강북구","2024","01","10","8261750","6013"
"서울특별시","강북구","2024","01","11","6924200","5062"
"서울특별시","강북구","2024","01","12","6849550","5058"
"서울특별시","강북구","2024","01","13","7090250","4953"
"서울특별시","강북구","2024","01","14","8685550","5801"
"서울특별시","강북구","2024","01","15","7961500","5456"
"서울특별시","강북구","2024","01","16","7178050","5335"
"서울특별시","강북구","2024","01","17","6973510","5083"
"서울특별시","강북구","2024","01","18","7457100","5428"
"서울특별시","강북구","2024","01","19","6732350","5006"
"서울특별시","강북구","2024","01","20","6800300","4819"
"서울특별시","강북구","2024","01","21","9194250","6103"
"서울특별시","강북구","2024","01","22","7024700","4957"
"서울특별시","강북구","2024","01","23","6401350","4741"
"서울특별시","강북구","2024","01","24","7611260","5477"
"서울특별시","강북구","2024","01","25","6709540","4868"
"서울특별시","강북구","2024","01","26","6583800","4895"
"서울특별시","강북구","2024","01","27","6921400","4778"
"서울특별시","강북구","2024","01","28","8871900","5937"
"서울특별시","강북구","2024","01","29","7676350","5418"
"서울특별시","강북구","2024","01","30","7313700","5258"
"서울특별시","강북구","2024","01","31","7500950","5641"
"서울특별시","강서구","2024","01","01","21192384","14538"
"서울특별시","강서구","2024","01","02","17600948","12165"
"서울특별시","강서구","2024","01","03","17173828","12238"
"서울특별시","강서구","2024","01","04","16936447","12301"
"서울특별시","강서구","2024","01","05","15133150","11150"
"서울특별시","강서구","2024","01","06","15999377","11317"
"서울특별시","강서구","2024","01","07","22718415","15613"
"서울특별시","강서구","2024","01","08","17392539","12386"
"서울특별시","강서구","2024","01","09","14577809","10467"
"서울특별시","강서구","2024","01","10","17035211","12348"
"서울특별시","강서구","2024","01","11","16781911","12229"
"서울특별시","강서구","2024","01","12","15092918","11079"
"서울특별시","강서구","2024","01","13","16125361","11472"
"서울특별시","강서구","2024","01","14","22150998","15275"
"서울특별시","강서구","2024","01","15","16997646","12132"
"서울특별시","강서구","2024","01","16","14820265","10859"
"서울특별시","강서구","2024","01","17","14882277","10617"
"서울특별시","강서구","2024","01","18","18030122","12851"
"서울특별시","강서구","2024","01","19","14892831","11029"
"서울특별시","강서구","2024","01","20","15584100","10950"
"서울특별시","강서구","2024","01","21","22192576","15565"
"서울특별시","강서구","2024","01","22","15755103","11281"
"서울특별시","강서구","2024","01","23","12656000","9446"
"서울특별시","강서구","2024","01","24","15037526","11234"
"서울특별시","강서구","2024","01","25","15562602","11478"
"서울특별시","강서구","2024","01","26","14404021","10755"
"서울특별시","강서구","2024","01","27","15514373","11170"
"서울특별시","강서구","2024","01","28","21599423","15191"
"서울특별시","강서구","2024","01","29","16469880","11639"
"서울특별시","강서구","2024","01","30","15077409","10981"
"서울특별시","강서구","2024","01","31","15997023","11687"
"서울특별시","관악구","2024","01","01","13492900","9129"
"서울특별시","관악구","2024","01","02","12591600","9204"
"서울특별시","관악구","2024","01","03","10117950","7487"
"서울특별시","관악구","2024","01","04","10435300","8165"
"서울특별시","관악구","2024","01","05","10026650","7759"
"서울특별시","관악구","2024","01","06","10668850","7842"
"서울특별시","관악구","2024","01","07","13110350","9230"
"서울특별시","관악구","2024","01","08","11101600","8350"
"서울특별시","관악구","2024","01","09","10287500","7566"
"서울특별시","관악구","2024","01","10","10284700","7904"
"서울특별시","관악구","2024","01","11","10705750","8316"
"서울특별시","관악구","2024","01","12","9772800","7680"
"서울특별시","관악구","2024","01","13","10731450","7761"
"서울특별시","관악구","2024","01","14","12886750","9099"
"서울특별시","관악구","2024","01","15","10756950","8265"
"서울특별시","관악구","2024","01","16","10626750","8210"
"서울특별시","관악구","2024","01","17","8463700","6510"
"서울특별시","관악구","2024","01","18","11180050","8714"
"서울특별시","관악구","2024","01","19","9875300","7687"
"서울특별시","관악구","2024","01","20","10092650","7440"
"서울특별시","관악구","2024","01","21","13458100","9587"
"서울특별시","관악구","2024","01","22","9555300","7328"
"서울특별시","관악구","2024","01","23","9182650","7343"
"서울특별시","관악구","2024","01","24","8749750","7060"
"서울특별시","관악구","2024","01","25","9691050","7730"
"서울특별시","관악구","2024","01","26","9678900","7605"
"서울특별시","관악구","2024","01","27","10309950","7606"
"서울특별시","관악구","2024","01","28","12733750","9249"
"서울특별시","관악구","2024","01","29","10834750","8180"
"서울특별시","관악구","2024","01","30","10915650","8439"
"서울특별시","관악구","2024","01","31","9697150","7559"
"서울특별시","광진구","2024","01","01","14415389","8989"
"서울특별시","광진구","2024","01","02","12650760","8394"
"서울특별시","광진구","2024","01","03","10825730","7361"
"서울특별시","광진구","2024","01","04","11432838","7852"
"서울특별시","광진구","2024","01","05","10355619","7168"
"서울특별시","광진구","2024","01","06","11351390","7339"
"서울특별시","광진구","2024","01","07","12980488","8227"
"서울특별시","광진구","2024","01","08","12177610","8190"
"서울특별시","광진구","2024","01","09","10523619","7152"
"서울특별시","광진구","2024","01","10","11028729","7645"
"서울특별시","광진구","2024","01","11","10785038","7522"
"서울특별시","광진구","2024","01","12","10230290","7056"
"서울특별시","광진구","2024","01","13","11100389","7326"
"서울특별시","광진구","2024","01","14","12881106","8111"
"서울특별시","광진구","2024","01","15","11812879","7921"
"서울특별시","광진구","2024","01","16","11387490","7754"
"서울특별시","광진구","2024","01","17","9525089","6618"
"서울특별시","광진구","2024","01","18","11253569","7903"
"서울특별시","광진구","2024","01","19","10149779","7180"
"서울특별시","광진구","2024","01","20","10528646","6943"
"서울특별시","광진구","2024","01","21","13083203","8470"
"서울특별시","광진구","2024","01","22","10691799","7295"
"서울특별시","광진구","2024","01","23","9727790","6773"
"서울특별시","광진구","2024","01","24","10311329","7145"
"서울특별시","광진구","2024","01","25","10364082","7198"
"서울특별시","광진구","2024","01","26","10021708","7051"
"서울특별시","광진구","2024","01","27","10694959","6990"
"서울특별시","광진구","2024","01","28","12910180","8270"
"서울특별시","광진구","2024","01","29","11106168","7740"
"서울특별시","광진구","2024","01","30","10531928","7465"
"서울특별시","광진구","2024","01","31","10148359","7289"
"서울특별시","구로구","2024","01","01","17476450","11350"
"서울특별시","구로구","2024","01","02","14685200","9811"
"서울특별시","구로구","2024","01","03","13585100","9458"
"서울특별시","구로구","2024","01","04","12957550","9299"
"서울특별시","구로구","2024","01","05","12459250","8953"
"서울특별시","구로구","2024","01","06","12939800","8954"
"서울특별시","구로구","2024","01","07","17090800","11503"
"서울특별시","구로구","2024","01","08","14296350","9827"
"서울특별시","구로구","2024","01","09","11547550","8247"
"서울특별시","구로구","2024","01","10","13132950","9591"
"서울특별시","구로구","2024","01","11","12691240","9094"
"서울특별시","구로구","2024","01","12","12208740","8746"
"서울특별시","구로구","2024","01","13","12702500","8790"
"서울특별시","구로구","2024","01","14","16240960","11063"
"서울특별시","구로구","2024","01","15","13936400","9612"
"서울특별시","구로구","2024","01","16","12467300","8902"
"서울특별시","구로구","2024","01","17","11061700","8177"
"서울특별시","구로구","2024","01","18","13549650","9648"
"서울특별시","구로구","2024","01","19","12240250","8823"
"서울특별시","구로구","2024","01","20","12116710","8380"
"서울특별시","구로구","2024","01","21","17063100","11525"
"서울특별시","구로구","2024","01","22","12619800","8767"
"서울특별시","구로구","2024","01","23","10260400","7549"
"서울특별시","구로구","2024","01","24","12301900","8787"
"서울특별시","구로구","2024","01","25","11594900","8494"
"서울특별시","구로구","2024","01","26","12125910","8698"
"서울특별시","구로구","2024","01","27","12273150","8494"
"서울특별시","구로구","2024","01","28","16673250","11475"
"서울특별시","구로구","2024","01","29","13393600","9237"
"서울특별시","구로구","2024","01","30","12464650","8848"
"서울특별시","구로구","2024","01","31","12478000","9096"
"서울특별시","금천구","2024","01","01","10987600","7411"
"서울특별시","금천구","2024","01","02","9799300","6654"
"서울특별시","금천구","2024","01","03","8693650","6086"
"서울특별시","금천구","2024","01","04","8908450","6379"
"서울특별시","금천구","2024","01","05","8368950","6093"
"서울특별시","금천구","2024","01","06","9161200","6360"
"서울특별시","금천구","2024","01","07","11550000","7827"
"서울특별시","금천구","2024","01","08","9607000","6680"
"서울특별시","금천구","2024","01","09","7607850","5413"
"서울특별시","금천구","2024","01","10","8629250","6259"
"서울특별시","금천구","2024","01","11","8532250","6111"
"서울특별시","금천구","2024","01","12","8616150","6143"
"서울특별시","금천구","2024","01","13","8948200","6423"
"서울특별시","금천구","2024","01","14","11587100","7869"
"서울특별시","금천구","2024","01","15","9189500","6377"
"서울특별시","금천구","2024","01","16","8193000","5938"
"서울특별시","금천구","2024","01","17","7235400","5267"
"서울특별시","금천구","2024","01","18","9362250","6707"
"서울특별시","금천구","2024","01","19","8575600","6271"
"서울특별시","금천구","2024","01","20","8332950","5822"
"서울특별시","금천구","2024","01","21","11593100","7988"
"서울특별시","금천구","2024","01","22","8211350","5759"
"서울특별시","금천구","2024","01","23","6554650","4929"
"서울특별시","금천구","2024","01","24","7749100","5604"
"서울특별시","금천구","2024","01","25","7566250","5515"
"서울특별시","금천구","2024","01","26","8070200","5967"
"서울특별시","금천구","2024","01","27","8809800","6243"
"서울특별시","금천구","2024","01","28","10958750","7728"
"서울특별시","금천구","2024","01","29","8227350","5925"
"서울특별시","금천구","2024","01","30","8181950","5928"
"서울특별시","금천구","2024","01","31","8091050","5944"
"서울특별시","노원구","2024","01","01","54568649","38201"
"서울특별시","노원구","2024","01","02","49031300","36605"
"서울특별시","노원구","2024","01","03","43689250","34039"
"서울특별시","노원구","2024","01","04","41410500","33272"
"서울특별시","노원구","2024","01","05","39989700","32434"
"서울특별시","노원구","2024","01","06","42428150","32531"
"서울특별시","노원구","2024","01","07","52034250","37313"
"서울특별시","노원구","2024","01","08","45074650","34774"
"서울특별시","노원구","2024","01","09","39889700","31207"
"서울특별시","노원구","2024","01","10","43600950","34769"
"서울특별시","노원구","2024","01","11","40227249","32823"
"서울특별시","노원구","2024","01","12","38937150","31546"
"서울특별시","노원구","2024","01","13","42861000","32622"
"서울특별시","노원구","2024","01","14","49407750","35867"
"서울특별시","노원구","2024","01","15","44589750","34160"
"서울특별시","노원구","2024","01","16","41612150","33633"
"서울특별시","노원구","2024","01","17","36810050","29798"
"서울특별시","노원구","2024","01","18","43233200","34742"
"서울특별시","노원구","2024","01","19","39673650","32175"
"서울특별시","노원구","2024","01","20","39869500","30734"
"서울특별시","노원구","2024","01","21","51684100","38237"
"서울특별시","노원구","2024","01","22","40554550","31452"
"서울특별시","노원구","2024","01","23","35375650","29104"
"서울특별시","노원구","2024","01","24","39676950","32030"
"서울특별시","노원구","2024","01","25","37810500","30904"
"서울특별시","노원구","2024","01","26","37536700","30841"
"서울특별시","노원구","2024","01","27","40390550","31453"
"서울특별시","노원구","2024","01","28","50007700","37039"
"서울특별시","노원구","2024","01","29","42191050","32925"
"서울특별시","노원구","2024","01","30","41380950","33585"
"서울특별시","노원구","2024","01","31","40853800","33427"
"서울특별시","도봉구","2024","01","01","29492650","20550"
"서울특별시","도봉구","2024","01","02","30494350","18556"
"서울특별시","도봉구","2024","01","03","24992200","17651"
"서울특별시","도봉구","2024","01","04","23703400","17544"
"서울특별시","도봉구","2024","01","05","23740850","17139"
"서울특별시","도봉구","2024","01","06","24595350","16738"
"서울특별시","도봉구","2024","01","07","27298550","19611"
"서울특별시","도봉구","2024","01","08","27179700","18604"
"서울특별시","도봉구","2024","01","09","21667150","15630"
"서울특별시","도봉구","2024","01","10","24669500","18237"
"서울특별시","도봉구","2024","01","11","22968250","17166"
"서울특별시","도봉구","2024","01","12","22623000","16727"
"서울특별시","도봉구","2024","01","13","24705350","17143"
"서울특별시","도봉구","2024","01","14","26200200","18853"
"서울특별시","도봉구","2024","01","15","26809900","18078"
"서울특별시","도봉구","2024","01","16","23426400","17233"
"서울특별시","도봉구","2024","01","17","21073450","15579"
"서울특별시","도봉구","2024","01","18","24397050","18175"
"서울특별시","도봉구","2024","01","19","22973050","17154"
"서울특별시","도봉구","2024","01","20","23671290","16324"
"서울특별시","도봉구","2024","01","21","26938500","19625"
"서울특별시","도봉구","2024","01","22","25554140","17041"
"서울특별시","도봉구","2024","01","23","19845400","14825"
"서울특별시","도봉구","2024","01","24","22277350","16849"
"서울특별시","도봉구","2024","01","25","21892150","16362"
"서울특별시","도봉구","2024","01","26","22467050","16365"
"서울특별시","도봉구","2024","01","27","24202900","16610"
"서울특별시","도봉구","2024","01","28","26661750","19361"
"서울특별시","도봉구","2024","01","29","25959050","17256"
"서울특별시","도봉구","2024","01","30","23219600","17127"
"서울특별시","도봉구","2024","01","31","23780950","17504"
"서울특별시","동대문구","2024","01","01","21241830","14309"
"서울특별시","동대문구","2024","01","02","17868290","12715"
"서울특별시","동대문구","2024","01","03","17132000","12817"
"서울특별시","동대문구","2024","01","04","16042460","12246"
"서울특별시","동대문구","2024","01","05","15380560","11879"
"서울특별시","동대문구","2024","01","06","15914730","11801"
"서울특별시","동대문구","2024","01","07","20820920","14521"
"서울특별시","동대문구","2024","01","08","17142960","12684"
"서울특별시","동대문구","2024","01","09","14334600","10921"
"서울특별시","동대문구","2024","01","10","16860300","12757"
"서울특별시","동대문구","2024","01","11","15443470","11856"
"서울특별시","동대문구","2024","01","12","14963770","11594"
"서울특별시","동대문구","2024","01","13","15857510","11718"
"서울특별시","동대문구","2024","01","14","19460730","13810"
"서울특별시","동대문구","2024","01","15","16865640","12455"
"서울특별시","동대문구","2024","01","16","15055580","11725"
"서울특별시","동대문구","2024","01","17","14471400","11158"
"서울특별시","동대문구","2024","01","18","16332130","12641"
"서울특별시","동대문구","2024","01","19","14861460","11698"
"서울특별시","동대문구","2024","01","20","15002700","11210"
"서울특별시","동대문구","2024","01","21","20465090","14566"
"서울특별시","동대문구","2024","01","22","15061150","11440"
"서울특별시","동대문구","2024","01","23","12962500","9960"
"서울특별시","동대문구","2024","01","24","15526420","11972"
"서울특별시","동대문구","2024","01","25","14684570","11363"
"서울특별시","동대문구","2024","01","26","14188180","11097"
"서울특별시","동대문구","2024","01","27","15470670","11575"
"서울특별시","동대문구","2024","01","28","19868270","14313"
"서울특별시","동대문구","2024","01","29","16193950","12088"
"서울특별시","동대문구","2024","01","30","14823500","11522"
"서울특별시","동대문구","2024","01","31","15837520","12344"
"서울특별시","동작구","2024","01","01","22089750","15704"
"서울특별시","동작구","2024","01","02","19910100","14701"
"서울특별시","동작구","2024","01","03","18183800","13953"
"서울특별시","동작구","2024","01","04","17166200","13497"
"서울특별시","동작구","2024","01","05","15870950","12638"
"서울특별시","동작구","2024","01","06","16798450","12835"
"서울특별시","동작구","2024","01","07","22327100","16081"
"서울특별시","동작구","2024","01","08","18741300","14111"
"서울특별시","동작구","2024","01","09","15942000","12329"
"서울특별시","동작구","2024","01","10","18121400","14232"
"서울특별시","동작구","2024","01","11","16762050","13354"
"서울특별시","동작구","2024","01","12","15431200","12424"
"서울특별시","동작구","2024","01","13","17171700","13032"
"서울특별시","동작구","2024","01","14","21619450","15623"
"서울특별시","동작구","2024","01","15","17909450","13552"
"서울특별시","동작구","2024","01","16","16765700","13319"
"서울특별시","동작구","2024","01","17","15093500","11995"
"서울특별시","동작구","2024","01","18","17835800","14066"
"서울특별시","동작구","2024","01","19","16124900","12811"
"서울특별시","동작구","2024","01","20","16030350","12165"
"서울특별시","동작구","2024","01","21","21658000","15967"
"서울특별시","동작구","2024","01","22","16497350","12757"
"서울특별시","동작구","2024","01","23","14269250","11395"
"서울특별시","동작구","2024","01","24","16464750","13204"
"서울특별시","동작구","2024","01","25","15165000","12316"
"서울특별시","동작구","2024","01","26","15432540","12411"
"서울특별시","동작구","2024","01","27","16685400","12761"
"서울특별시","동작구","2024","01","28","21221980","15754"
"서울특별시","동작구","2024","01","29","16643800","12636"
"서울특별시","동작구","2024","01","30","16712800","13382"
"서울특별시","동작구","2024","01","31","16851200","13614"
"서울특별시","마포구","2024","01","01","29066990","20346"
"서울특별시","마포구","2024","01","02","28692950","17411"
"서울특별시","마포구","2024","01","03","22513850","17115"
"서울특별시","마포구","2024","01","04","26833750","16966"
"서울특별시","마포구","2024","01","05","20852150","16022"
"서울특별시","마포구","2024","01","06","27001500","15686"
"서울특별시","마포구","2024","01","07","34216900","22002"
"서울특별시","마포구","2024","01","08","24078350","17745"
"서울특별시","마포구","2024","01","09","24255250","15268"
"서울특별시","마포구","2024","01","10","22566550","17202"
"서울특별시","마포구","2024","01","11","26017100","16435"
"서울특별시","마포구","2024","01","12","20020400","15713"
"서울특별시","마포구","2024","01","13","27787250","16387"
"서울특별시","마포구","2024","01","14","32223200","21262"
"서울특별시","마포구","2024","01","15","22888350","17147"
"서울특별시","마포구","2024","01","16","25027750","16261"
"서울특별시","마포구","2024","01","17","18985100","14624"
"서울특별시","마포구","2024","01","18","26300100","17488"
"서울특별시","마포구","2024","01","19","20003300","15850"
"서울특별시","마포구","2024","01","20","25995350","15190"
"서울특별시","마포구","2024","01","21","32111200","21250"
"서울특별시","마포구","2024","01","22","21394650","16261"
"서울특별시","마포구","2024","01","23","22755200","14101"
"서울특별시","마포구","2024","01","24","20254600","15853"
"서울특별시","마포구","2024","01","25","23836750","15431"
"서울특별시","마포구","2024","01","26","19730600","15359"
"서울특별시","마포구","2024","01","27","26185450","15675"
"서울특별시","마포구","2024","01","28","31609350","21373"
"서울특별시","마포구","2024","01","29","20819350","15911"
"서울특별시","마포구","2024","01","30","25170800","16366"
"서울특별시","마포구","2024","01","31","20907700","16360"
"서울특별시","서대문구","2024","01","01","18971450","13003"
"서울특별시","서대문구","2024","01","02","16423900","11974"
"서울특별시","서대문구","2024","01","03","15433650","11797"
"서울특별시","서대문구","2024","01","04","15372600","11828"
"서울특별시","서대문구","2024","01","05","13416350","10367"
"서울특별시","서대문구","2024","01","06","14212450","10515"
"서울특별시","서대문구","2024","01","07","19621100","13987"
"서울특별시","서대문구","2024","01","08","15697400","11583"
"서울특별시","서대문구","2024","01","09","13709600","10270"
"서울특별시","서대문구","2024","01","10","15617950","12075"
"서울특별시","서대문구","2024","01","11","14753150","11519"
"서울특별시","서대문구","2024","01","12","13093050","10382"
"서울특별시","서대문구","2024","01","13","14040650","10500"
"서울특별시","서대문구","2024","01","14","19360100","13735"
"서울특별시","서대문구","2024","01","15","15662850","11548"
"서울특별시","서대문구","2024","01","16","14188650","10908"
"서울특별시","서대문구","2024","01","17","13166350","10400"
"서울특별시","서대문구","2024","01","18","15587350","12058"
"서울특별시","서대문구","2024","01","19","13227650","10471"
"서울특별시","서대문구","2024","01","20","13263850","9897"
"서울특별시","서대문구","2024","01","21","19947850","14365"
"서울특별시","서대문구","2024","01","22","13895150","10453"
"서울특별시","서대문구","2024","01","23","12456500","9635"
"서울특별시","서대문구","2024","01","24","14260900","11096"
"서울특별시","서대문구","2024","01","25","14063100","10910"
"서울특별시","서대문구","2024","01","26","12839600","9971"
"서울특별시","서대문구","2024","01","27","13489900","10181"
"서울특별시","서대문구","2024","01","28","18881850","13733"
"서울특별시","서대문구","2024","01","29","14738850","11062"
"서울특별시","서대문구","2024","01","30","14053600","10935"
"서울특별시","서대문구","2024","01","31","14486350","11586"
"서울특별시","서초구","2024","01","01","14996310","10269"
"서울특별시","서초구","2024","01","02","16033950","10935"
"서울특별시","서초구","2024","01","03","14047740","9921"
"서울특별시","서초구","2024","01","04","14133390","10224"
"서울특별시","서초구","2024","01","05","13335690","9956"
"서울특별시","서초구","2024","01","06","12904280","9189"
"서울특별시","서초구","2024","01","07","15536110","10670"
"서울특별시","서초구","2024","01","08","15436100","10706"
"서울특별시","서초구","2024","01","09","13068750","9313"
"서울특별시","서초구","2024","01","10","14228750","10235"
"서울특별시","서초구","2024","01","11","13865550","10084"
"서울특별시","서초구","2024","01","12","13006600","9801"
"서울특별시","서초구","2024","01","13","13104350","9440"
"서울특별시","서초구","2024","01","14","14763150","10225"
"서울특별시","서초구","2024","01","15","14651600","10419"
"서울특별시","서초구","2024","01","16","13495120","9986"
"서울특별시","서초구","2024","01","17","11963440","8737"
"서울특별시","서초구","2024","01","18","14448350","10626"
"서울특별시","서초구","2024","01","19","12822650","9860"
"서울특별시","서초구","2024","01","20","11771900","8596"
"서울특별시","서초구","2024","01","21","15741860","10816"
"서울특별시","서초구","2024","01","22","13395950","9599"
"서울특별시","서초구","2024","01","23","11808020","8803"
"서울특별시","서초구","2024","01","24","12693580","9417"
"서울특별시","서초구","2024","01","25","13307260","9865"
"서울특별시","서초구","2024","01","26","12723340","9541"
"서울특별시","서초구","2024","01","27","12764470","9191"
"서울특별시","서초구","2024","01","28","14624940","10331"
"서울특별시","서초구","2024","01","29","14149660","9920"
"서울특별시","서초구","2024","01","30","13795350","10132"
"서울특별시","서초구","2024","01","31","12846910","9796"
"서울특별시","성동구","2024","01","01","20903600","13568"
"서울특별시","성동구","2024","01","02","17840950","11997"
"서울특별시","성동구","2024","01","03","16803776","11969"
"서울특별시","성동구","2024","01","04","16495300","11800"
"서울특별시","성동구","2024","01","05","15307076","11005"
"서울특별시","성동구","2024","01","06","15541050","10511"
"서울특별시","성동구","2024","01","07","21304350","14026"
"서울특별시","성동구","2024","01","08","18152600","12386"
"서울특별시","성동구","2024","01","09","14337923","10242"
"서울특별시","성동구","2024","01","10","16421300","12070"
"서울특별시","성동구","2024","01","11","15426050","11387"
"서울특별시","성동구","2024","01","12","14572150","10793"
"서울특별시","성동구","2024","01","13","15836950","10817"
"서울특별시","성동구","2024","01","14","20066500","13376"
"서울특별시","성동구","2024","01","15","16856650","12009"
"서울특별시","성동구","2024","01","16","15008750","11053"
"서울특별시","성동구","2024","01","17","14423200","10604"
"서울특별시","성동구","2024","01","18","16939750","12183"
"서울특별시","성동구","2024","01","19","15017400","11137"
"서울특별시","성동구","2024","01","20","14261550","9861"
"서울특별시","성동구","2024","01","21","20622750","13796"
"서울특별시","성동구","2024","01","22","16164100","11322"
"서울특별시","성동구","2024","01","23","13419950","9849"
"서울특별시","성동구","2024","01","24","15090550","11133"
"서울특별시","성동구","2024","01","25","15206950","11065"
"서울특별시","성동구","2024","01","26","14610250","10670"
"서울특별시","성동구","2024","01","27","15264250","10389"
"서울특별시","성동구","2024","01","28","20178300","13797"
"서울특별시","성동구","2024","01","29","16201450","11379"
"서울특별시","성동구","2024","01","30","15040150","11025"
"서울특별시","성동구","2024","01","31","15464575","11456"
"서울특별시","성북구","2024","01","01","21638150","14413"
"서울특별시","성북구","2024","01","02","19212400","13315"
"서울특별시","성북구","2024","01","03","17671750","12944"
"서울특별시","성북구","2024","01","04","16668900","12586"
"서울특별시","성북구","2024","01","05","15716950","11768"
"서울특별시","성북구","2024","01","06","16983700","11988"
"서울특별시","성북구","2024","01","07","22078450","15160"
"서울특별시","성북구","2024","01","08","18420400","13255"
"서울특별시","성북구","2024","01","09","15137000","11001"
"서울특별시","성북구","2024","01","10","18065950","13414"
"서울특별시","성북구","2024","01","11","16403750","12247"
"서울특별시","성북구","2024","01","12","15228250","11586"
"서울특별시","성북구","2024","01","13","16586200","11798"
"서울특별시","성북구","2024","01","14","21707900","14930"
"서울특별시","성북구","2024","01","15","18124650","13167"
"서울특별시","성북구","2024","01","16","15609300","11937"
"서울특별시","성북구","2024","01","17","15214450","11456"
"서울특별시","성북구","2024","01","18","17521300","12993"
"서울특별시","성북구","2024","01","19","15039400","11570"
"서울특별시","성북구","2024","01","20","15936100","11435"
"서울특별시","성북구","2024","01","21","22628500","15638"
"서울특별시","성북구","2024","01","22","15803800","11721"
"서울특별시","성북구","2024","01","23","13775350","10388"
"서울특별시","성북구","2024","01","24","16324250","12329"
"서울특별시","성북구","2024","01","25","15649300","11822"
"서울특별시","성북구","2024","01","26","14956850","11378"
"서울특별시","성북구","2024","01","27","15913450","11431"
"서울특별시","성북구","2024","01","28","21804650","15139"
"서울특별시","성북구","2024","01","29","17615900","12934"
"서울특별시","성북구","2024","01","30","15878850","11973"
"서울특별시","성북구","2024","01","31","16753350","12775"
"서울특별시","송파구","2024","01","01","63597750","41940"
"서울특별시","송파구","2024","01","02","53785960","36600"
"서울특별시","송파구","2024","01","03","47925100","33910"
"서울특별시","송파구","2024","01","04","51901350","37713"
"서울특별시","송파구","2024","01","05","47467550","34697"
"서울특별시","송파구","2024","01","06","46351350","32670"
"서울특별시","송파구","2024","01","07","58740650","39640"
"서울특별시","송파구","2024","01","08","54977700","38398"
"서울특별시","송파구","2024","01","09","43512750","31141"
"서울특별시","송파구","2024","01","10","48788200","35173"
"서울특별시","송파구","2024","01","11","49718200","36157"
"서울특별시","송파구","2024","01","12","45672550","33891"
"서울특별시","송파구","2024","01","13","46863600","32923"
"서울특별시","송파구","2024","01","14","56680450","38730"
"서울특별시","송파구","2024","01","15","53252500","37756"
"서울특별시","송파구","2024","01","16","45014100","33178"
"서울특별시","송파구","2024","01","17","40355500","29818"
"서울특별시","송파구","2024","01","18","53113950","38601"
"서울특별시","송파구","2024","01","19","45763300","34236"
"서울특별시","송파구","2024","01","20","43117050","30582"
"서울특별시","송파구","2024","01","21","59119400","40516"
"서울특별시","송파구","2024","01","22","48198952","34549"
"서울특별시","송파구","2024","01","23","38120350","28328"
"서울특별시","송파구","2024","01","24","43419350","31979"
"서울특별시","송파구","2024","01","25","46805100","34452"
"서울특별시","송파구","2024","01","26","44283700","33143"
"서울특별시","송파구","2024","01","27","45097750","31846"
"서울특별시","송파구","2024","01","28","57432700","39637"
"서울특별시","송파구","2024","01","29","50960000","36160"
"서울특별시","송파구","2024","01","30","44598200","32884"
"서울특별시","송파구","2024","01","31","44882550","33531"
"서울특별시","양천구","2024","01","01","17778700","11340"
"서울특별시","양천구","2024","01","02","15699600","10385"
"서울특별시","양천구","2024","01","03","14406500","9762"
"서울특별시","양천구","2024","01","04","14277100","9814"
"서울특별시","양천구","2024","01","05","14058100","9489"
"서울특별시","양천구","2024","01","06","13982200","9020"
"서울특별시","양천구","2024","01","07","18777050","12071"
"서울특별시","양천구","2024","01","08","15634550","10279"
"서울특별시","양천구","2024","01","09","13481050","9156"
"서울특별시","양천구","2024","01","10","14488900","9855"
"서울특별시","양천구","2024","01","11","14268050","9705"
"서울특별시","양천구","2024","01","12","13782700","9320"
"서울특별시","양천구","2024","01","13","14164000","9247"
"서울특별시","양천구","2024","01","14","18455000","11959"
"서울특별시","양천구","2024","01","15","14946500","9744"
"서울특별시","양천구","2024","01","16","13829400","9499"
"서울특별시","양천구","2024","01","17","12142800","8392"
"서울특별시","양천구","2024","01","18","14379350","9928"
"서울특별시","양천구","2024","01","19","13866550","9493"
"서울특별시","양천구","2024","01","20","13405550","8771"
"서울특별시","양천구","2024","01","21","18485500","12121"
"서울특별시","양천구","2024","01","22","13810800","9191"
"서울특별시","양천구","2024","01","23","11960250","8289"
"서울특별시","양천구","2024","01","24","13056600","9014"
"서울특별시","양천구","2024","01","25","13385300","9034"
"서울특별시","양천구","2024","01","26","13457250","9065"
"서울특별시","양천구","2024","01","27","13369100","8839"
"서울특별시","양천구","2024","01","28","18085650","11946"
"서울특별시","양천구","2024","01","29","13851800","9317"
"서울특별시","양천구","2024","01","30","13851000","9622"
"서울특별시","양천구","2024","01","31","13397200","9360"
"서울특별시","영등포구","2024","01","01","33853778","22592"
"서울특별시","영등포구","2024","01","02","28541369","19689"
"서울특별시","영등포구","2024","01","03","26456440","19463"
"서울특별시","영등포구","2024","01","04","25169918","18367"
"서울특별시","영등포구","2024","01","05","23781696","17742"
"서울특별시","영등포구","2024","01","06","26032846","18189"
"서울특별시","영등포구","2024","01","07","33893696","23403"
"서울특별시","영등포구","2024","01","08","27570589","19535"
"서울특별시","영등포구","2024","01","09","23300673","17047"
"서울특별시","영등포구","2024","01","10","27327396","19997"
"서울특별시","영등포구","2024","01","11","24105723","18011"
"서울특별시","영등포구","2024","01","12","23710761","17668"
"서울특별시","영등포구","2024","01","13","25386718","17906"
"서울특별시","영등포구","2024","01","14","33452200","23093"
"서울특별시","영등포구","2024","01","15","26473540","19054"
"서울특별시","영등포구","2024","01","16","24216541","17754"
"서울특별시","영등포구","2024","01","17","22661596","17065"
"서울특별시","영등포구","2024","01","18","26027723","19207"
"서울특별시","영등포구","2024","01","19","23766219","17638"
"서울특별시","영등포구","2024","01","20","24019600","17046"
"서울특별시","영등포구","2024","01","21","34426496","24146"
"서울특별시","영등포구","2024","01","22","23502650","17225"
"서울특별시","영등포구","2024","01","23","19922241","15113"
"서울특별시","영등포구","2024","01","24","23876206","18129"
"서울특별시","영등포구","2024","01","25","22737906","17130"
"서울특별시","영등포구","2024","01","26","22910173","17221"
"서울특별시","영등포구","2024","01","27","25338450","17224"
"서울특별시","영등포구","2024","01","28","33092600","23159"
"서울특별시","영등포구","2024","01","29","26327810","18845"
"서울특별시","영등포구","2024","01","30","26032791","17600"
"서울특별시","영등포구","2024","01","31","24966846","18891"
"서울특별시","용산구","2024","01","01","2736800","2062"
"서울특별시","용산구","2024","01","02","2954200","2028"
"서울특별시","용산구","2024","01","03","2593750","1834"
"서울특별시","용산구","2024","01","04","2764700","1928"
"서울특별시","용산구","2024","01","05","2587950","1904"
"서울특별시","용산구","2024","01","06","2324600","1774"
"서울특별시","용산구","2024","01","07","3000500","2135"
"서울특별시","용산구","2024","01","08","2871600","1982"
"서울특별시","용산구","2024","01","09","2547650","1844"
"서울특별시","용산구","2024","01","10","2475050","1856"
"서울특별시","용산구","2024","01","11","2558600","1931"
"서울특별시","용산구","2024","01","12","2532250","1940"
"서울특별시","용산구","2024","01","13","2701550","2007"
"서울특별시","용산구","2024","01","14","3070000","2229"
"서울특별시","용산구","2024","01","15","3114800","2281"
"서울특별시","용산구","2024","01","16","2959950","2294"
"서울특별시","용산구","2024","01","17","2809350","2067"
"서울특별시","용산구","2024","01","18","3283600","2477"
"서울특별시","용산구","2024","01","19","2950050","2244"
"서울특별시","용산구","2024","01","20","3075450","2326"
"서울특별시","용산구","2024","01","21","3700900","2746"
"서울특별시","용산구","2024","01","22","3107100","2268"
"서울특별시","용산구","2024","01","23","2890650","2151"
"서울특별시","용산구","2024","01","24","3105550","2273"
"서울특별시","용산구","2024","01","25","3077700","2299"
"서울특별시","용산구","2024","01","26","3076150","2323"
"서울특별시","용산구","2024","01","27","3030550","2318"
"서울특별시","용산구","2024","01","28","3522650","2600"
"서울특별시","용산구","2024","01","29","3352700","2489"
"서울특별시","용산구","2024","01","30","3115150","2396"
"서울특별시","용산구","2024","01","31","3160400","2372"
"서울특별시","은평구","2024","01","01","14478332","9723"
"서울특별시","은평구","2024","01","02","10370450","7165"
"서울특별시","은평구","2024","01","03","10253114","7087"
"서울특별시","은평구","2024","01","04","10568002","7543"
"서울특별시","은평구","2024","01","05","9191943","6678"
"서울특별시","은평구","2024","01","06","9509289","6596"
"서울특별시","은평구","2024","01","07","14297386","9608"
"서울특별시","은평구","2024","01","08","11171103","7917"
"서울특별시","은평구","2024","01","09","8531361","6169"
"서울특별시","은평구","2024","01","10","9641092","6962"
"서울특별시","은평구","2024","01","11","10336209","7477"
"서울특별시","은평구","2024","01","12","9492022","6743"
"서울특별시","은평구","2024","01","13","9730365","6923"
"서울특별시","은평구","2024","01","14","14082609","9533"
"서울특별시","은평구","2024","01","15","10868329","7801"
"서울특별시","은평구","2024","01","16","8917256","6512"
"서울특별시","은평구","2024","01","17","8251303","5993"
"서울특별시","은평구","2024","01","18","10751175","7932"
"서울특별시","은평구","2024","01","19","9243834","6865"
"서울특별시","은평구","2024","01","20","9250075","6494"
"서울특별시","은평구","2024","01","21","14177752","9761"
"서울특별시","은평구","2024","01","22","9821390","7075"
"서울특별시","은평구","2024","01","23","7838107","5724"
"서울특별시","은평구","2024","01","24","9014421","6505"
"서울특별시","은평구","2024","01","25","9549819","7017"
"서울특별시","은평구","2024","01","26","9232904","6669"
"서울특별시","은평구","2024","01","27","9714121","6762"
"서울특별시","은평구","2024","01","28","13997789","9648"
"서울특별시","은평구","2024","01","29","10274607","7454"
"서울특별시","은평구","2024","01","30","8627302","6483"
"서울특별시","은평구","2024","01","31","9079569","6638"
"서울특별시","종로구","2024","01","01","4406150","3201"
"서울특별시","종로구","2024","01","02","4113950","2854"
"서울특별시","종로구","2024","01","03","3583200","2619"
"서울특별시","종로구","2024","01","04","3382450","2586"
"서울특별시","종로구","2024","01","05","3355750","2549"
"서울특별시","종로구","2024","01","06","3263800","2477"
"서울특별시","종로구","2024","01","07","4027200","2780"
"서울특별시","종로구","2024","01","08","4020550","2972"
"서울특별시","종로구","2024","01","09","3212300","2384"
"서울특별시","종로구","2024","01","10","3246200","2594"
"서울특별시","종로구","2024","01","11","3217650","2513"
"서울특별시","종로구","2024","01","12","3333550","2558"
"서울특별시","종로구","2024","01","13","3565650","2620"
"서울특별시","종로구","2024","01","14","3802700","2727"
"서울특별시","종로구","2024","01","15","3722000","2740"
"서울특별시","종로구","2024","01","16","3645200","2708"
"서울특별시","종로구","2024","01","17","2860500","2255"
"서울특별시","종로구","2024","01","18","3312150","2592"
"서울특별시","종로구","2024","01","19","3460000","2624"
"서울특별시","종로구","2024","01","20","3167000","2401"
"서울특별시","종로구","2024","01","21","4080950","2984"
"서울특별시","종로구","2024","01","22","3539200","2598"
"서울특별시","종로구","2024","01","23","3075850","2329"
"서울특별시","종로구","2024","01","24","3172700","2480"
"서울특별시","종로구","2024","01","25","2984050","2292"
"서울특별시","종로구","2024","01","26","3295200","2568"
"서울특별시","종로구","2024","01","27","3522000","2554"
"서울특별시","종로구","2024","01","28","3975800","2862"
"서울특별시","종로구","2024","01","29","3789800","2673"
"서울특별시","종로구","2024","01","30","3595200","2725"
"서울특별시","종로구","2024","01","31","3208550","2500"
"서울특별시","중구","2024","01","01","7049250","5244"
"서울특별시","중구","2024","01","02","6104300","4688"
"서울특별시","중구","2024","01","03","5698150","4758"
"서울특별시","중구","2024","01","04","5509500","4692"
"서울특별시","중구","2024","01","05","5066600","4342"
"서울특별시","중구","2024","01","06","5414250","4353"
"서울특별시","중구","2024","01","07","7061650","5444"
"서울특별시","중구","2024","01","08","5913450","4794"
"서울특별시","중구","2024","01","09","4711600","3994"
"서울특별시","중구","2024","01","10","5563550","4765"
"서울특별시","중구","2024","01","11","5448950","4602"
"서울특별시","중구","2024","01","12","4991550","4272"
"서울특별시","중구","2024","01","13","5792250","4515"
"서울특별시","중구","2024","01","14","6863350","5325"
"서울특별시","중구","2024","01","15","5465050","4524"
"서울특별시","중구","2024","01","16","4863000","4259"
"서울특별시","중구","2024","01","17","4649000","4111"
"서울특별시","중구","2024","01","18","5764000","4858"
"서울특별시","중구","2024","01","19","5037150","4304"
"서울특별시","중구","2024","01","20","4949350","4131"
"서울특별시","중구","2024","01","21","7027750","5539"
"서울특별시","중구","2024","01","22","5344200","4336"
"서울특별시","중구","2024","01","23","4282000","3620"
"서울특별시","중구","2024","01","24","5302900","4467"
"서울특별시","중구","2024","01","25","5009650","4250"
"서울특별시","중구","2024","01","26","4863650","4159"
"서울특별시","중구","2024","01","27","5460900","4328"
"서울특별시","중구","2024","01","28","6910200","5426"
"서울특별시","중구","2024","01","29","5374700","4443"
"서울특별시","중구","2024","01","30","5318650","4319"
"서울특별시","중구","2024","01","31","5612750","4649"
"서울특별시","중랑구","2024","01","01","22384200","14587"
"서울특별시","중랑구","2024","01","02","19207550","13056"
"서울특별시","중랑구","2024","01","03","16693000","11989"
"서울특별시","중랑구","2024","01","04","16227850","11956"
"서울특별시","중랑구","2024","01","05","16059300","11764"
"서울특별시","중랑구","2024","01","06","16653150","11577"
"서울특별시","중랑구","2024","01","07","20360250","14061"
"서울특별시","중랑구","2024","01","08","17870400","12775"
"서울특별시","중랑구","2024","01","09","15037200","10879"
"서울특별시","중랑구","2024","01","10","16742700","12283"
"서울특별시","중랑구","2024","01","11","15586600","11630"
"서울특별시","중랑구","2024","01","12","15633600","11656"
"서울특별시","중랑구","2024","01","13","16385600","11600"
"서울특별시","중랑구","2024","01","14","20143250","13640"
"서울특별시","중랑구","2024","01","15","17962550","12695"
"서울특별시","중랑구","2024","01","16","15830150","11642"
"서울특별시","중랑구","2024","01","17","14079250","10511"
"서울특별시","중랑구","2024","01","18","16776350","12395"
"서울특별시","중랑구","2024","01","19","15747900","11657"
"서울특별시","중랑구","2024","01","20","15824950","11166"
"서울특별시","중랑구","2024","01","21","20692150","14357"
"서울특별시","중랑구","2024","01","22","15794400","11560"
"서울특별시","중랑구","2024","01","23","13450650","9926"
"서울특별시","중랑구","2024","01","24","14978750","11056"
"서울특별시","중랑구","2024","01","25","14679450","11060"
"서울특별시","중랑구","2024","01","26","15024250","11179"
"서울특별시","중랑구","2024","01","27","15986350","11215"
"서울특별시","중랑구","2024","01","28","20471300","14000"
"서울특별시","중랑구","2024","01","29","17135700","12389"
"서울특별시","중랑구","2024","01","30","15625500","11714"
"서울특별시","중랑구","2024","01","31","15480250","11718"
"울산광역시","남구","2024","01","01","16505550","10123"
"울산광역시","남구","2024","01","02","15107550","9735"
"울산광역시","남구","2024","01","03","13645700","9104"
"울산광역시","남구","2024","01","04","13868550","9331"
"울산광역시","남구","2024","01","05","13023300","8938"
"울산광역시","남구","2024","01","06","13088050","8570"
"울산광역시","남구","2024","01","07","15545590","9799"
"울산광역시","남구","2024","01","08","14418950","9467"
"울산광역시","남구","2024","01","09","12731450","8679"
"울산광역시","남구","2024","01","10","12722790","8737"
"울산광역시","남구","2024","01","11","13301250","9206"
"울산광역시","남구","2024","01","12","12807350","8848"
"울산광역시","남구","2024","01","13","12354950","8371"
"울산광역시","남구","2024","01","14","15608250","10043"
"울산광역시","남구","2024","01","15","14211350","9388"
"울산광역시","남구","2024","01","16","13151850","9032"
"울산광역시","남구","2024","01","17","12323950","8707"
"울산광역시","남구","2024","01","18","11057350","7796"
"울산광역시","남구","2024","01","19","13301850","9043"
"울산광역시","남구","2024","01","20","11073700","7147"
"울산광역시","남구","2024","01","21","17187310","10621"
"울산광역시","남구","2024","01","22","14038090","9196"
"울산광역시","남구","2024","01","23","11454800","7771"
"울산광역시","남구","2024","01","24","12401400","8429"
"울산광역시","남구","2024","01","25","12762890","8557"
"울산광역시","남구","2024","01","26","12250800","8498"
"울산광역시","남구","2024","01","27","12744000","8455"
"울산광역시","남구","2024","01","28","14716300","9396"
"울산광역시","남구","2024","01","29","13807750","9156"
"울산광역시","남구","2024","01","30","12707300","8742"
"울산광역시","남구","2024","01","31","12196000","8562"
"울산광역시","동구","2024","01","01","8352050","4978"
"울산광역시","동구","2024","01","02","7558800","4776"
"울산광역시","동구","2024","01","03","6687750","4324"
"울산광역시","동구","2024","01","04","6720250","4451"
"울산광역시","동구","2024","01","05","6751900","4495"
"울산광역시","동구","2024","01","06","6424500","4125"
"울산광역시","동구","2024","01","07","7805350","4718"
"울산광역시","동구","2024","01","08","7063750","4573"
"울산광역시","동구","2024","01","09","6392900","4292"
"울산광역시","동구","2024","01","10","6146150","4045"
"울산광역시","동구","2024","01","11","6712850","4459"
"울산광역시","동구","2024","01","12","6140100","4190"
"울산광역시","동구","2024","01","13","6329600","4120"
"울산광역시","동구","2024","01","14","8104800","4969"
"울산광역시","동구","2024","01","15","6937750","4509"
"울산광역시","동구","2024","01","16","6506350","4430"
"울산광역시","동구","2024","01","17","6172200","4240"
"울산광역시","동구","2024","01","18","5344350","3563"
"울산광역시","동구","2024","01","19","6515150","4322"
"울산광역시","동구","2024","01","20","5161300","3270"
"울산광역시","동구","2024","01","21","8670600","5244"
"울산광역시","동구","2024","01","22","7352500","4559"
"울산광역시","동구","2024","01","23","5561950","3744"
"울산광역시","동구","2024","01","24","5988150","4004"
"울산광역시","동구","2024","01","25","5947050","4006"
"울산광역시","동구","2024","01","26","6163000","4165"
"울산광역시","동구","2024","01","27","6248150","4034"
"울산광역시","동구","2024","01","28","7289150","4526"
"울산광역시","동구","2024","01","29","6684950","4350"
"울산광역시","동구","2024","01","30","6474750","4315"
"울산광역시","동구","2024","01","31","6013350","4204"
"울산광역시","북구","2024","01","01","13806900","8205"
"울산광역시","북구","2024","01","02","13361950","8162"
"울산광역시","북구","2024","01","03","11577750","7260"
"울산광역시","북구","2024","01","04","11893100","7557"
"울산광역시","북구","2024","01","05","11151050","7269"
"울산광역시","북구","2024","01","06","11069250","6946"
"울산광역시","북구","2024","01","07","13216350","8036"
"울산광역시","북구","2024","01","08","12571750","7714"
"울산광역시","북구","2024","01","09","11622900","7477"
"울산광역시","북구","2024","01","10","10661900","7066"
"울산광역시","북구","2024","01","11","11352900","7451"
"울산광역시","북구","2024","01","12","11080250","7144"
"울산광역시","북구","2024","01","13","10814950","6897"
"울산광역시","북구","2024","01","14","13572050","8099"
"울산광역시","북구","2024","01","15","12060450","7602"
"울산광역시","북구","2024","01","16","11274200","7322"
"울산광역시","북구","2024","01","17","10736300","7110"
"울산광역시","북구","2024","01","18","9344350","6132"
"울산광역시","북구","2024","01","19","11507150","7528"
"울산광역시","북구","2024","01","20","8510250","5298"
"울산광역시","북구","2024","01","21","15731350","9235"
"울산광역시","북구","2024","01","22","12457300","7481"
"울산광역시","북구","2024","01","23","9746450","6350"
"울산광역시","북구","2024","01","24","10359870","6779"
"울산광역시","북구","2024","01","25","10501300","6837"
"울산광역시","북구","2024","01","26","10804700","7090"
"울산광역시","북구","2024","01","27","10645300","6824"
"울산광역시","북구","2024","01","28","12313600","7564"
"울산광역시","북구","2024","01","29","11926900","7465"
"울산광역시","북구","2024","01","30","11098700","7300"
"울산광역시","북구","2024","01","31","10478100","6983"
"울산광역시","울주군","2024","01","01","12288300","7219"
"울산광역시","울주군","2024","01","02","11467500","7086"
"울산광역시","울주군","2024","01","03","10187700","6536"
"울산광역시","울주군","2024","01","04","10416800","6664"
"울산광역시","울주군","2024","01","05","9943400","6417"
"울산광역시","울주군","2024","01","06","9737600","5974"
"울산광역시","울주군","2024","01","07","11878350","6963"
"울산광역시","울주군","2024","01","08","11097250","6686"
"울산광역시","울주군","2024","01","09","9918350","6380"
"울산광역시","울주군","2024","01","10","9996350","6424"
"울산광역시","울주군","2024","01","11","9924450","6484"
"울산광역시","울주군","2024","01","12","9510150","6319"
"울산광역시","울주군","2024","01","13","9838750","6182"
"울산광역시","울주군","2024","01","14","11936150","7068"
"울산광역시","울주군","2024","01","15","10688850","6765"
"울산광역시","울주군","2024","01","16","9953000","6483"
"울산광역시","울주군","2024","01","17","9784000","6389"
"울산광역시","울주군","2024","01","18","8063650","5402"
"울산광역시","울주군","2024","01","19","10730500","6722"
"울산광역시","울주군","2024","01","20","7918200","4937"
"울산광역시","울주군","2024","01","21","12656800","7585"
"울산광역시","울주군","2024","01","22","10699700","6515"
"울산광역시","울주군","2024","01","23","8392400","5477"
"울산광역시","울주군","2024","01","24","8994450","5942"
"울산광역시","울주군","2024","01","25","9364950","6051"
"울산광역시","울주군","2024","01","26","9412200","6054"
"울산광역시","울주군","2024","01","27","9832500","6129"
"울산광역시","울주군","2024","01","28","10605250","6559"
"울산광역시","울주군","2024","01","29","10006200","6395"
"울산광역시","울주군","2024","01","30","9642650","6217"
"울산광역시","울주군","2024","01","31","9255300","6182"
"울산광역시","중구","2024","01","01","11722040","7287"
"울산광역시","중구","2024","01","02","10509470","6993"
"울산광역시","중구","2024","01","03","10044290","6535"
"울산광역시","중구","2024","01","04","9504430","6580"
"울산광역시","중구","2024","01","05","9275990","6384"
"울산광역시","중구","2024","01","06","9385180","6314"
"울산광역시","중구","2024","01","07","10984090","7026"
"울산광역시","중구","2024","01","08","10336600","6783"
"울산광역시","중구","2024","01","09","9007850","6212"
"울산광역시","중구","2024","01","10","9423620","6456"
"울산광역시","중구","2024","01","11","9747860","6678"
"울산광역시","중구","2024","01","12","8678870","6020"
"울산광역시","중구","2024","01","13","9202610","6244"
"울산광역시","중구","2024","01","14","11207270","7232"
"울산광역시","중구","2024","01","15","9871100","6624"
"울산광역시","중구","2024","01","16","9337230","6406"
"울산광역시","중구","2024","01","17","9019710","6357"
"울산광역시","중구","2024","01","18","8181850","5683"
"울산광역시","중구","2024","01","19","9390590","6416"
"울산광역시","중구","2024","01","20","8101130","5344"
"울산광역시","중구","2024","01","21","12135550","7659"
"울산광역시","중구","2024","01","22","9951140","6612"
"울산광역시","중구","2024","01","23","8197390","5549"
"울산광역시","중구","2024","01","24","8658570","6023"
"울산광역시","중구","2024","01","25","8870620","6103"
"울산광역시","중구","2024","01","26","8711760","6142"
"울산광역시","중구","2024","01","27","8807740","6009"
"울산광역시","중구","2024","01","28","10067220","6641"
"울산광역시","중구","2024","01","29","9497840","6320"
"울산광역시","중구","2024","01","30","9286240","6558"
"울산광역시","중구","2024","01","31","9069770","6342"
"인천광역시","강화군","2024","01","01","1046000","406"
"인천광역시","강화군","2024","01","02","782950","350"
"인천광역시","강화군","2024","01","03","720950","301"
"인천광역시","강화군","2024","01","04","728600","334"
"인천광역시","강화군","2024","01","05","760300","311"
"인천광역시","강화군","2024","01","06","755700","333"
"인천광역시","강화군","2024","01","07","994750","459"
"인천광역시","강화군","2024","01","08","609150","310"
"인천광역시","강화군","2024","01","09","551050","279"
"인천광역시","강화군","2024","01","10","698400","328"
"인천광역시","강화군","2024","01","11","733600","324"
"인천광역시","강화군","2024","01","12","734800","329"
"인천광역시","강화군","2024","01","13","819500","353"
"인천광역시","강화군","2024","01","14","1117650","456"
"인천광역시","강화군","2024","01","15","676450","302"
"인천광역시","강화군","2024","01","16","575400","281"
"인천광역시","강화군","2024","01","17","536250","261"
"인천광역시","강화군","2024","01","18","708550","320"
"인천광역시","강화군","2024","01","19","687050","311"
"인천광역시","강화군","2024","01","20","876300","366"
"인천광역시","강화군","2024","01","21","1106800","468"
"인천광역시","강화군","2024","01","22","498550","255"
"인천광역시","강화군","2024","01","23","496550","225"
"인천광역시","강화군","2024","01","24","624100","296"
"인천광역시","강화군","2024","01","25","600750","290"
"인천광역시","강화군","2024","01","26","629100","301"
"인천광역시","강화군","2024","01","27","804650","349"
"인천광역시","강화군","2024","01","28","1125150","479"
"인천광역시","강화군","2024","01","29","555500","274"
"인천광역시","강화군","2024","01","30","608950","281"
"인천광역시","강화군","2024","01","31","605600","302"
"인천광역시","계양구","2024","01","01","17226760","10485"
"인천광역시","계양구","2024","01","02","15464130","9791"
"인천광역시","계양구","2024","01","03","13744750","9008"
"인천광역시","계양구","2024","01","04","13090990","8699"
"인천광역시","계양구","2024","01","05","12739960","8550"
"인천광역시","계양구","2024","01","06","13384330","8645"
"인천광역시","계양구","2024","01","07","16227070","9956"
"인천광역시","계양구","2024","01","08","14304200","9229"
"인천광역시","계양구","2024","01","09","12957160","8402"
"인천광역시","계양구","2024","01","10","13166210","8857"
"인천광역시","계양구","2024","01","11","12492200","8543"
"인천광역시","계양구","2024","01","12","12372000","8491"
"인천광역시","계양구","2024","01","13","13184270","8671"
"인천광역시","계양구","2024","01","14","16003450","9962"
"인천광역시","계양구","2024","01","15","13634020","9065"
"인천광역시","계양구","2024","01","16","13134710","8848"
"인천광역시","계양구","2024","01","17","10970080","7448"
"인천광역시","계양구","2024","01","18","13493340","9203"
"인천광역시","계양구","2024","01","19","12410020","8489"
"인천광역시","계양구","2024","01","20","12315040","8015"
"인천광역시","계양구","2024","01","21","16416030","10247"
"인천광역시","계양구","2024","01","22","12483610","8360"
"인천광역시","계양구","2024","01","23","11077750","7598"
"인천광역시","계양구","2024","01","24","11981380","8165"
"인천광역시","계양구","2024","01","25","12104540","8188"
"인천광역시","계양구","2024","01","26","12212840","8289"
"인천광역시","계양구","2024","01","27","13020690","8529"
"인천광역시","계양구","2024","01","28","15884930","10063"
"인천광역시","계양구","2024","01","29","12689960","8536"
"인천광역시","계양구","2024","01","30","13167620","8900"
"인천광역시","계양구","2024","01","31","12428120","8528"
"인천광역시","남동구","2024","01","01","47707450","29613"
"인천광역시","남동구","2024","01","02","42627310","27859"
"인천광역시","남동구","2024","01","03","37875480","25705"
"인천광역시","남동구","2024","01","04","37842270","25984"
"인천광역시","남동구","2024","01","05","36506360","25576"
"인천광역시","남동구","2024","01","06","37190230","24886"
"인천광역시","남동구","2024","01","07","43293600","27646"
"인천광역시","남동구","2024","01","08","40870720","26895"
"인천광역시","남동구","2024","01","09","33813280","23030"
"인천광역시","남동구","2024","01","10","37811330","26073"
"인천광역시","남동구","2024","01","11","36404380","25122"
"인천광역시","남동구","2024","01","12","35920010","25093"
"인천광역시","남동구","2024","01","13","37656530","25457"
"인천광역시","남동구","2024","01","14","42171580","26981"
"인천광역시","남동구","2024","01","15","38781960","25950"
"인천광역시","남동구","2024","01","16","36825660","25564"
"인천광역시","남동구","2024","01","17","30868010","21757"
"인천광역시","남동구","2024","01","18","39489830","27530"
"인천광역시","남동구","2024","01","19","36485050","25850"
"인천광역시","남동구","2024","01","20","34143470","23395"
"인천광역시","남동구","2024","01","21","42265080","27249"
"인천광역시","남동구","2024","01","22","35841110","24187"
"인천광역시","남동구","2024","01","23","31500540","21931"
"인천광역시","남동구","2024","01","24","34175390","23760"
"인천광역시","남동구","2024","01","25","33893540","23774"
"인천광역시","남동구","2024","01","26","35030300","24998"
"인천광역시","남동구","2024","01","27","36130830","24642"
"인천광역시","남동구","2024","01","28","42622622","27579"
"인천광역시","남동구","2024","01","29","36155910","24368"
"인천광역시","남동구","2024","01","30","35880541","25486"
"인천광역시","남동구","2024","01","31","34831250","24632"
"인천광역시","동구","2024","01","01","6900350","4444"
"인천광역시","동구","2024","01","02","6247000","4230"
"인천광역시","동구","2024","01","03","5439450","3892"
"인천광역시","동구","2024","01","04","5279050","3774"
"인천광역시","동구","2024","01","05","5062900","3707"
"인천광역시","동구","2024","01","06","5470150","3736"
"인천광역시","동구","2024","01","07","6235000","4001"
"인천광역시","동구","2024","01","08","5556950","3865"
"인천광역시","동구","2024","01","09","4923700","3436"
"인천광역시","동구","2024","01","10","5637450","4019"
"인천광역시","동구","2024","01","11","5292900","3701"
"인천광역시","동구","2024","01","12","4858300","3540"
"인천광역시","동구","2024","01","13","5634600","3794"
"인천광역시","동구","2024","01","14","5848400","3937"
"인천광역시","동구","2024","01","15","5622250","3861"
"인천광역시","동구","2024","01","16","5374250","3788"
"인천광역시","동구","2024","01","17","4471150","3260"
"인천광역시","동구","2024","01","18","5541150","3983"
"인천광역시","동구","2024","01","19","5003850","3586"
"인천광역시","동구","2024","01","20","5326050","3586"
"인천광역시","동구","2024","01","21","6553150","4196"
"인천광역시","동구","2024","01","22","4664400","3369"
"인천광역시","동구","2024","01","23","4413350","3208"
"인천광역시","동구","2024","01","24","4988800","3515"
"인천광역시","동구","2024","01","25","4718450","3436"
"인천광역시","동구","2024","01","26","4873300","3542"
"인천광역시","동구","2024","01","27","5508600","3678"
"인천광역시","동구","2024","01","28","6406950","4063"
"인천광역시","동구","2024","01","29","5379850","3736"
"인천광역시","동구","2024","01","30","5234250","3644"
"인천광역시","동구","2024","01","31","5230400","3792"
"인천광역시","미추홀구","2024","01","01","27263510","16604"
"인천광역시","미추홀구","2024","01","02","22810080","14549"
"인천광역시","미추홀구","2024","01","03","22075290","14695"
"인천광역시","미추홀구","2024","01","04","21150060","14352"
"인천광역시","미추홀구","2024","01","05","19585260","13492"
"인천광역시","미추홀구","2024","01","06","21230050","13872"
"인천광역시","미추홀구","2024","01","07","25880350","16482"
"인천광역시","미추홀구","2024","01","08","21877880","14184"
"인천광역시","미추홀구","2024","01","09","18317180","12279"
"인천광역시","미추홀구","2024","01","10","21987050","14882"
"인천광역시","미추홀구","2024","01","11","20479650","13921"
"인천광역시","미추홀구","2024","01","12","19130630","13249"
"인천광역시","미추홀구","2024","01","13","21365450","14049"
"인천광역시","미추홀구","2024","01","14","25696800","16328"
"인천광역시","미추홀구","2024","01","15","20953570","13809"
"인천광역시","미추홀구","2024","01","16","20035740","13502"
"인천광역시","미추홀구","2024","01","17","18054960","12395"
"인천광역시","미추홀구","2024","01","18","22425620","15269"
"인천광역시","미추홀구","2024","01","19","19617050","13608"
"인천광역시","미추홀구","2024","01","20","19868600","13293"
"인천광역시","미추홀구","2024","01","21","26381635","16916"
"인천광역시","미추홀구","2024","01","22","18641050","12528"
"인천광역시","미추홀구","2024","01","23","16695970","11416"
"인천광역시","미추홀구","2024","01","24","19878170","13630"
"인천광역시","미추홀구","2024","01","25","19380270","13255"
"인천광역시","미추홀구","2024","01","26","18983040","13169"
"인천광역시","미추홀구","2024","01","27","20738100","13689"
"인천광역시","미추홀구","2024","01","28","26157300","16787"
"인천광역시","미추홀구","2024","01","29","20262530","13493"
"인천광역시","미추홀구","2024","01","30","19612600","13377"
"인천광역시","미추홀구","2024","01","31","20588820","14369"
"인천광역시","부평구","2024","01","01","36941610","22687"
"인천광역시","부평구","2024","01","02","31451530","20342"
"인천광역시","부평구","2024","01","03","28802620","19021"
"인천광역시","부평구","2024","01","04","28719060","19346"
"인천광역시","부평구","2024","01","05","27012340","18436"
"인천광역시","부평구","2024","01","06","28191890","18749"
"인천광역시","부평구","2024","01","07","35948880","22908"
"인천광역시","부평구","2024","01","08","30432710","19886"
"인천광역시","부평구","2024","01","09","25955490","17424"
"인천광역시","부평구","2024","01","10","28588560","19586"
"인천광역시","부평구","2024","01","11","27351560","18558"
"인천광역시","부평구","2024","01","12","25996790","18054"
"인천광역시","부평구","2024","01","13","28727350","19007"
"인천광역시","부평구","2024","01","14","35815800","22710"
"인천광역시","부평구","2024","01","15","30046040","19668"
"인천광역시","부평구","2024","01","16","27001430","18496"
"인천광역시","부평구","2024","01","17","24149741","16461"
"인천광역시","부평구","2024","01","18","29676160","20055"
"인천광역시","부평구","2024","01","19","26309830","18446"
"인천광역시","부평구","2024","01","20","27054050","18073"
"인천광역시","부평구","2024","01","21","36691045","23603"
"인천광역시","부평구","2024","01","22","26496690","17782"
"인천광역시","부평구","2024","01","23","22930620","15961"
"인천광역시","부평구","2024","01","24","25764690","17749"
"인천광역시","부평구","2024","01","25","26182642","17985"
"인천광역시","부평구","2024","01","26","25955810","17802"
"인천광역시","부평구","2024","01","27","28398550","18609"
"인천광역시","부평구","2024","01","28","35689381","22974"
"인천광역시","부평구","2024","01","29","29171682","19338"
"인천광역시","부평구","2024","01","30","27130720","18423"
"인천광역시","부평구","2024","01","31","27056970","18737"
"인천광역시","서구","2024","01","01","53337280","30044"
"인천광역시","서구","2024","01","02","47134720","27192"
"인천광역시","서구","2024","01","03","42107560","25448"
"인천광역시","서구","2024","01","04","41508890","25537"
"인천광역시","서구","2024","01","05","39911000","24719"
"인천광역시","서구","2024","01","06","41084230","24571"
"인천광역시","서구","2024","01","07","52880300","30275"
"인천광역시","서구","2024","01","08","43664851","26175"
"인천광역시","서구","2024","01","09","39151630","23817"
"인천광역시","서구","2024","01","10","42511950","26083"
"인천광역시","서구","2024","01","11","40551810","25025"
"인천광역시","서구","2024","01","12","39365190","24491"
"인천광역시","서구","2024","01","13","42939804","25495"
"인천광역시","서구","2024","01","14","52811470","30092"
"인천광역시","서구","2024","01","15","44025510","26434"
"인천광역시","서구","2024","01","16","41208890","25537"
"인천광역시","서구","2024","01","17","36031850","22450"
"인천광역시","서구","2024","01","18","43035880","26781"
"인천광역시","서구","2024","01","19","38936820","24580"
"인천광역시","서구","2024","01","20","40699210","24341"
"인천광역시","서구","2024","01","21","54381250","31478"
"인천광역시","서구","2024","01","22","39390560","23730"
"인천광역시","서구","2024","01","23","34955500","21850"
"인천광역시","서구","2024","01","24","38771910","24052"
"인천광역시","서구","2024","01","25","39521840","24238"
"인천광역시","서구","2024","01","26","38655810","24017"
"인천광역시","서구","2024","01","27","41887140","24784"
"인천광역시","서구","2024","01","28","52438250","30373"
"인천광역시","서구","2024","01","29","42795610","25637"
"인천광역시","서구","2024","01","30","40148885","24674"
"인천광역시","서구","2024","01","31","40715330","25217"
"인천광역시","연수구","2024","01","01","32896150","19969"
"인천광역시","연수구","2024","01","02","29405380","18738"
"인천광역시","연수구","2024","01","03","25602810","17158"
"인천광역시","연수구","2024","01","04","25094600","17105"
"인천광역시","연수구","2024","01","05","25427300","17176"
"인천광역시","연수구","2024","01","06","26572530","17038"
"인천광역시","연수구","2024","01","07","29544690","18434"
"인천광역시","연수구","2024","01","08","28092820","18237"
"인천광역시","연수구","2024","01","09","24303060","15839"
"인천광역시","연수구","2024","01","10","26306160","17915"
"인천광역시","연수구","2024","01","11","25289160","17018"
"인천광역시","연수구","2024","01","12","25071790","17105"
"인천광역시","연수구","2024","01","13","26629740","17214"
"인천광역시","연수구","2024","01","14","29278240","18231"
"인천광역시","연수구","2024","01","15","27947460","18250"
"인천광역시","연수구","2024","01","16","25122130","17177"
"인천광역시","연수구","2024","01","17","21354810","14695"
"인천광역시","연수구","2024","01","18","27724530","18652"
"인천광역시","연수구","2024","01","19","24745050","17111"
"인천광역시","연수구","2024","01","20","24828800","16107"
"인천광역시","연수구","2024","01","21","31339820","19420"
"인천광역시","연수구","2024","01","22","24674530","16177"
"인천광역시","연수구","2024","01","23","21224990","14409"
"인천광역시","연수구","2024","01","24","23404140","15842"
"인천광역시","연수구","2024","01","25","24261080","16276"
"인천광역시","연수구","2024","01","26","25094670","17005"
"인천광역시","연수구","2024","01","27","26068480","16647"
"인천광역시","연수구","2024","01","28","30123265","18717"
"인천광역시","연수구","2024","01","29","27737865","18156"
"인천광역시","연수구","2024","01","30","24962950","17054"
"인천광역시","연수구","2024","01","31","24761860","16799"
"인천광역시","중구","2024","01","01","4758500","2785"
"인천광역시","중구","2024","01","02","4664010","2765"
"인천광역시","중구","2024","01","03","4261250","2619"
"인천광역시","중구","2024","01","04","4081400","2493"
"인천광역시","중구","2024","01","05","4043100","2536"
"인천광역시","중구","2024","01","06","4325900","2547"
"인천광역시","중구","2024","01","07","4853000","2833"
"인천광역시","중구","2024","01","08","4123000","2513"
"인천광역시","중구","2024","01","09","3747250","2315"
"인천광역시","중구","2024","01","10","4398000","2684"
"인천광역시","중구","2024","01","11","4075800","2455"
"인천광역시","중구","2024","01","12","4076650","2526"
"인천광역시","중구","2024","01","13","4422560","2640"
"인천광역시","중구","2024","01","14","4986150","2893"
"인천광역시","중구","2024","01","15","4277300","2582"
"인천광역시","중구","2024","01","16","4234800","2497"
"인천광역시","중구","2024","01","17","3594350","2223"
"인천광역시","중구","2024","01","18","4295350","2688"
"인천광역시","중구","2024","01","19","4326450","2604"
"인천광역시","중구","2024","01","20","4039950","2455"
"인천광역시","중구","2024","01","21","5030600","3029"
"인천광역시","중구","2024","01","22","3534200","2184"
"인천광역시","중구","2024","01","23","3079400","2003"
"인천광역시","중구","2024","01","24","3703750","2335"
"인천광역시","중구","2024","01","25","3926300","2341"
"인천광역시","중구","2024","01","26","3984600","2458"
"인천광역시","중구","2024","01","27","4307950","2501"
"인천광역시","중구","2024","01","28","5032750","2864"
"인천광역시","중구","2024","01","29","4084050","2468"
"인천광역시","중구","2024","01","30","3825050","2402"
"인천광역시","중구","2024","01","31","4063450","2509"
"전라남도","광양시","2024","01","01","500800","36"
"전라남도","광양시","2024","01","02","327300","25"
"전라남도","광양시","2024","01","03","370100","29"
"전라남도","나주시","2024","01","01","4478800","2412"
"전라남도","나주시","2024","01","02","3576150","2002"
"전라남도","나주시","2024","01","03","3359750","1973"
"전라남도","나주시","2024","01","04","3365300","1979"
"전라남도","나주시","2024","01","05","3218650","1898"
"전라남도","나주시","2024","01","06","3330350","1929"
"전라남도","나주시","2024","01","07","4190850","2265"
"전라남도","나주시","2024","01","08","3531300","1962"
"전라남도","나주시","2024","01","09","2968500","1683"
"전라남도","나주시","2024","01","10","3478750","1991"
"전라남도","나주시","2024","01","11","3031450","1839"
"전라남도","나주시","2024","01","12","2990000","1791"
"전라남도","나주시","2024","01","13","3185300","1938"
"전라남도","나주시","2024","01","14","4093250","2261"
"전라남도","나주시","2024","01","15","3390450","1881"
"전라남도","나주시","2024","01","16","3158000","1900"
"전라남도","나주시","2024","01","17","3226850","1907"
"전라남도","나주시","2024","01","18","2969550","1791"
"전라남도","나주시","2024","01","19","3301950","1979"
"전라남도","나주시","2024","01","20","2887650","1610"
"전라남도","나주시","2024","01","21","4348200","2364"
"전라남도","나주시","2024","01","22","3217850","1787"
"전라남도","나주시","2024","01","23","2511600","1515"
"전라남도","나주시","2024","01","24","3442300","1882"
"전라남도","나주시","2024","01","25","3222550","1817"
"전라남도","나주시","2024","01","26","3109250","1804"
"전라남도","나주시","2024","01","27","3418950","1906"
"전라남도","나주시","2024","01","28","4007700","2131"
"전라남도","나주시","2024","01","29","3032700","1731"
"전라남도","나주시","2024","01","30","3042500","1856"
"전라남도","나주시","2024","01","31","3151850","1880"
"전라남도","목포시","2024","01","01","3066150","1569"
"전라남도","목포시","2024","01","02","2678250","1355"
"전라남도","목포시","2024","01","03","2241000","1271"
"전라남도","목포시","2024","01","04","2476050","1330"
"전라남도","목포시","2024","01","05","2304650","1277"
"전라남도","목포시","2024","01","06","2220600","1215"
"전라남도","목포시","2024","01","07","2506150","1320"
"전라남도","목포시","2024","01","08","2508750","1365"
"전라남도","목포시","2024","01","09","2031500","1127"
"전라남도","목포시","2024","01","10","2331450","1292"
"전라남도","목포시","2024","01","11","2252500","1253"
"전라남도","목포시","2024","01","12","2104250","1211"
"전라남도","목포시","2024","01","13","2228600","1235"
"전라남도","목포시","2024","01","14","2585750","1364"
"전라남도","목포시","2024","01","15","2325900","1263"
"전라남도","목포시","2024","01","16","2112700","1247"
"전라남도","목포시","2024","01","17","2254550","1261"
"전라남도","목포시","2024","01","18","2173100","1196"
"전라남도","목포시","2024","01","19","2148600","1249"
"전라남도","목포시","2024","01","20","1859050","998"
"전라남도","목포시","2024","01","21","2864400","1486"
"전라남도","목포시","2024","01","22","2044300","1108"
"전라남도","목포시","2024","01","23","1675950","936"
"전라남도","목포시","2024","01","24","2103700","1146"
"전라남도","목포시","2024","01","25","2299850","1191"
"전라남도","목포시","2024","01","26","2207000","1212"
"전라남도","목포시","2024","01","27","2249600","1197"
"전라남도","목포시","2024","01","28","2643350","1413"
"전라남도","목포시","2024","01","29","2112100","1147"
"전라남도","목포시","2024","01","30","2181650","1250"
"전라남도","목포시","2024","01","31","1939800","1172"
"전라남도","무안군","2024","01","01","2165650","993"
"전라남도","무안군","2024","01","02","1401110","691"
"전라남도","무안군","2024","01","03","1422010","737"
"전라남도","무안군","2024","01","04","1439070","752"
"전라남도","무안군","2024","01","05","1443020","754"
"전라남도","무안군","2024","01","06","1303350","705"
"전라남도","무안군","2024","01","07","1821830","922"
"전라남도","무안군","2024","01","08","1469060","751"
"전라남도","무안군","2024","01","09","1242690","644"
"전라남도","무안군","2024","01","10","1476990","788"
"전라남도","무안군","2024","01","11","1392850","765"
"전라남도","무안군","2024","01","12","1258750","727"
"전라남도","무안군","2024","01","13","1341030","728"
"전라남도","무안군","2024","01","14","1936460","942"
"전라남도","무안군","2024","01","15","1421460","736"
"전라남도","무안군","2024","01","16","1381510","741"
"전라남도","무안군","2024","01","17","1414150","752"
"전라남도","무안군","2024","01","18","1357670","735"
"전라남도","무안군","2024","01","19","1436190","741"
"전라남도","무안군","2024","01","20","1304130","631"
"전라남도","무안군","2024","01","21","1887240","940"
"전라남도","무안군","2024","01","22","1368960","701"
"전라남도","무안군","2024","01","23","1112640","599"
"전라남도","무안군","2024","01","24","1464090","742"
"전라남도","무안군","2024","01","25","1330300","697"
"전라남도","무안군","2024","01","26","1440750","703"
"전라남도","무안군","2024","01","27","1322930","720"
"전라남도","무안군","2024","01","28","1765810","903"
"전라남도","무안군","2024","01","29","1259760","661"
"전라남도","무안군","2024","01","30","1399800","732"
"전라남도","무안군","2024","01","31","1366740","720"
"전라남도","순천시","2024","01","01","26140800","13910"
"전라남도","순천시","2024","01","02","22150800","12390"
"전라남도","순천시","2024","01","03","20316200","12021"
"전라남도","순천시","2024","01","04","20504150","12105"
"전라남도","순천시","2024","01","05","19118200","11692"
"전라남도","순천시","2024","01","06","20242850","11636"
"전라남도","순천시","2024","01","07","23376450","12751"
"전라남도","순천시","2024","01","08","21732200","12555"
"전라남도","순천시","2024","01","09","17741300","10714"
"전라남도","순천시","2024","01","10","19891250","12046"
"전라남도","순천시","2024","01","11","19317000","11677"
"전라남도","순천시","2024","01","12","19334500","11740"
"전라남도","순천시","2024","01","13","20029850","11707"
"전라남도","순천시","2024","01","14","22884350","12803"
"전라남도","순천시","2024","01","15","19443900","11509"
"전라남도","순천시","2024","01","16","20061300","12111"
"전라남도","순천시","2024","01","17","19175200","11668"
"전라남도","순천시","2024","01","18","18300950","11211"
"전라남도","순천시","2024","01","19","19881650","12033"
"전라남도","순천시","2024","01","20","17491750","10180"
"전라남도","순천시","2024","01","21","24371550","13226"
"전라남도","순천시","2024","01","22","19535400","11396"
"전라남도","순천시","2024","01","23","17964040","10733"
"전라남도","순천시","2024","01","24","18515300","11066"
"전라남도","순천시","2024","01","25","18286100","11020"
"전라남도","순천시","2024","01","26","18589150","11430"
"전라남도","순천시","2024","01","27","19644350","11382"
"전라남도","순천시","2024","01","28","22012000","12314"
"전라남도","순천시","2024","01","29","18254400","10756"
"전라남도","순천시","2024","01","30","19092200","11680"
"전라남도","순천시","2024","01","31","18975950","11745"
"전라남도","여수시","2024","01","01","8562600","4806"
"전라남도","여수시","2024","01","02","7225000","4270"
"전라남도","여수시","2024","01","03","6540400","3981"
"전라남도","여수시","2024","01","04","6743700","4003"
"전라남도","여수시","2024","01","05","6114350","3894"
"전라남도","여수시","2024","01","06","6335300","3829"
"전라남도","여수시","2024","01","07","7516400","4352"
"전라남도","여수시","2024","01","08","6740950","3973"
"전라남도","여수시","2024","01","09","5887000","3587"
"전라남도","여수시","2024","01","10","6649200","4057"
"전라남도","여수시","2024","01","11","6417500","3969"
"전라남도","여수시","2024","01","12","6221500","3838"
"전라남도","여수시","2024","01","13","6534000","4003"
"전라남도","여수시","2024","01","14","7592900","4449"
"전라남도","여수시","2024","01","15","6299000","3812"
"전라남도","여수시","2024","01","16","6220450","3989"
"전라남도","여수시","2024","01","17","6007350","3885"
"전라남도","여수시","2024","01","18","5908000","3610"
"전라남도","여수시","2024","01","19","6367300","3988"
"전라남도","여수시","2024","01","20","5255250","3176"
"전라남도","여수시","2024","01","21","8104450","4679"
"전라남도","여수시","2024","01","22","5933200","3593"
"전라남도","여수시","2024","01","23","5732000","3533"
"전라남도","여수시","2024","01","24","5904800","3681"
"전라남도","여수시","2024","01","25","5727350","3628"
"전라남도","여수시","2024","01","26","6081350","3839"
"전라남도","여수시","2024","01","27","6023450","3748"
"전라남도","여수시","2024","01","28","7058800","4095"
"전라남도","여수시","2024","01","29","5924350","3667"
"전라남도","여수시","2024","01","30","6182900","3884"
"전라남도","여수시","2024","01","31","5918700","3819"
"전라남도","영광군","2024","01","01","481700","216"
"전라남도","영광군","2024","01","02","453150","192"
"전라남도","영광군","2024","01","03","348500","177"
"전라남도","영광군","2024","01","04","301400","167"
"전라남도","영광군","2024","01","05","319250","154"
"전라남도","영광군","2024","01","06","304850","169"
"전라남도","영광군","2024","01","07","469200","215"
"전라남도","영광군","2024","01","08","347500","182"
"전라남도","영광군","2024","01","09","223450","139"
"전라남도","영광군","2024","01","10","319000","158"
"전라남도","영광군","2024","01","11","306200","165"
"전라남도","영광군","2024","01","12","346600","174"
"전라남도","영광군","2024","01","13","386800","171"
"전라남도","영광군","2024","01","14","439550","220"
"전라남도","영광군","2024","01","15","303000","166"
"전라남도","영광군","2024","01","16","268850","151"
"전라남도","영광군","2024","01","17","282500","158"
"전라남도","영광군","2024","01","18","320500","162"
"전라남도","영광군","2024","01","19","292950","168"
"전라남도","영광군","2024","01","20","270550","146"
"전라남도","영광군","2024","01","21","416300","204"
"전라남도","영광군","2024","01","22","280050","149"
"전라남도","영광군","2024","01","23","256250","128"
"전라남도","영광군","2024","01","24","361850","175"
"전라남도","영광군","2024","01","25","328650","175"
"전라남도","영광군","2024","01","26","278250","152"
"전라남도","영광군","2024","01","27","370750","178"
"전라남도","영광군","2024","01","28","375350","172"
"전라남도","영광군","2024","01","29","282200","130"
"전라남도","영광군","2024","01","30","350550","194"
"전라남도","영광군","2024","01","31","295550","171"
"전라남도","영암군","2024","01","01","861650","403"
"전라남도","영암군","2024","01","02","858200","370"
"전라남도","영암군","2024","01","03","637900","338"
"전라남도","영암군","2024","01","04","736900","388"
"전라남도","영암군","2024","01","05","735600","384"
"전라남도","영암군","2024","01","06","712450","359"
"전라남도","영암군","2024","01","07","798550","376"
"전라남도","영암군","2024","01","08","694000","353"
"전라남도","영암군","2024","01","09","676850","355"
"전라남도","영암군","2024","01","10","607300","331"
"전라남도","영암군","2024","01","11","626100","348"
"전라남도","영암군","2024","01","12","673400","350"
"전라남도","영암군","2024","01","13","631400","333"
"전라남도","영암군","2024","01","14","828200","412"
"전라남도","영암군","2024","01","15","738450","368"
"전라남도","영암군","2024","01","16","641350","346"
"전라남도","영암군","2024","01","17","685450","349"
"전라남도","영암군","2024","01","18","652400","361"
"전라남도","영암군","2024","01","19","583850","319"
"전라남도","영암군","2024","01","20","569200","307"
"전라남도","영암군","2024","01","21","918000","437"
"전라남도","영암군","2024","01","22","590850","306"
"전라남도","영암군","2024","01","23","496400","261"
"전라남도","영암군","2024","01","24","640450","327"
"전라남도","영암군","2024","01","25","618900","329"
"전라남도","영암군","2024","01","26","654200","360"
"전라남도","영암군","2024","01","27","615100","334"
"전라남도","영암군","2024","01","28","796650","408"
"전라남도","영암군","2024","01","29","665450","348"
"전라남도","영암군","2024","01","30","721950","370"
"전라남도","영암군","2024","01","31","705650","357"
"전라남도","완도군","2024","01","01","24000","5"
"전라남도","완도군","2024","01","02","15400","7"
"전라남도","완도군","2024","01","03","9150","7"
"전라남도","완도군","2024","01","04","10400","7"
"전라남도","완도군","2024","01","05","2400","2"
"전라남도","완도군","2024","01","06","3100","5"
"전라남도","완도군","2024","01","07","8100","6"
"전라남도","완도군","2024","01","08","33250","12"
"전라남도","완도군","2024","01","09","3150","2"
"전라남도","완도군","2024","01","10","11300","7"
"전라남도","완도군","2024","01","11","11150","3"
"전라남도","완도군","2024","01","12","3700","2"
"전라남도","완도군","2024","01","13","15300","8"
"전라남도","완도군","2024","01","14","22350","10"
"전라남도","완도군","2024","01","15","10000","7"
"전라남도","완도군","2024","01","16","9450","7"
"전라남도","완도군","2024","01","17","10500","6"
"전라남도","완도군","2024","01","18","9950","6"
"전라남도","완도군","2024","01","19","8550","5"
"전라남도","완도군","2024","01","20","3900","4"
"전라남도","완도군","2024","01","21","12500","9"
"전라남도","완도군","2024","01","22","1100","2"
"전라남도","완도군","2024","01","23","6900","7"
"전라남도","완도군","2024","01","24","13450","7"
"전라남도","완도군","2024","01","25","17150","6"
"전라남도","완도군","2024","01","26","8200","7"
"전라남도","완도군","2024","01","27","6200","3"
"전라남도","완도군","2024","01","28","12900","6"
"전라남도","완도군","2024","01","29","9100","5"
"전라남도","완도군","2024","01","30","1850","1"
"전라남도","완도군","2024","01","31","18950","7"
"전라남도","함평군","2024","01","01","85650","51"
"전라남도","함평군","2024","01","02","99700","58"
"전라남도","함평군","2024","01","03","80350","48"
"전라남도","함평군","2024","01","04","83350","48"
"전라남도","함평군","2024","01","05","53550","45"
"전라남도","함평군","2024","01","06","82000","44"
"전라남도","함평군","2024","01","07","109700","54"
"전라남도","함평군","2024","01","08","83800","64"
"전라남도","함평군","2024","01","09","52200","39"
"전라남도","함평군","2024","01","10","77050","46"
"전라남도","함평군","2024","01","11","61350","51"
"전라남도","함평군","2024","01","12","91550","50"
"전라남도","함평군","2024","01","13","82450","50"
"전라남도","함평군","2024","01","14","63450","47"
"전라남도","함평군","2024","01","15","84750","43"
"전라남도","함평군","2024","01","16","115400","55"
"전라남도","함평군","2024","01","17","70150","47"
"전라남도","함평군","2024","01","18","82600","47"
"전라남도","함평군","2024","01","19","65250","46"
"전라남도","함평군","2024","01","20","103700","37"
"전라남도","함평군","2024","01","21","87600","49"
"전라남도","함평군","2024","01","22","77150","46"
"전라남도","함평군","2024","01","23","56900","34"
"전라남도","함평군","2024","01","24","49000","40"
"전라남도","함평군","2024","01","25","62900","42"
"전라남도","함평군","2024","01","26","78900","45"
"전라남도","함평군","2024","01","27","80100","46"
"전라남도","함평군","2024","01","28","85000","50"
"전라남도","함평군","2024","01","29","61850","41"
"전라남도","함평군","2024","01","30","96250","54"
"전라남도","함평군","2024","01","31","62150","40"
"전라남도","해남군","2024","01","01","59460","23"
"전라남도","해남군","2024","01","02","49040","25"
"전라남도","해남군","2024","01","03","39760","19"
"전라남도","해남군","2024","01","04","39920","27"
"전라남도","해남군","2024","01","05","24240","13"
"전라남도","해남군","2024","01","06","56360","24"
"전라남도","해남군","2024","01","07","57480","24"
"전라남도","해남군","2024","01","08","32720","19"
"전라남도","해남군","2024","01","09","37280","18"
"전라남도","해남군","2024","01","10","30140","14"
"전라남도","해남군","2024","01","11","38600","20"
"전라남도","해남군","2024","01","12","53960","24"
"전라남도","해남군","2024","01","13","49060","20"
"전라남도","해남군","2024","01","14","54720","25"
"전라남도","해남군","2024","01","15","34700","19"
"전라남도","해남군","2024","01","16","48440","24"
"전라남도","해남군","2024","01","17","24740","16"
"전라남도","해남군","2024","01","18","46800","22"
"전라남도","해남군","2024","01","19","42320","23"
"전라남도","해남군","2024","01","20","63780","19"
"전라남도","해남군","2024","01","21","65440","26"
"전라남도","해남군","2024","01","22","45220","19"
"전라남도","해남군","2024","01","23","50380","41"
"전라남도","해남군","2024","01","24","98240","56"
"전라남도","해남군","2024","01","25","92860","56"
"전라남도","해남군","2024","01","26","68820","53"
"전라남도","해남군","2024","01","27","139100","85"
"전라남도","해남군","2024","01","28","86980","36"
"전라남도","해남군","2024","01","29","70140","43"
"전라남도","해남군","2024","01","30","117340","70"
"전라남도","해남군","2024","01","31","111120","58"
"전라남도","화순군","2024","01","01","647200","330"
"전라남도","화순군","2024","01","02","453150","257"
"전라남도","화순군","2024","01","03","469350","281"
"전라남도","화순군","2024","01","04","438800","271"
"전라남도","화순군","2024","01","05","418700","251"
"전라남도","화순군","2024","01","06","443100","276"
"전라남도","화순군","2024","01","07","566700","289"
"전라남도","화순군","2024","01","08","521950","274"
"전라남도","화순군","2024","01","09","403850","234"
"전라남도","화순군","2024","01","10","445650","271"
"전라남도","화순군","2024","01","11","450900","248"
"전라남도","화순군","2024","01","12","467000","271"
"전라남도","화순군","2024","01","13","454250","264"
"전라남도","화순군","2024","01","14","539650","290"
"전라남도","화순군","2024","01","15","386150","239"
"전라남도","화순군","2024","01","16","452250","260"
"전라남도","화순군","2024","01","17","412850","240"
"전라남도","화순군","2024","01","18","387800","225"
"전라남도","화순군","2024","01","19","434500","259"
"전라남도","화순군","2024","01","20","426550","231"
"전라남도","화순군","2024","01","21","540300","320"
"전라남도","화순군","2024","01","22","441400","243"
"전라남도","화순군","2024","01","23","333250","194"
"전라남도","화순군","2024","01","24","489100","264"
"전라남도","화순군","2024","01","25","432300","250"
"전라남도","화순군","2024","01","26","374400","227"
"전라남도","화순군","2024","01","27","386500","241"
"전라남도","화순군","2024","01","28","558300","310"
"전라남도","화순군","2024","01","29","402000","225"
"전라남도","화순군","2024","01","30","426850","256"
"전라남도","화순군","2024","01","31","370200","245"
"전라북도","고창군","2024","01","01","2872500","1190"
"전라북도","고창군","2024","01","02","2191250","973"
"전라북도","고창군","2024","01","03","2283950","997"
"전라북도","고창군","2024","01","04","2190950","989"
"전라북도","고창군","2024","01","05","2010850","961"
"전라북도","고창군","2024","01","06","2259000","1014"
"전라북도","고창군","2024","01","07","2463400","1035"
"전라북도","고창군","2024","01","08","2318550","1004"
"전라북도","고창군","2024","01","09","1859050","886"
"전라북도","고창군","2024","01","10","2184900","980"
"전라북도","고창군","2024","01","11","2157150","940"
"전라북도","고창군","2024","01","12","1786900","894"
"전라북도","고창군","2024","01","13","2067550","953"
"전라북도","고창군","2024","01","14","2575350","1051"
"전라북도","고창군","2024","01","15","2115250","966"
"전라북도","고창군","2024","01","16","1900150","870"
"전라북도","고창군","2024","01","17","1965050","905"
"전라북도","고창군","2024","01","18","2117200","999"
"전라북도","고창군","2024","01","19","2020050","978"
"전라북도","고창군","2024","01","20","1827100","805"
"전라북도","고창군","2024","01","21","2655000","1138"
"전라북도","고창군","2024","01","22","1635500","745"
"전라북도","고창군","2024","01","23","1417250","668"
"전라북도","고창군","2024","01","24","1847250","842"
"전라북도","고창군","2024","01","25","2100750","944"
"전라북도","고창군","2024","01","26","1926250","889"
"전라북도","고창군","2024","01","27","2243700","949"
"전라북도","고창군","2024","01","28","2380600","1004"
"전라북도","고창군","2024","01","29","1967800","938"
"전라북도","고창군","2024","01","30","1915650","872"
"전라북도","고창군","2024","01","31","2037800","937"
"전라북도","군산시","2024","01","01","20502400","11666"
"전라북도","군산시","2024","01","02","16995650","10251"
"전라북도","군산시","2024","01","03","15947850","9873"
"전라북도","군산시","2024","01","04","16455750","10103"
"전라북도","군산시","2024","01","05","15521250","9718"
"전라북도","군산시","2024","01","06","16323700","9893"
"전라북도","군산시","2024","01","07","17904200","10309"
"전라북도","군산시","2024","01","08","17338650","10489"
"전라북도","군산시","2024","01","09","14660450","9082"
"전라북도","군산시","2024","01","10","16705250","10211"
"전라북도","군산시","2024","01","11","15601950","9742"
"전라북도","군산시","2024","01","12","15460600","9757"
"전라북도","군산시","2024","01","13","16528050","10049"
"전라북도","군산시","2024","01","14","16562000","9797"
"전라북도","군산시","2024","01","15","17053550","10429"
"전라북도","군산시","2024","01","16","15078300","9445"
"전라북도","군산시","2024","01","17","13746450","8669"
"전라북도","군산시","2024","01","18","16793700","10275"
"전라북도","군산시","2024","01","19","15672400","9927"
"전라북도","군산시","2024","01","20","13168600","7916"
"전라북도","군산시","2024","01","21","19905350","11231"
"전라북도","군산시","2024","01","22","14015300","8426"
"전라북도","군산시","2024","01","23","12038650","7353"
"전라북도","군산시","2024","01","24","15667000","9443"
"전라북도","군산시","2024","01","25","15066200","9297"
"전라북도","군산시","2024","01","26","15225650","9488"
"전라북도","군산시","2024","01","27","16129050","9644"
"전라북도","군산시","2024","01","28","17160200","10027"
"전라북도","군산시","2024","01","29","16156250","9845"
"전라북도","군산시","2024","01","30","15362650","9517"
"전라북도","군산시","2024","01","31","14947200","9631"
"전라북도","부안군","2024","01","01","2225300","977"
"전라북도","부안군","2024","01","02","1746400","819"
"전라북도","부안군","2024","01","03","1615400","824"
"전라북도","부안군","2024","01","04","1704150","841"
"전라북도","부안군","2024","01","05","1599950","816"
"전라북도","부안군","2024","01","06","1717000","844"
"전라북도","부안군","2024","01","07","1909800","903"
"전라북도","부안군","2024","01","08","1926700","894"
"전라북도","부안군","2024","01","09","1568250","714"
"전라북도","부안군","2024","01","10","1773900","888"
"전라북도","부안군","2024","01","11","1599650","793"
"전라북도","부안군","2024","01","12","1477250","760"
"전라북도","부안군","2024","01","13","1917000","841"
"전라북도","부안군","2024","01","14","1879200","864"
"전라북도","부안군","2024","01","15","1569400","813"
"전라북도","부안군","2024","01","16","1733700","827"
"전라북도","부안군","2024","01","17","1329950","677"
"전라북도","부안군","2024","01","18","1652950","845"
"전라북도","부안군","2024","01","19","1819400","861"
"전라북도","부안군","2024","01","20","1387450","676"
"전라북도","부안군","2024","01","21","2063750","940"
"전라북도","부안군","2024","01","22","1373900","697"
"전라북도","부안군","2024","01","23","1169750","538"
"전라북도","부안군","2024","01","24","1574550","770"
"전라북도","부안군","2024","01","25","1688650","775"
"전라북도","부안군","2024","01","26","1764050","823"
"전라북도","부안군","2024","01","27","1742100","800"
"전라북도","부안군","2024","01","28","2251000","927"
"전라북도","부안군","2024","01","29","1479050","771"
"전라북도","부안군","2024","01","30","1566250","796"
"전라북도","부안군","2024","01","31","1532300","801"
"전라북도","순창군","2024","01","01","231400","110"
"전라북도","순창군","2024","01","02","211200","93"
"전라북도","순창군","2024","01","03","149050","77"
"전라북도","순창군","2024","01","04","173700","91"
"전라북도","순창군","2024","01","05","159950","88"
"전라북도","순창군","2024","01","06","164200","90"
"전라북도","순창군","2024","01","07","207200","97"
"전라북도","순창군","2024","01","08","162500","74"
"전라북도","순창군","2024","01","09","136650","69"
"전라북도","순창군","2024","01","10","149750","83"
"전라북도","순창군","2024","01","11","165400","85"
"전라북도","순창군","2024","01","12","117100","70"
"전라북도","순창군","2024","01","13","151500","81"
"전라북도","순창군","2024","01","14","142000","75"
"전라북도","순창군","2024","01","15","213650","93"
"전라북도","순창군","2024","01","16","163450","91"
"전라북도","순창군","2024","01","17","129200","77"
"전라북도","순창군","2024","01","18","115800","73"
"전라북도","순창군","2024","01","19","128800","75"
"전라북도","순창군","2024","01","20","150750","80"
"전라북도","순창군","2024","01","21","180250","99"
"전라북도","순창군","2024","01","22","127600","76"
"전라북도","순창군","2024","01","23","76000","60"
"전라북도","순창군","2024","01","24","175900","87"
"전라북도","순창군","2024","01","25","122850","78"
"전라북도","순창군","2024","01","26","172700","82"
"전라북도","순창군","2024","01","27","162550","92"
"전라북도","순창군","2024","01","28","163400","84"
"전라북도","순창군","2024","01","29","170600","99"
"전라북도","순창군","2024","01","30","143650","84"
"전라북도","순창군","2024","01","31","169000","77"
"전라북도","익산시","2024","01","01","145408450","18085"
"전라북도","익산시","2024","01","02","110281250","16241"
"전라북도","익산시","2024","01","03","96138350","15207"
"전라북도","익산시","2024","01","04","83185900","15163"
"전라북도","익산시","2024","01","05","99036650","15400"
"전라북도","익산시","2024","01","06","86580150","15175"
"전라북도","익산시","2024","01","07","24316600","13642"
"전라북도","익산시","2024","01","08","139885850","16104"
"전라북도","익산시","2024","01","09","101704700","14461"
"전라북도","익산시","2024","01","10","89686850","15361"
"전라북도","익산시","2024","01","11","79964850","14345"
"전라북도","익산시","2024","01","12","97223450","15318"
"전라북도","익산시","2024","01","13","83306750","14954"
"전라북도","익산시","2024","01","14","23227150","13138"
"전라북도","익산시","2024","01","15","141183250","16706"
"전라북도","익산시","2024","01","16","100101400","14706"
"전라북도","익산시","2024","01","17","84688200","13347"
"전라북도","익산시","2024","01","18","78888450","15112"
"전라북도","익산시","2024","01","19","96952900","15732"
"전라북도","익산시","2024","01","20","81410750","12563"
"전라북도","익산시","2024","01","21","27300200","14943"
"전라북도","익산시","2024","01","22","136961850","15225"
"전라북도","익산시","2024","01","23","87530700","13337"
"전라북도","익산시","2024","01","24","79041250","14355"
"전라북도","익산시","2024","01","25","77124750","14062"
"전라북도","익산시","2024","01","26","95536750","14680"
"전라북도","익산시","2024","01","27","84929800","14871"
"전라북도","익산시","2024","01","28","23133200","13232"
"전라북도","익산시","2024","01","29","139307850","16532"
"전라북도","익산시","2024","01","30","100638800","14833"
"전라북도","익산시","2024","01","31","88820600","14806"
"전라북도","임실군","2024","01","01","708350","256"
"전라북도","임실군","2024","01","02","482800","208"
"전라북도","임실군","2024","01","03","388250","180"
"전라북도","임실군","2024","01","04","493100","212"
"전라북도","임실군","2024","01","05","371300","197"
"전라북도","임실군","2024","01","06","570000","235"
"전라북도","임실군","2024","01","07","416850","192"
"전라북도","임실군","2024","01","08","547250","219"
"전라북도","임실군","2024","01","09","389000","194"
"전라북도","임실군","2024","01","10","458650","214"
"전라북도","임실군","2024","01","11","395600","211"
"전라북도","임실군","2024","01","12","469450","213"
"전라북도","임실군","2024","01","13","449050","208"
"전라북도","임실군","2024","01","14","541750","233"
"전라북도","임실군","2024","01","15","420750","205"
"전라북도","임실군","2024","01","16","466850","209"
"전라북도","임실군","2024","01","17","374800","183"
"전라북도","임실군","2024","01","18","425950","211"
"전라북도","임실군","2024","01","19","421000","207"
"전라북도","임실군","2024","01","20","362400","165"
"전라북도","임실군","2024","01","21","527200","240"
"전라북도","임실군","2024","01","22","491300","182"
"전라북도","임실군","2024","01","23","312600","153"
"전라북도","임실군","2024","01","24","342300","166"
"전라북도","임실군","2024","01","25","341900","179"
"전라북도","임실군","2024","01","26","443350","210"
"전라북도","임실군","2024","01","27","554650","197"
"전라북도","임실군","2024","01","28","424150","204"
"전라북도","임실군","2024","01","29","542150","218"
"전라북도","임실군","2024","01","30","476750","204"
"전라북도","임실군","2024","01","31","431950","211"
"전라북도","전주시","2024","01","01","452000","297"
"전라북도","전주시","2024","01","02","335850","231"
"전라북도","전주시","2024","01","03","281650","212"
"전라북도","전주시","2024","01","04","315200","242"
"전라북도","전주시","2024","01","05","319850","223"
"전라북도","전주시","2024","01","06","344650","225"
"전라북도","전주시","2024","01","07","401250","267"
"전라북도","전주시","2024","01","08","358900","248"
"전라북도","전주시","2024","01","09","257300","183"
"전라북도","전주시","2024","01","10","305700","215"
"전라북도","전주시","2024","01","11","330450","222"
"전라북도","전주시","2024","01","12","331700","235"
"전라북도","전주시","2024","01","13","385750","253"
"전라북도","전주시","2024","01","14","394000","247"
"전라북도","전주시","2024","01","15","352500","252"
"전라북도","전주시","2024","01","16","275400","206"
"전라북도","전주시","2024","01","17","286550","202"
"전라북도","전주시","2024","01","18","292650","229"
"전라북도","전주시","2024","01","19","374900","250"
"전라북도","전주시","2024","01","20","249750","183"
"전라북도","전주시","2024","01","21","432550","282"
"전라북도","전주시","2024","01","22","350650","244"
"전라북도","전주시","2024","01","23","248650","173"
"전라북도","전주시","2024","01","24","319950","210"
"전라북도","전주시","2024","01","25","315400","216"
"전라북도","전주시","2024","01","26","288700","216"
"전라북도","전주시","2024","01","27","331500","229"
"전라북도","전주시","2024","01","28","427650","261"
"전라북도","전주시","2024","01","29","273550","208"
"전라북도","전주시","2024","01","30","291450","218"
"전라북도","전주시","2024","01","31","287700","219"
"전라북도","정읍시","2024","01","01","24089300","4143"
"전라북도","정읍시","2024","01","02","24731750","3737"
"전라북도","정읍시","2024","01","03","18326600","3458"
"전라북도","정읍시","2024","01","04","18921500","3529"
"전라북도","정읍시","2024","01","05","20024900","3538"
"전라북도","정읍시","2024","01","06","16845500","3330"
"전라북도","정읍시","2024","01","07","6482650","3348"
"전라북도","정읍시","2024","01","08","21333850","3680"
"전라북도","정읍시","2024","01","09","21233850","3308"
"전라북도","정읍시","2024","01","10","18224850","3506"
"전라북도","정읍시","2024","01","11","17997000","3428"
"전라북도","정읍시","2024","01","12","18252300","3455"
"전라북도","정읍시","2024","01","13","15540250","3403"
"전라북도","정읍시","2024","01","14","6141950","3168"
"전라북도","정읍시","2024","01","15","21860700","3685"
"전라북도","정읍시","2024","01","16","23045100","3506"
"전라북도","정읍시","2024","01","17","17167450","3169"
"전라북도","정읍시","2024","01","18","17791250","3437"
"전라북도","정읍시","2024","01","19","20338900","3688"
"전라북도","정읍시","2024","01","20","13101300","2759"
"전라북도","정읍시","2024","01","21","7106550","3607"
"전라북도","정읍시","2024","01","22","20192150","2998"
"전라북도","정읍시","2024","01","23","15236550","2261"
"전라북도","정읍시","2024","01","24","10875600","2997"
"전라북도","정읍시","2024","01","25","17952200","3321"
"전라북도","정읍시","2024","01","26","20762700","3309"
"전라북도","정읍시","2024","01","27","15495100","3377"
"전라북도","정읍시","2024","01","28","6568950","3266"
"전라북도","정읍시","2024","01","29","21227400","3372"
"전라북도","정읍시","2024","01","30","23838700","3547"
"전라북도","정읍시","2024","01","31","21008400","3497"
"전라북도","진안군","2024","01","02","1384000","19"
"전라북도","진안군","2024","01","03","294500","5"
"전라북도","진안군","2024","01","05","969000","14"
"전라북도","진안군","2024","01","06","417500","9"
"전라북도","진안군","2024","01","09","1106500","14"
"전라북도","진안군","2024","01","10","382500","6"
"전라북도","진안군","2024","01","12","1151500","16"
"전라북도","진안군","2024","01","13","500500","11"
"전라북도","진안군","2024","01","16","998000","16"
"전라북도","진안군","2024","01","17","412500","7"
"전라북도","진안군","2024","01","19","1386500","19"
"전라북도","진안군","2024","01","20","438000","9"
"전라북도","진안군","2024","01","23","1153000","18"
"전라북도","진안군","2024","01","24","343500","7"
"전라북도","진안군","2024","01","26","869000","15"
"전라북도","진안군","2024","01","27","483500","12"
"전라북도","진안군","2024","01","30","1140500","15"
"전라북도","진안군","2024","01","31","392000","6"
"제주특별자치도","서귀포시","2024","01","01","27191290","8534"
"제주특별자치도","서귀포시","2024","01","02","27499550","8708"
"제주특별자치도","서귀포시","2024","01","03","26287750","8192"
"제주특별자치도","서귀포시","2024","01","04","26198950","8389"
"제주특별자치도","서귀포시","2024","01","05","25273700","8169"
"제주특별자치도","서귀포시","2024","01","06","27182900","8309"
"제주특별자치도","서귀포시","2024","01","07","25293450","8286"
"제주특별자치도","서귀포시","2024","01","08","25833950","8448"
"제주특별자치도","서귀포시","2024","01","09","23737900","7532"
"제주특별자치도","서귀포시","2024","01","10","25918350","8461"
"제주특별자치도","서귀포시","2024","01","11","26381150","8347"
"제주특별자치도","서귀포시","2024","01","12","26553500","8388"
"제주특별자치도","서귀포시","2024","01","13","26899450","8157"
"제주특별자치도","서귀포시","2024","01","14","27353800","8959"
"제주특별자치도","서귀포시","2024","01","15","24559900","8245"
"제주특별자치도","서귀포시","2024","01","16","25798200","8345"
"제주특별자치도","서귀포시","2024","01","17","25957050","8530"
"제주특별자치도","서귀포시","2024","01","18","24098750","7954"
"제주특별자치도","서귀포시","2024","01","19","23855450","7586"
"제주특별자치도","서귀포시","2024","01","20","22555810","6674"
"제주특별자치도","서귀포시","2024","01","21","30914950","9905"
"제주특별자치도","서귀포시","2024","01","22","23083250","7414"
"제주특별자치도","서귀포시","2024","01","23","17497450","5713"
"제주특별자치도","서귀포시","2024","01","24","24089200","7870"
"제주특별자치도","서귀포시","2024","01","25","27336100","8743"
"제주특별자치도","서귀포시","2024","01","26","25970650","8070"
"제주특별자치도","서귀포시","2024","01","27","25464550","7855"
"제주특별자치도","서귀포시","2024","01","28","26321250","8339"
"제주특별자치도","서귀포시","2024","01","29","25677300","8300"
"제주특별자치도","서귀포시","2024","01","30","22582050","7253"
"제주특별자치도","서귀포시","2024","01","31","25887800","8290"
"제주특별자치도","제주시","2024","01","01","56141900","25959"
"제주특별자치도","제주시","2024","01","02","58639200","27061"
"제주특별자치도","제주시","2024","01","03","50978700","23606"
"제주특별자치도","제주시","2024","01","04","55473250","26358"
"제주특별자치도","제주시","2024","01","05","50344450","23642"
"제주특별자치도","제주시","2024","01","06","51948500","24046"
"제주특별자치도","제주시","2024","01","07","55286500","26128"
"제주특별자치도","제주시","2024","01","08","54279400","25149"
"제주특별자치도","제주시","2024","01","09","47743450","22437"
"제주특별자치도","제주시","2024","01","10","51866950","24216"
"제주특별자치도","제주시","2024","01","11","53206345","25103"
"제주특별자치도","제주시","2024","01","12","49710300","23265"
"제주특별자치도","제주시","2024","01","13","51303600","23440"
"제주특별자치도","제주시","2024","01","14","55887550","26920"
"제주특별자치도","제주시","2024","01","15","51269450","23879"
"제주특별자치도","제주시","2024","01","16","50704250","24325"
"제주특별자치도","제주시","2024","01","17","51243350","24870"
"제주특별자치도","제주시","2024","01","18","47811400","22835"
"제주특별자치도","제주시","2024","01","19","44048850","20298"
"제주특별자치도","제주시","2024","01","20","41879750","18517"
"제주특별자치도","제주시","2024","01","21","60143300","27490"
"제주특별자치도","제주시","2024","01","22","46830400","21488"
"제주특별자치도","제주시","2024","01","23","33032500","15526"
"제주특별자치도","제주시","2024","01","24","49131950","22852"
"제주특별자치도","제주시","2024","01","25","55884900","25647"
"제주특별자치도","제주시","2024","01","26","49481650","22727"
"제주특별자치도","제주시","2024","01","27","50116550","22745"
"제주특별자치도","제주시","2024","01","28","54532000","25626"
"제주특별자치도","제주시","2024","01","29","50649950","23515"
"제주특별자치도","제주시","2024","01","30","46659500","22105"
"제주특별자치도","제주시","2024","01","31","48540250","23045"
"충청남도","계룡시","2024","01","01","1810650","1051"
"충청남도","계룡시","2024","01","02","1596900","877"
"충청남도","계룡시","2024","01","03","1631600","876"
"충청남도","계룡시","2024","01","04","1630650","935"
"충청남도","계룡시","2024","01","05","1480100","883"
"충청남도","계룡시","2024","01","06","1636850","905"
"충청남도","계룡시","2024","01","07","2045100","1129"
"충청남도","계룡시","2024","01","08","1622750","877"
"충청남도","계룡시","2024","01","09","1491400","877"
"충청남도","계룡시","2024","01","10","1452150","832"
"충청남도","계룡시","2024","01","11","1552700","881"
"충청남도","계룡시","2024","01","12","1478950","891"
"충청남도","계룡시","2024","01","13","1451450","870"
"충청남도","계룡시","2024","01","14","1899650","1004"
"충청남도","계룡시","2024","01","15","1661400","925"
"충청남도","계룡시","2024","01","16","1463850","890"
"충청남도","계룡시","2024","01","17","1186900","721"
"충청남도","계룡시","2024","01","18","1507750","899"
"충청남도","계룡시","2024","01","19","1471200","896"
"충청남도","계룡시","2024","01","20","1134350","672"
"충청남도","계룡시","2024","01","21","2032900","1171"
"충청남도","계룡시","2024","01","22","1407650","796"
"충청남도","계룡시","2024","01","23","1170850","728"
"충청남도","계룡시","2024","01","24","1364850","774"
"충청남도","계룡시","2024","01","25","1329050","763"
"충청남도","계룡시","2024","01","26","1516250","888"
"충청남도","계룡시","2024","01","27","1427000","819"
"충청남도","계룡시","2024","01","28","1829600","1010"
"충청남도","계룡시","2024","01","29","1641350","917"
"충청남도","계룡시","2024","01","30","1308000","831"
"충청남도","계룡시","2024","01","31","1318750","827"
"충청남도","당진시","2024","01","01","2613200","1224"
"충청남도","당진시","2024","01","02","1920500","981"
"충청남도","당진시","2024","01","03","1744500","920"
"충청남도","당진시","2024","01","04","1875700","983"
"충청남도","당진시","2024","01","05","1785250","963"
"충청남도","당진시","2024","01","06","2046300","1000"
"충청남도","당진시","2024","01","07","2357900","1122"
"충청남도","당진시","2024","01","08","2461450","1141"
"충청남도","당진시","2024","01","09","1774500","907"
"충청남도","당진시","2024","01","10","1886350","1007"
"충청남도","당진시","2024","01","11","1889400","996"
"충청남도","당진시","2024","01","12","1744300","951"
"충청남도","당진시","2024","01","13","1988300","984"
"충청남도","당진시","2024","01","14","2158900","1024"
"충청남도","당진시","2024","01","15","2206350","1126"
"충청남도","당진시","2024","01","16","1735450","904"
"충청남도","당진시","2024","01","17","1387100","768"
"충청남도","당진시","2024","01","18","2039950","1094"
"충청남도","당진시","2024","01","19","1853600","955"
"충청남도","당진시","2024","01","20","1571550","820"
"충청남도","당진시","2024","01","21","2513700","1173"
"충청남도","당진시","2024","01","22","1904500","942"
"충청남도","당진시","2024","01","23","1346300","795"
"충청남도","당진시","2024","01","24","1732150","929"
"충청남도","당진시","2024","01","25","1722800","923"
"충청남도","당진시","2024","01","26","1768400","940"
"충청남도","당진시","2024","01","27","1840900","919"
"충청남도","당진시","2024","01","28","2205450","1093"
"충청남도","당진시","2024","01","29","2086850","1074"
"충청남도","당진시","2024","01","30","1696500","891"
"충청남도","당진시","2024","01","31","1835250","967"
"충청남도","부여군","2024","01","01","1471800","643"
"충청남도","부여군","2024","01","02","1100550","523"
"충청남도","부여군","2024","01","03","929700","462"
"충청남도","부여군","2024","01","04","1087000","540"
"충청남도","부여군","2024","01","05","1019700","519"
"충청남도","부여군","2024","01","06","1110550","546"
"충청남도","부여군","2024","01","07","1317000","587"
"충청남도","부여군","2024","01","08","1141300","536"
"충청남도","부여군","2024","01","09","912850","463"
"충청남도","부여군","2024","01","10","1013900","512"
"충청남도","부여군","2024","01","11","999700","473"
"충청남도","부여군","2024","01","12","974200","518"
"충청남도","부여군","2024","01","13","1026300","486"
"충청남도","부여군","2024","01","14","1211200","561"
"충청남도","부여군","2024","01","15","1045750","519"
"충청남도","부여군","2024","01","16","985900","487"
"충청남도","부여군","2024","01","17","726050","376"
"충청남도","부여군","2024","01","18","1103950","535"
"충청남도","부여군","2024","01","19","1059700","511"
"충청남도","부여군","2024","01","20","877100","419"
"충청남도","부여군","2024","01","21","1421350","642"
"충청남도","부여군","2024","01","22","862100","433"
"충청남도","부여군","2024","01","23","876200","444"
"충청남도","부여군","2024","01","24","997700","504"
"충청남도","부여군","2024","01","25","1004600","477"
"충청남도","부여군","2024","01","26","1000750","508"
"충청남도","부여군","2024","01","27","1077900","486"
"충청남도","부여군","2024","01","28","1264350","569"
"충청남도","부여군","2024","01","29","1088750","527"
"충청남도","부여군","2024","01","30","920450","461"
"충청남도","부여군","2024","01","31","922650","454"
"충청남도","서산시","2024","01","01","4454150","2243"
"충청남도","서산시","2024","01","02","3813550","2001"
"충청남도","서산시","2024","01","03","3495400","1909"
"충청남도","서산시","2024","01","04","3600350","1903"
"충청남도","서산시","2024","01","05","3325400","1839"
"충청남도","서산시","2024","01","06","3383900","1904"
"충청남도","서산시","2024","01","07","3944850","2066"
"충청남도","서산시","2024","01","08","3693750","1975"
"충청남도","서산시","2024","01","09","3338950","1840"
"충청남도","서산시","2024","01","10","3390250","1945"
"충청남도","서산시","2024","01","11","3261200","1805"
"충청남도","서산시","2024","01","12","3410450","1893"
"충청남도","서산시","2024","01","13","3280950","1819"
"충청남도","서산시","2024","01","14","3795450","1991"
"충청남도","서산시","2024","01","15","3893750","1994"
"충청남도","서산시","2024","01","16","3243000","1873"
"충청남도","서산시","2024","01","17","2658750","1515"
"충청남도","서산시","2024","01","18","3634800","2086"
"충청남도","서산시","2024","01","19","3143400","1745"
"충청남도","서산시","2024","01","20","2938500","1644"
"충청남도","서산시","2024","01","21","4163300","2143"
"충청남도","서산시","2024","01","22","3063800","1594"
"충청남도","서산시","2024","01","23","2905100","1642"
"충청남도","서산시","2024","01","24","3311850","1832"
"충청남도","서산시","2024","01","25","3107550","1758"
"충청남도","서산시","2024","01","26","3078850","1768"
"충청남도","서산시","2024","01","27","3364650","1784"
"충청남도","서산시","2024","01","28","4049400","2060"
"충청남도","서산시","2024","01","29","3516900","1885"
"충청남도","서산시","2024","01","30","3307550","1830"
"충청남도","서산시","2024","01","31","3895200","1985"
"충청남도","아산시","2024","01","01","1602350","937"
"충청남도","아산시","2024","01","02","1148750","717"
"충청남도","아산시","2024","01","03","1173400","737"
"충청남도","아산시","2024","01","04","1190500","794"
"충청남도","아산시","2024","01","05","1239650","788"
"충청남도","아산시","2024","01","06","1443000","929"
"충청남도","아산시","2024","01","07","1755350","1047"
"충청남도","아산시","2024","01","08","1462050","913"
"충청남도","아산시","2024","01","09","1241700","784"
"충청남도","아산시","2024","01","10","1372600","836"
"충청남도","아산시","2024","01","11","1396100","850"
"충청남도","아산시","2024","01","12","1323900","837"
"충청남도","아산시","2024","01","13","1486250","938"
"충청남도","아산시","2024","01","14","1786400","1099"
"충청남도","아산시","2024","01","15","1456800","877"
"충청남도","아산시","2024","01","16","1350000","861"
"충청남도","아산시","2024","01","17","1264950","737"
"충청남도","아산시","2024","01","18","1529550","954"
"충청남도","아산시","2024","01","19","1299600","859"
"충청남도","아산시","2024","01","20","1351100","823"
"충청남도","아산시","2024","01","21","1981600","1205"
"충청남도","아산시","2024","01","22","1373950","814"
"충청남도","아산시","2024","01","23","1144300","704"
"충청남도","아산시","2024","01","24","1296400","824"
"충청남도","아산시","2024","01","25","1394750","816"
"충청남도","아산시","2024","01","26","1311150","832"
"충청남도","아산시","2024","01","27","1664200","990"
"충청남도","아산시","2024","01","28","1857100","1163"
"충청남도","아산시","2024","01","29","1461700","928"
"충청남도","아산시","2024","01","30","1297450","860"
"충청남도","아산시","2024","01","31","1283150","833"
"충청북도","음성군","2024","01","01","797550","370"
"충청북도","음성군","2024","01","02","566800","308"
"충청북도","음성군","2024","01","03","460600","270"
"충청북도","음성군","2024","01","04","538800","302"
"충청북도","음성군","2024","01","05","541600","273"
"충청북도","음성군","2024","01","06","630500","310"
"충청북도","음성군","2024","01","07","675250","354"
"충청북도","음성군","2024","01","08","607900","331"
"충청북도","음성군","2024","01","09","506000","258"
"충청북도","음성군","2024","01","10","553900","293"
"충청북도","음성군","2024","01","11","546450","258"
"충청북도","음성군","2024","01","12","525800","298"
"충청북도","음성군","2024","01","13","531850","270"
"충청북도","음성군","2024","01","14","723800","357"
"충청북도","음성군","2024","01","15","567800","304"
"충청북도","음성군","2024","01","16","546250","294"
"충청북도","음성군","2024","01","17","499050","260"
"충청북도","음성군","2024","01","18","472650","266"
"충청북도","음성군","2024","01","19","543450","300"
"충청북도","음성군","2024","01","20","505150","264"
"충청북도","음성군","2024","01","21","782150","383"
"충청북도","음성군","2024","01","22","467400","257"
"충청북도","음성군","2024","01","23","465900","241"
"충청북도","음성군","2024","01","24","446050","254"
"충청북도","음성군","2024","01","25","525750","302"
"충청북도","음성군","2024","01","26","445100","259"
"충청북도","음성군","2024","01","27","524500","280"
"충청북도","음성군","2024","01","28","642300","332"
"충청북도","음성군","2024","01","29","490200","261"
"충청북도","음성군","2024","01","30","490850","266"
"충청북도","음성군","2024","01","31","485100","271"
"충청북도","진천군","2024","01","01","939300","523"
"충청북도","진천군","2024","01","02","785200","424"
"충청북도","진천군","2024","01","03","649200","403"
"충청북도","진천군","2024","01","04","747700","431"
"충청북도","진천군","2024","01","05","651550","372"
"충청북도","진천군","2024","01","06","756200","404"
"충청북도","진천군","2024","01","07","1012900","554"
"충청북도","진천군","2024","01","08","774350","448"
"충청북도","진천군","2024","01","09","648100","395"
"충청북도","진천군","2024","01","10","691750","402"
"충청북도","진천군","2024","01","11","580650","370"
"충청북도","진천군","2024","01","12","666200","393"
"충청북도","진천군","2024","01","13","669750","418"
"충청북도","진천군","2024","01","14","943650","495"
"충청북도","진천군","2024","01","15","769500","421"
"충청북도","진천군","2024","01","16","656300","381"
"충청북도","진천군","2024","01","17","555500","325"
"충청북도","진천군","2024","01","18","746700","441"
"충청북도","진천군","2024","01","19","651050","393"
"충청북도","진천군","2024","01","20","652550","377"
"충청북도","진천군","2024","01","21","970800","538"
"충청북도","진천군","2024","01","22","619350","348"
"충청북도","진천군","2024","01","23","557750","328"
"충청북도","진천군","2024","01","24","663300","369"
"충청북도","진천군","2024","01","25","701350","411"
"충청북도","진천군","2024","01","26","627650","365"
"충청북도","진천군","2024","01","27","661050","422"
"충청북도","진천군","2024","01","28","921550","521"
"충청북도","진천군","2024","01","29","718200","408"
"충청북도","진천군","2024","01","30","643400","392"
"충청북도","진천군","2024","01","31","679150","383"
"충청북도","청주시","2024","01","01","64796050","38789"
"충청북도","청주시","2024","01","02","53075150","33043"
"충청북도","청주시","2024","01","03","46691650","30539"
"충청북도","청주시","2024","01","04","48175350","32172"
"충청북도","청주시","2024","01","05","45438100","30556"
"충청북도","청주시","2024","01","06","49778250","31639"
"충청북도","청주시","2024","01","07","57904150","35297"
"충청북도","청주시","2024","01","08","51829450","32821"
"충청북도","청주시","2024","01","09","43529650","28652"
"충청북도","청주시","2024","01","10","47702000","31301"
"충청북도","청주시","2024","01","11","47205900","31431"
"충청북도","청주시","2024","01","12","46193050","30984"
"충청북도","청주시","2024","01","13","48685250","31271"
"충청북도","청주시","2024","01","14","55688550","34045"
"충청북도","청주시","2024","01","15","51606800","32976"
"충청북도","청주시","2024","01","16","46174450","30541"
"충청북도","청주시","2024","01","17","40482450","27334"
"충청북도","청주시","2024","01","18","48115700","31918"
"충청북도","청주시","2024","01","19","46401050","31419"
"충청북도","청주시","2024","01","20","42337450","27316"
"충청북도","청주시","2024","01","21","61114500","37506"
"충청북도","청주시","2024","01","22","44793950","28950"
"충청북도","청주시","2024","01","23","38897900","26087"
"충청북도","청주시","2024","01","24","43114250","28830"
"충청북도","청주시","2024","01","25","44162700","29293"
"충청북도","청주시","2024","01","26","43801850","29613"
"충청북도","청주시","2024","01","27","47309650","30311"
"충청북도","청주시","2024","01","28","56207450","34680"
"충청북도","청주시","2024","01","29","48704050","31589"
"충청북도","청주시","2024","01","30","45160150","30240"
"충청북도","청주시","2024","01","31","44632250","30502"
