sido,sigungu,sigungu_key,standard_sido,standard_sigungu,standard_sigungu_key,proposed_station_id,proposed_station_name,station_id,station_name,station_latitude,station_longitude,latitude,longitude,station_start_date,station_end_date,municipality,municipality_latitude,municipality_longitude,municipality_coordinate_source,distance_km,mapping_method,mapping_status,confidence,match_type,evidence,source_url,alternate_candidates,notes,validation_flags
강원도,강릉시,강원도 강릉시,강원도,강릉시,강원도 강릉시,104,북강릉,104,북강릉,37.8046,128.8554,37.8046,128.8554,2008-07-28,,강원도 강릉시,37.8851289,128.8260492,OpenStreetMap Nominatim,9.32,nearest_adjacent,validated,medium,nearest_asos_by_municipality_coordinate,KMA 관측지점정보 station_id=104; station_name=북강릉; lat=37.8046; lon=128.8554; start=2008-07-28; end=nan; period_2021_2024=ok; address=강원특별자치도 강릉시 사천면 방동리,https://data.kma.go.kr/tmeta/stn/selectStnList.do,"105:강릉(37.7515,128.891); 100:대관령(37.6771,128.7183); 90:속초(38.2509,128.5647); 106:동해(37.5071,129.1243)","지자체명 직접 일치 ASOS가 없어 대표좌표 기준 최단거리 ASOS를 후보로 제안했습니다. 내부 관측소가 아니므로 검토가 필요합니다. 공식 관측소 정보가 유효하고, 같은 광역 행정권 내 최단거리 ASOS입니다. 내부 관측소가 아니므로 지역 대표성 검토 메모를 유지합니다.",
강원도,고성군,강원도 고성군,강원도,고성군,강원도 고성군,,,,,,,,,,,강원도 고성군,,,OpenStreetMap Nominatim,,unresolved_no_verified_station,review_required,review_required,nearest_asos_by_municipality_coordinate,KMA 관측지점정보에서 검증 가능한 ASOS 후보를 특정하지 못함,https://data.kma.go.kr/tmeta/stn/selectStnList.do,,지자체명 직접 일치 ASOS가 없고 대표좌표 기준 최단거리 후보도 멀거나 좌표 확인이 불충분합니다. 공식 내부 관측소 근거와 지자체 대표좌표가 부족하여 관측소 후보를 지정하지 않았습니다.,station_unresolved;distance_unavailable
강원도,동해시,강원도 동해시,강원도,동해시,강원도 동해시,,,,,,,,,,,강원도 동해시,,,OpenStreetMap Nominatim,,unresolved_no_verified_station,review_required,review_required,nearest_asos_by_municipality_coordinate,KMA 관측지점정보에서 검증 가능한 ASOS 후보를 특정하지 못함,https://data.kma.go.kr/tmeta/stn/selectStnList.do,,지자체명 직접 일치 ASOS가 없고 대표좌표 기준 최단거리 후보도 멀거나 좌표 확인이 불충분합니다. 공식 내부 관측소 근거와 지자체 대표좌표가 부족하여 관측소 후보를 지정하지 않았습니다.,station_unresolved;distance_unavailable
강원도,삼척시,강원도 삼척시,강원도,삼척시,강원도 삼척시,106,동해,106,동해,37.5071,129.1243,37.5071,129.1243,1992-05-01,,강원도 삼척시,37.4404489,129.1638431,OpenStreetMap Nominatim,8.19,nearest_adjacent,validated,medium,nearest_asos_by_municipality_coordinate,KMA 관측지점정보 station_id=106; station_name=동해; lat=37.5071; lon=129.1243; start=1992-05-01; end=nan; period_2021_2024=ok; address=강원특별자치도 동해시 용정동,https://data.kma.go.kr/tmeta/stn/selectStnList.do,"216:태백(37.1704,128.9893); 105:강릉(37.7515,128.891); 100:대관령(37.6771,128.7183); 104:북강릉(37.8046,128.8554)","지자체명 직접 일치 ASOS가 없어 대표좌표 기준 최단거리 ASOS를 후보로 제안했습니다. 내부 관측소가 아니므로 검토가 필요합니다. 공식 관측소 정보가 유효하고, 같은 광역 행정권 내 최단거리 ASOS입니다. 내부 관측소가 아니므로 지역 대표성 검토 메모를 유지합니다.",
강원도,속초시,강원도 속초시,강원도,속초시,강원도 속초시,90,속초,90,속초,38.2509,128.5647,38.2509,128.5647,1968-01-01,,강원도 속초시,38.2112143,128.590873,OpenStreetMap Nominatim,4.97,nearest_adjacent,validated,medium,nearest_asos_by_municipality_coordinate,KMA 관측지점정보 station_id=90; station_name=속초; lat=38.2509; lon=128.5647; start=1968-01-01; end=nan; period_2021_2024=ok; address=강원특별자치도 고성군 토성면 봉포리,https://data.kma.go.kr/tmeta/stn/selectStnList.do,"104:북강릉(37.8046,128.8554); 105:강릉(37.7515,128.891); 100:대관령(37.6771,128.7183); 93:북춘천(37.9474,127.7544)","지자체명 직접 일치 ASOS가 없어 대표좌표 기준 최단거리 ASOS를 후보로 제안했습니다. 내부 관측소가 아니므로 검토가 필요합니다. 공식 관측소 정보가 유효하고, 같은 광역 행정권 내 최단거리 ASOS입니다. 내부 관측소가 아니므로 지역 대표성 검토 메모를 유지합니다.",
강원도,양구군,강원도 양구군,강원도,양구군,강원도 양구군,,,,,,,,,,,강원도 양구군,,,OpenStreetMap Nominatim,,unresolved_no_verified_station,review_required,review_required,nearest_asos_by_municipality_coordinate,KMA 관측지점정보에서 검증 가능한 ASOS 후보를 특정하지 못함,https://data.kma.go.kr/tmeta/stn/selectStnList.do,,지자체명 직접 일치 ASOS가 없고 대표좌표 기준 최단거리 후보도 멀거나 좌표 확인이 불충분합니다. 공식 내부 관측소 근거와 지자체 대표좌표가 부족하여 관측소 후보를 지정하지 않았습니다.,station_unresolved;distance_unavailable
강원도,영월군,강원도 영월군,강원도,영월군,강원도 영월군,121,영월,121,영월,37.1813,128.4574,37.1813,128.4574,1994-12-01,,강원도 영월군,37.1862042,128.4652482,OpenStreetMap Nominatim,0.88,nearest_adjacent,validated,medium,nearest_asos_by_municipality_coordinate,KMA 관측지점정보 station_id=121; station_name=영월; lat=37.1813; lon=128.4574; start=1994-12-01; end=nan; period_2021_2024=ok; address=강원특별자치도 영월군 영월읍 하송리,https://data.kma.go.kr/tmeta/stn/selectStnList.do,"221:제천(37.1593,128.1943); 272:영주(36.8718,128.5169); 216:태백(37.1704,128.9893); 271:봉화(36.9436,128.9145)","지자체명 직접 일치 ASOS가 없어 대표좌표 기준 최단거리 ASOS를 후보로 제안했습니다. 내부 관측소가 아니므로 검토가 필요합니다. 공식 관측소 정보가 유효하고, 같은 광역 행정권 내 최단거리 ASOS입니다. 내부 관측소가 아니므로 지역 대표성 검토 메모를 유지합니다.",
강원도,원주시,강원도 원주시,강원도,원주시,강원도 원주시,,,,,,,,,,,강원도 원주시,,,OpenStreetMap Nominatim,,unresolved_no_verified_station,review_required,review_required,nearest_asos_by_municipality_coordinate,KMA 관측지점정보에서 검증 가능한 ASOS 후보를 특정하지 못함,https://data.kma.go.kr/tmeta/stn/selectStnList.do,,지자체명 직접 일치 ASOS가 없고 대표좌표 기준 최단거리 후보도 멀거나 좌표 확인이 불충분합니다. 공식 내부 관측소 근거와 지자체 대표좌표가 부족하여 관측소 후보를 지정하지 않았습니다.,station_unresolved;distance_unavailable
강원도,정선군,강원도 정선군,강원도,정선군,강원도 정선군,,,,,,,,,,,강원도 정선군,,,OpenStreetMap Nominatim,,unresolved_no_verified_station,review_required,review_required,nearest_asos_by_municipality_coordinate,KMA 관측지점정보에서 검증 가능한 ASOS 후보를 특정하지 못함,https://data.kma.go.kr/tmeta/stn/selectStnList.do,,지자체명 직접 일치 ASOS가 없고 대표좌표 기준 최단거리 후보도 멀거나 좌표 확인이 불충분합니다. 공식 내부 관측소 근거와 지자체 대표좌표가 부족하여 관측소 후보를 지정하지 않았습니다.,station_unresolved;distance_unavailable
강원도,철원군,강원도 철원군,강원도,철원군,강원도 철원군,,,,,,,,,,,강원도 철원군,,,OpenStreetMap Nominatim,,unresolved_no_verified_station,review_required,review_required,nearest_asos_by_municipality_coordinate,KMA 관측지점정보에서 검증 가능한 ASOS 후보를 특정하지 못함,https://data.kma.go.kr/tmeta/stn/selectStnList.do,,지자체명 직접 일치 ASOS가 없고 대표좌표 기준 최단거리 후보도 멀거나 좌표 확인이 불충분합니다. 공식 내부 관측소 근거와 지자체 대표좌표가 부족하여 관측소 후보를 지정하지 않았습니다.,station_unresolved;distance_unavailable
강원도,춘천시,강원도 춘천시,강원도,춘천시,강원도 춘천시,,,,,,,,,,,강원도 춘천시,,,OpenStreetMap Nominatim,,unresolved_no_verified_station,review_required,review_required,nearest_asos_by_municipality_coordinate,KMA 관측지점정보에서 검증 가능한 ASOS 후보를 특정하지 못함,https://data.kma.go.kr/tmeta/stn/selectStnList.do,,지자체명 직접 일치 ASOS가 없고 대표좌표 기준 최단거리 후보도 멀거나 좌표 확인이 불충분합니다. 공식 내부 관측소 근거와 지자체 대표좌표가 부족하여 관측소 후보를 지정하지 않았습니다.,station_unresolved;distance_unavailable
강원도,태백시,강원도 태백시,강원도,태백시,강원도 태백시,,,,,,,,,,,강원도 태백시,,,OpenStreetMap Nominatim,,unresolved_no_verified_station,review_required,review_required,nearest_asos_by_municipality_coordinate,KMA 관측지점정보에서 검증 가능한 ASOS 후보를 특정하지 못함,https://data.kma.go.kr/tmeta/stn/selectStnList.do,,지자체명 직접 일치 ASOS가 없고 대표좌표 기준 최단거리 후보도 멀거나 좌표 확인이 불충분합니다. 공식 내부 관측소 근거와 지자체 대표좌표가 부족하여 관측소 후보를 지정하지 않았습니다.,station_unresolved;distance_unavailable
강원도,홍천군,강원도 홍천군,강원도,홍천군,강원도 홍천군,,,,,,,,,,,강원도 홍천군,,,OpenStreetMap Nominatim,,unresolved_no_verified_station,review_required,review_required,nearest_asos_by_municipality_coordinate,KMA 관측지점정보에서 검증 가능한 ASOS 후보를 특정하지 못함,https://data.kma.go.kr/tmeta/stn/selectStnList.do,,지자체명 직접 일치 ASOS가 없고 대표좌표 기준 최단거리 후보도 멀거나 좌표 확인이 불충분합니다. 공식 내부 관측소 근거와 지자체 대표좌표가 부족하여 관측소 후보를 지정하지 않았습니다.,station_unresolved;distance_unavailable
강원도,횡성군,강원도 횡성군,강원도,횡성군,강원도 횡성군,,,,,,,,,,,강원도 횡성군,,,OpenStreetMap Nominatim,,unresolved_no_verified_station,review_required,review_required,nearest_asos_by_municipality_coordinate,KMA 관측지점정보에서 검증 가능한 ASOS 후보를 특정하지 못함,https://data.kma.go.kr/tmeta/stn/selectStnList.do,,지자체명 직접 일치 ASOS가 없고 대표좌표 기준 최단거리 후보도 멀거나 좌표 확인이 불충분합니다. 공식 내부 관측소 근거와 지자체 대표좌표가 부족하여 관측소 후보를 지정하지 않았습니다.,station_unresolved;distance_unavailable
경기도,가평군,경기도 가평군,경기도,가평군,경기도 가평군,101,춘천,101,춘천,37.9026,127.7357,37.9026,127.7357,1966-01-01,,경기도 가평군,37.8246285,127.5169371,OpenStreetMap Nominatim,21.07,nearest_adjacent,review_required,review_required,nearest_asos_by_municipality_coordinate,KMA 관측지점정보 station_id=101; station_name=춘천; lat=37.9026; lon=127.7357; start=1966-01-01; end=nan; period_2021_2024=ok; address=강원특별자치도 춘천시 우두동,https://data.kma.go.kr/tmeta/stn/selectStnList.do,"93:북춘천(37.9474,127.7544); 212:홍천(37.6836,127.8804); 202:양평(37.4886,127.4945); 95:철원(38.1479,127.3042)","지자체명 직접 일치 ASOS가 없어 대표좌표 기준 최단거리 ASOS를 후보로 제안했습니다. 내부 관측소가 아니므로 검토가 필요합니다. 내부 ASOS가 아니며 거리, 행정권, 지역 대표성 중 일부 근거가 충분하지 않아 사람이 검토해야 합니다.",
경기도,고양시,경기도 고양시,경기도,고양시,경기도 고양시,,,,,,,,,,,경기도 고양시,,,OpenStreetMap Nominatim,,unresolved_no_verified_station,review_required,review_required,nearest_asos_by_municipality_coordinate,KMA 관측지점정보에서 검증 가능한 ASOS 후보를 특정하지 못함,https://data.kma.go.kr/tmeta/stn/selectStnList.do,,지자체명 직접 일치 ASOS가 없고 대표좌표 기준 최단거리 후보도 멀거나 좌표 확인이 불충분합니다. 공식 내부 관측소 근거와 지자체 대표좌표가 부족하여 관측소 후보를 지정하지 않았습니다.,station_unresolved;distance_unavailable
경기도,과천시,경기도 과천시,경기도,과천시,경기도 과천시,,,,,,,,,,,경기도 과천시,,,OpenStreetMap Nominatim,,unresolved_no_verified_station,review_required,review_required,nearest_asos_by_municipality_coordinate,KMA 관측지점정보에서 검증 가능한 ASOS 후보를 특정하지 못함,https://data.kma.go.kr/tmeta/stn/selectStnList.do,,지자체명 직접 일치 ASOS가 없고 대표좌표 기준 최단거리 후보도 멀거나 좌표 확인이 불충분합니다. 공식 내부 관측소 근거와 지자체 대표좌표가 부족하여 관측소 후보를 지정하지 않았습니다.,station_unresolved;distance_unavailable
경기도,광명시,경기도 광명시,경기도,광명시,경기도 광명시,,,,,,,,,,,경기도 광명시,,,OpenStreetMap Nominatim,,unresolved_no_verified_station,review_required,review_required,nearest_asos_by_municipality_coordinate,KMA 관측지점정보에서 검증 가능한 ASOS 후보를 특정하지 못함,https://data.kma.go.kr/tmeta/stn/selectStnList.do,,지자체명 직접 일치 ASOS가 없고 대표좌표 기준 최단거리 후보도 멀거나 좌표 확인이 불충분합니다. 공식 내부 관측소 근거와 지자체 대표좌표가 부족하여 관측소 후보를 지정하지 않았습니다.,station_unresolved;distance_unavailable
경기도,광주시,경기도 광주시,경기도,광주시,경기도 광주시,202,양평,202,양평,37.4886,127.4945,37.4886,127.4945,1972-01-11,,경기도 광주시,37.424105,127.376995,OpenStreetMap Nominatim,12.61,nearest_adjacent,validated,medium,nearest_asos_by_municipality_coordinate,KMA 관측지점정보 station_id=202; station_name=양평; lat=37.4886; lon=127.4945; start=1972-01-11; end=nan; period_2021_2024=ok; address=경기도 양평군 양평읍 양근리,https://data.kma.go.kr/tmeta/stn/selectStnList.do,"203:이천(37.264,127.4842); 119:수원(37.2575,126.983); 108:서울(37.5714,126.9658); 114:원주(37.3375,127.9466)","지자체명 직접 일치 ASOS가 없어 대표좌표 기준 최단거리 ASOS를 후보로 제안했습니다. 내부 관측소가 아니므로 검토가 필요합니다. 공식 관측소 정보가 유효하고, 같은 광역 행정권 내 최단거리 ASOS입니다. 내부 관측소가 아니므로 지역 대표성 검토 메모를 유지합니다.",
경기도,구리시,경기도 구리시,경기도,구리시,경기도 구리시,,,,,,,,,,,경기도 구리시,,,OpenStreetMap Nominatim,,unresolved_no_verified_station,review_required,review_required,nearest_asos_by_municipality_coordinate,KMA 관측지점정보에서 검증 가능한 ASOS 후보를 특정하지 못함,https://data.kma.go.kr/tmeta/stn/selectStnList.do,,지자체명 직접 일치 ASOS가 없고 대표좌표 기준 최단거리 후보도 멀거나 좌표 확인이 불충분합니다. 공식 내부 관측소 근거와 지자체 대표좌표가 부족하여 관측소 후보를 지정하지 않았습니다.,station_unresolved;distance_unavailable
경기도,군포시,경기도 군포시,경기도,군포시,경기도 군포시,,,,,,,,,,,경기도 군포시,,,OpenStreetMap Nominatim,,unresolved_no_verified_station,review_required,review_required,nearest_asos_by_municipality_coordinate,KMA 관측지점정보에서 검증 가능한 ASOS 후보를 특정하지 못함,https://data.kma.go.kr/tmeta/stn/selectStnList.do,,지자체명 직접 일치 ASOS가 없고 대표좌표 기준 최단거리 후보도 멀거나 좌표 확인이 불충분합니다. 공식 내부 관측소 근거와 지자체 대표좌표가 부족하여 관측소 후보를 지정하지 않았습니다.,station_unresolved;distance_unavailable
경기도,김포시,경기도 김포시,경기도,김포시,경기도 김포시,,,,,,,,,,,경기도 김포시,,,OpenStreetMap Nominatim,,unresolved_no_verified_station,review_required,review_required,nearest_asos_by_municipality_coordinate,KMA 관측지점정보에서 검증 가능한 ASOS 후보를 특정하지 못함,https://data.kma.go.kr/tmeta/stn/selectStnList.do,,지자체명 직접 일치 ASOS가 없고 대표좌표 기준 최단거리 후보도 멀거나 좌표 확인이 불충분합니다. 공식 내부 관측소 근거와 지자체 대표좌표가 부족하여 관측소 후보를 지정하지 않았습니다.,station_unresolved;distance_unavailable
경기도,남양주시,경기도 남양주시,경기도,남양주시,경기도 남양주시,,,,,,,,,,,경기도 남양주시,,,OpenStreetMap Nominatim,,unresolved_no_verified_station,review_required,review_required,nearest_asos_by_municipality_coordinate,KMA 관측지점정보에서 검증 가능한 ASOS 후보를 특정하지 못함,https://data.kma.go.kr/tmeta/stn/selectStnList.do,,지자체명 직접 일치 ASOS가 없고 대표좌표 기준 최단거리 후보도 멀거나 좌표 확인이 불충분합니다. 공식 내부 관측소 근거와 지자체 대표좌표가 부족하여 관측소 후보를 지정하지 않았습니다.,station_unresolved;distance_unavailable
경기도,동두천시,경기도 동두천시,경기도,동두천시,경기도 동두천시,98,동두천,98,동두천,37.9019,127.0607,37.9019,127.0607,1998-02-01,,경기도 동두천시,,,OpenStreetMap Nominatim,,inside_municipality,validated,high,inside_municipality_name_or_address,KMA 관측지점정보 station_id=98; station_name=동두천; lat=37.9019; lon=127.0607; start=1998-02-01; end=nan; period_2021_2024=ok; address=경기도 동두천시 생연동,https://data.kma.go.kr/tmeta/stn/selectStnList.do,,공식 관측소 메타데이터의 지점명 또는 주소가 지자체명과 일치합니다. 경계 기반 내부 판정은 사람 검토가 필요합니다. 공식 관측지점정보의 지점명 또는 주소가 지자체와 일치하여 내부 관측소 후보로 검증했습니다.,distance_unavailable
경기도,부천시,경기도 부천시,경기도,부천시,경기도 부천시,108,서울,108,서울,37.5714,126.9658,37.5714,126.9658,2010-08-16,,경기도 부천시,37.5288774,126.7937471,OpenStreetMap Nominatim,15.89,nearest_adjacent,review_required,review_required,nearest_asos_by_municipality_coordinate,KMA 관측지점정보 station_id=108; station_name=서울; lat=37.5714; lon=126.9658; start=2010-08-16; end=nan; period_2021_2024=ok; address=서울특별시 종로구 송월동,https://data.kma.go.kr/tmeta/stn/selectStnList.do,"112:인천(37.4777,126.6249); 119:수원(37.2575,126.983); 201:강화(37.7074,126.4463); 99:파주(37.8859,126.7665)","지자체명 직접 일치 ASOS가 없어 대표좌표 기준 최단거리 ASOS를 후보로 제안했습니다. 내부 관측소가 아니므로 검토가 필요합니다. 내부 ASOS가 아니며 거리, 행정권, 지역 대표성 중 일부 근거가 충분하지 않아 사람이 검토해야 합니다.",
경기도,성남시 분당구,경기도 성남시 분당구,경기도,성남시 분당구,경기도 성남시 분당구,119,수원,119,수원,37.2575,126.983,37.2575,126.983,2019-07-24,,경기도 성남시 분당구,37.3866555,127.1201242,OpenStreetMap Nominatim,18.8,nearest_adjacent,validated,medium,nearest_asos_by_municipality_coordinate,KMA 관측지점정보 station_id=119; station_name=수원; lat=37.2575; lon=126.983; start=2019-07-24; end=nan; period_2021_2024=ok; address=경기도 수원시권선구 고색동,https://data.kma.go.kr/tmeta/stn/selectStnList.do,"108:서울(37.5714,126.9658); 202:양평(37.4886,127.4945); 203:이천(37.264,127.4842); 112:인천(37.4777,126.6249)","지자체명 직접 일치 ASOS가 없어 대표좌표 기준 최단거리 ASOS를 후보로 제안했습니다. 내부 관측소가 아니므로 검토가 필요합니다. 공식 관측소 정보가 유효하고, 같은 광역 행정권 내 최단거리 ASOS입니다. 내부 관측소가 아니므로 지역 대표성 검토 메모를 유지합니다.",
경기도,성남시 수정구,경기도 성남시 수정구,경기도,성남시 수정구,경기도 성남시 수정구,,,,,,,,,,,경기도 성남시 수정구,,,OpenStreetMap Nominatim,,unresolved_no_verified_station,review_required,review_required,nearest_asos_by_municipality_coordinate,KMA 관측지점정보에서 검증 가능한 ASOS 후보를 특정하지 못함,https://data.kma.go.kr/tmeta/stn/selectStnList.do,,지자체명 직접 일치 ASOS가 없고 대표좌표 기준 최단거리 후보도 멀거나 좌표 확인이 불충분합니다. 공식 내부 관측소 근거와 지자체 대표좌표가 부족하여 관측소 후보를 지정하지 않았습니다.,station_unresolved;distance_unavailable
경기도,성남시 중원구,경기도 성남시 중원구,경기도,성남시 중원구,경기도 성남시 중원구,,,,,,,,,,,경기도 성남시 중원구,,,OpenStreetMap Nominatim,,unresolved_no_verified_station,review_required,review_required,nearest_asos_by_municipality_coordinate,KMA 관측지점정보에서 검증 가능한 ASOS 후보를 특정하지 못함,https://data.kma.go.kr/tmeta/stn/selectStnList.do,,지자체명 직접 일치 ASOS가 없고 대표좌표 기준 최단거리 후보도 멀거나 좌표 확인이 불충분합니다. 공식 내부 관측소 근거와 지자체 대표좌표가 부족하여 관측소 후보를 지정하지 않았습니다.,station_unresolved;distance_unavailable
경기도,수원시 권선구,경기도 수원시 권선구,경기도,수원시 권선구,경기도 수원시 권선구,119,수원,119,수원,37.2575,126.983,37.2575,126.983,2019-07-24,,경기도 수원시 권선구,37.2681883,126.986043,OpenStreetMap Nominatim,1.22,inside_municipality,validated,high,inside_municipality_name_or_address,KMA 관측지점정보 station_id=119; station_name=수원; lat=37.2575; lon=126.983; start=2019-07-24; end=nan; period_2021_2024=ok; address=경기도 수원시권선구 고색동,https://data.kma.go.kr/tmeta/stn/selectStnList.do,,공식 관측소 메타데이터의 지점명 또는 주소가 지자체명과 일치합니다. 경계 기반 내부 판정은 사람 검토가 필요합니다. 공식 관측지점정보의 지점명 또는 주소가 지자체와 일치하여 내부 관측소 후보로 검증했습니다.,
경기도,수원시 영통구,경기도 수원시 영통구,경기도,수원시 영통구,경기도 수원시 영통구,119,수원,119,수원,37.2575,126.983,37.2575,126.983,2019-07-24,,경기도 수원시 영통구,37.265805,127.0368359,OpenStreetMap Nominatim,4.85,nearest_adjacent,validated,medium,nearest_asos_by_municipality_coordinate,KMA 관측지점정보 station_id=119; station_name=수원; lat=37.2575; lon=126.983; start=2019-07-24; end=nan; period_2021_2024=ok; address=경기도 수원시권선구 고색동,https://data.kma.go.kr/tmeta/stn/selectStnList.do,"108:서울(37.5714,126.9658); 203:이천(37.264,127.4842); 112:인천(37.4777,126.6249); 202:양평(37.4886,127.4945)","지자체명 직접 일치 ASOS가 없어 대표좌표 기준 최단거리 ASOS를 후보로 제안했습니다. 내부 관측소가 아니므로 검토가 필요합니다. 공식 관측소 정보가 유효하고, 같은 광역 행정권 내 최단거리 ASOS입니다. 내부 관측소가 아니므로 지역 대표성 검토 메모를 유지합니다.",
경기도,수원시 장안구,경기도 수원시 장안구,경기도,수원시 장안구,경기도 수원시 장안구,119,수원,119,수원,37.2575,126.983,37.2575,126.983,2019-07-24,,경기도 수원시 장안구,37.2956704,126.9995968,OpenStreetMap Nominatim,4.49,nearest_adjacent,validated,medium,nearest_asos_by_municipality_coordinate,KMA 관측지점정보 station_id=119; station_name=수원; lat=37.2575; lon=126.983; start=2019-07-24; end=nan; period_2021_2024=ok; address=경기도 수원시권선구 고색동,https://data.kma.go.kr/tmeta/stn/selectStnList.do,"108:서울(37.5714,126.9658); 112:인천(37.4777,126.6249); 203:이천(37.264,127.4842); 202:양평(37.4886,127.4945)","지자체명 직접 일치 ASOS가 없어 대표좌표 기준 최단거리 ASOS를 후보로 제안했습니다. 내부 관측소가 아니므로 검토가 필요합니다. 공식 관측소 정보가 유효하고, 같은 광역 행정권 내 최단거리 ASOS입니다. 내부 관측소가 아니므로 지역 대표성 검토 메모를 유지합니다.",
경기도,수원시 팔달구,경기도 수원시 팔달구,경기도,수원시 팔달구,경기도 수원시 팔달구,119,수원,119,수원,37.2575,126.983,37.2575,126.983,2019-07-24,,경기도 수원시 팔달구,37.2881654,127.0334758,OpenStreetMap Nominatim,5.62,nearest_adjacent,validated,medium,nearest_asos_by_municipality_coordinate,KMA 관측지점정보 station_id=119; station_name=수원; lat=37.2575; lon=126.983; start=2019-07-24; end=nan; period_2021_2024=ok; address=경기도 수원시권선구 고색동,https://data.kma.go.kr/tmeta/stn/selectStnList.do,"108:서울(37.5714,126.9658); 203:이천(37.264,127.4842); 112:인천(37.4777,126.6249); 202:양평(37.4886,127.4945)","지자체명 직접 일치 ASOS가 없어 대표좌표 기준 최단거리 ASOS를 후보로 제안했습니다. 내부 관측소가 아니므로 검토가 필요합니다. 공식 관측소 정보가 유효하고, 같은 광역 행정권 내 최단거리 ASOS입니다. 내부 관측소가 아니므로 지역 대표성 검토 메모를 유지합니다.",
경기도,시흥시,경기도 시흥시,경기도,시흥시,경기도 시흥시,,,,,,,,,,,경기도 시흥시,,,OpenStreetMap Nominatim,,unresolved_no_verified_station,review_required,review_required,nearest_asos_by_municipality_coordinate,KMA 관측지점정보에서 검증 가능한 ASOS 후보를 특정하지 못함,https://data.kma.go.kr/tmeta/stn/selectStnList.do,,지자체명 직접 일치 ASOS가 없고 대표좌표 기준 최단거리 후보도 멀거나 좌표 확인이 불충분합니다. 공식 내부 관측소 근거와 지자체 대표좌표가 부족하여 관측소 후보를 지정하지 않았습니다.,station_unresolved;distance_unavailable
경기도,안성시,경기도 안성시,경기도,안성시,경기도 안성시,,,,,,,,,,,경기도 안성시,,,OpenStreetMap Nominatim,,unresolved_no_verified_station,review_required,review_required,nearest_asos_by_municipality_coordinate,KMA 관측지점정보에서 검증 가능한 ASOS 후보를 특정하지 못함,https://data.kma.go.kr/tmeta/stn/selectStnList.do,,지자체명 직접 일치 ASOS가 없고 대표좌표 기준 최단거리 후보도 멀거나 좌표 확인이 불충분합니다. 공식 내부 관측소 근거와 지자체 대표좌표가 부족하여 관측소 후보를 지정하지 않았습니다.,station_unresolved;distance_unavailable
경기도,안양시,경기도 안양시,경기도,안양시,경기도 안양시,119,수원,119,수원,37.2575,126.983,37.2575,126.983,2019-07-24,,경기도 안양시,37.392552,126.9522677,OpenStreetMap Nominatim,15.26,nearest_adjacent,validated,medium,nearest_asos_by_municipality_coordinate,KMA 관측지점정보 station_id=119; station_name=수원; lat=37.2575; lon=126.983; start=2019-07-24; end=nan; period_2021_2024=ok; address=경기도 수원시권선구 고색동,https://data.kma.go.kr/tmeta/stn/selectStnList.do,"108:서울(37.5714,126.9658); 112:인천(37.4777,126.6249); 202:양평(37.4886,127.4945); 203:이천(37.264,127.4842)","지자체명 직접 일치 ASOS가 없어 대표좌표 기준 최단거리 ASOS를 후보로 제안했습니다. 내부 관측소가 아니므로 검토가 필요합니다. 공식 관측소 정보가 유효하고, 같은 광역 행정권 내 최단거리 ASOS입니다. 내부 관측소가 아니므로 지역 대표성 검토 메모를 유지합니다.",
경기도,양주시,경기도 양주시,경기도,양주시,경기도 양주시,,,,,,,,,,,경기도 양주시,,,OpenStreetMap Nominatim,,unresolved_no_verified_station,review_required,review_required,nearest_asos_by_municipality_coordinate,KMA 관측지점정보에서 검증 가능한 ASOS 후보를 특정하지 못함,https://data.kma.go.kr/tmeta/stn/selectStnList.do,,지자체명 직접 일치 ASOS가 없고 대표좌표 기준 최단거리 후보도 멀거나 좌표 확인이 불충분합니다. 공식 내부 관측소 근거와 지자체 대표좌표가 부족하여 관측소 후보를 지정하지 않았습니다.,station_unresolved;distance_unavailable
경기도,양평군,경기도 양평군,경기도,양평군,경기도 양평군,202,양평,202,양평,37.4886,127.4945,37.4886,127.4945,1972-01-11,,경기도 양평군,37.5119419,127.6388426,OpenStreetMap Nominatim,13.0,inside_municipality,validated,high,inside_municipality_name_or_address,KMA 관측지점정보 station_id=202; station_name=양평; lat=37.4886; lon=127.4945; start=1972-01-11; end=nan; period_2021_2024=ok; address=경기도 양평군 양평읍 양근리,https://data.kma.go.kr/tmeta/stn/selectStnList.do,,공식 관측소 메타데이터의 지점명 또는 주소가 지자체명과 일치합니다. 경계 기반 내부 판정은 사람 검토가 필요합니다. 공식 관측지점정보의 지점명 또는 주소가 지자체와 일치하여 내부 관측소 후보로 검증했습니다.,
경기도,여주시,경기도 여주시,경기도,여주시,경기도 여주시,,,,,,,,,,,경기도 여주시,,,OpenStreetMap Nominatim,,unresolved_no_verified_station,review_required,review_required,nearest_asos_by_municipality_coordinate,KMA 관측지점정보에서 검증 가능한 ASOS 후보를 특정하지 못함,https://data.kma.go.kr/tmeta/stn/selectStnList.do,,지자체명 직접 일치 ASOS가 없고 대표좌표 기준 최단거리 후보도 멀거나 좌표 확인이 불충분합니다. 공식 내부 관측소 근거와 지자체 대표좌표가 부족하여 관측소 후보를 지정하지 않았습니다.,station_unresolved;distance_unavailable
경기도,연천군,경기도 연천군,경기도,연천군,경기도 연천군,,,,,,,,,,,경기도 연천군,,,OpenStreetMap Nominatim,,unresolved_no_verified_station,review_required,review_required,nearest_asos_by_municipality_coordinate,KMA 관측지점정보에서 검증 가능한 ASOS 후보를 특정하지 못함,https://data.kma.go.kr/tmeta/stn/selectStnList.do,,지자체명 직접 일치 ASOS가 없고 대표좌표 기준 최단거리 후보도 멀거나 좌표 확인이 불충분합니다. 공식 내부 관측소 근거와 지자체 대표좌표가 부족하여 관측소 후보를 지정하지 않았습니다.,station_unresolved;distance_unavailable
경기도,오산시,경기도 오산시,경기도,오산시,경기도 오산시,,,,,,,,,,,경기도 오산시,,,OpenStreetMap Nominatim,,unresolved_no_verified_station,review_required,review_required,nearest_asos_by_municipality_coordinate,KMA 관측지점정보에서 검증 가능한 ASOS 후보를 특정하지 못함,https://data.kma.go.kr/tmeta/stn/selectStnList.do,,지자체명 직접 일치 ASOS가 없고 대표좌표 기준 최단거리 후보도 멀거나 좌표 확인이 불충분합니다. 공식 내부 관측소 근거와 지자체 대표좌표가 부족하여 관측소 후보를 지정하지 않았습니다.,station_unresolved;distance_unavailable
경기도,용인시,경기도 용인시,경기도,용인시,경기도 용인시,119,수원,119,수원,37.2575,126.983,37.2575,126.983,2019-07-24,,경기도 용인시,37.2405847,127.0992779,OpenStreetMap Nominatim,10.46,nearest_adjacent,validated,medium,nearest_asos_by_municipality_coordinate,KMA 관측지점정보 station_id=119; station_name=수원; lat=37.2575; lon=126.983; start=2019-07-24; end=nan; period_2021_2024=ok; address=경기도 수원시권선구 고색동,https://data.kma.go.kr/tmeta/stn/selectStnList.do,"203:이천(37.264,127.4842); 108:서울(37.5714,126.9658); 202:양평(37.4886,127.4945); 112:인천(37.4777,126.6249)","지자체명 직접 일치 ASOS가 없어 대표좌표 기준 최단거리 ASOS를 후보로 제안했습니다. 내부 관측소가 아니므로 검토가 필요합니다. 공식 관측소 정보가 유효하고, 같은 광역 행정권 내 최단거리 ASOS입니다. 내부 관측소가 아니므로 지역 대표성 검토 메모를 유지합니다.",
경기도,의왕시,경기도 의왕시,경기도,의왕시,경기도 의왕시,,,,,,,,,,,경기도 의왕시,,,OpenStreetMap Nominatim,,unresolved_no_verified_station,review_required,review_required,nearest_asos_by_municipality_coordinate,KMA 관측지점정보에서 검증 가능한 ASOS 후보를 특정하지 못함,https://data.kma.go.kr/tmeta/stn/selectStnList.do,,지자체명 직접 일치 ASOS가 없고 대표좌표 기준 최단거리 후보도 멀거나 좌표 확인이 불충분합니다. 공식 내부 관측소 근거와 지자체 대표좌표가 부족하여 관측소 후보를 지정하지 않았습니다.,station_unresolved;distance_unavailable
경기도,의정부시,경기도 의정부시,경기도,의정부시,경기도 의정부시,98,동두천,98,동두천,37.9019,127.0607,37.9019,127.0607,1998-02-01,,경기도 의정부시,37.7362101,127.0408057,OpenStreetMap Nominatim,18.51,nearest_adjacent,validated,medium,nearest_asos_by_municipality_coordinate,KMA 관측지점정보 station_id=98; station_name=동두천; lat=37.9019; lon=127.0607; start=1998-02-01; end=nan; period_2021_2024=ok; address=경기도 동두천시 생연동,https://data.kma.go.kr/tmeta/stn/selectStnList.do,"108:서울(37.5714,126.9658); 99:파주(37.8859,126.7665); 112:인천(37.4777,126.6249); 202:양평(37.4886,127.4945)","지자체명 직접 일치 ASOS가 없어 대표좌표 기준 최단거리 ASOS를 후보로 제안했습니다. 내부 관측소가 아니므로 검토가 필요합니다. 공식 관측소 정보가 유효하고, 같은 광역 행정권 내 최단거리 ASOS입니다. 내부 관측소가 아니므로 지역 대표성 검토 메모를 유지합니다.",
경기도,이천시,경기도 이천시,경기도,이천시,경기도 이천시,203,이천,203,이천,37.264,127.4842,37.264,127.4842,1972-01-11,,경기도 이천시,,,OpenStreetMap Nominatim,,inside_municipality,validated,high,inside_municipality_name_or_address,KMA 관측지점정보 station_id=203; station_name=이천; lat=37.264; lon=127.4842; start=1972-01-11; end=nan; period_2021_2024=ok; address=경기도 이천시 부발읍 신하리,https://data.kma.go.kr/tmeta/stn/selectStnList.do,,공식 관측소 메타데이터의 지점명 또는 주소가 지자체명과 일치합니다. 경계 기반 내부 판정은 사람 검토가 필요합니다. 공식 관측지점정보의 지점명 또는 주소가 지자체와 일치하여 내부 관측소 후보로 검증했습니다.,distance_unavailable
경기도,파주시,경기도 파주시,경기도,파주시,경기도 파주시,99,파주,99,파주,37.8859,126.7665,37.8859,126.7665,2013-10-22,,경기도 파주시,37.864382,126.8706481,OpenStreetMap Nominatim,9.45,inside_municipality,validated,high,inside_municipality_name_or_address,KMA 관측지점정보 station_id=99; station_name=파주; lat=37.8859; lon=126.7665; start=2013-10-22; end=nan; period_2021_2024=ok; address=경기도 파주시 문산읍 운천리,https://data.kma.go.kr/tmeta/stn/selectStnList.do,,공식 관측소 메타데이터의 지점명 또는 주소가 지자체명과 일치합니다. 경계 기반 내부 판정은 사람 검토가 필요합니다. 공식 관측지점정보의 지점명 또는 주소가 지자체와 일치하여 내부 관측소 후보로 검증했습니다.,
경기도,평택시,경기도 평택시,경기도,평택시,경기도 평택시,119,수원,119,수원,37.2575,126.983,37.2575,126.983,2019-07-24,,경기도 평택시,37.0080839,126.9767515,OpenStreetMap Nominatim,27.74,nearest_adjacent,review_required,review_required,nearest_asos_by_municipality_coordinate,KMA 관측지점정보 station_id=119; station_name=수원; lat=37.2575; lon=126.983; start=2019-07-24; end=nan; period_2021_2024=ok; address=경기도 수원시권선구 고색동,https://data.kma.go.kr/tmeta/stn/selectStnList.do,"232:천안(36.7622,127.2928); 177:홍성(36.6576,126.6877); 129:서산(36.7766,126.4939); 203:이천(37.264,127.4842)","지자체명 직접 일치 ASOS가 없어 대표좌표 기준 최단거리 ASOS를 후보로 제안했습니다. 내부 관측소가 아니므로 검토가 필요합니다. 내부 ASOS가 아니며 거리, 행정권, 지역 대표성 중 일부 근거가 충분하지 않아 사람이 검토해야 합니다.",
경기도,포천시,경기도 포천시,경기도,포천시,경기도 포천시,98,동두천,98,동두천,37.9019,127.0607,37.9019,127.0607,1998-02-01,,경기도 포천시,37.8600882,127.2001238,OpenStreetMap Nominatim,13.09,nearest_adjacent,validated,medium,nearest_asos_by_municipality_coordinate,KMA 관측지점정보 station_id=98; station_name=동두천; lat=37.9019; lon=127.0607; start=1998-02-01; end=nan; period_2021_2024=ok; address=경기도 동두천시 생연동,https://data.kma.go.kr/tmeta/stn/selectStnList.do,"95:철원(38.1479,127.3042); 108:서울(37.5714,126.9658); 99:파주(37.8859,126.7665); 101:춘천(37.9026,127.7357)","지자체명 직접 일치 ASOS가 없어 대표좌표 기준 최단거리 ASOS를 후보로 제안했습니다. 내부 관측소가 아니므로 검토가 필요합니다. 공식 관측소 정보가 유효하고, 같은 광역 행정권 내 최단거리 ASOS입니다. 내부 관측소가 아니므로 지역 대표성 검토 메모를 유지합니다.",
경기도,하남시,경기도 하남시,경기도,하남시,경기도 하남시,,,,,,,,,,,경기도 하남시,,,OpenStreetMap Nominatim,,unresolved_no_verified_station,review_required,review_required,nearest_asos_by_municipality_coordinate,KMA 관측지점정보에서 검증 가능한 ASOS 후보를 특정하지 못함,https://data.kma.go.kr/tmeta/stn/selectStnList.do,,지자체명 직접 일치 ASOS가 없고 대표좌표 기준 최단거리 후보도 멀거나 좌표 확인이 불충분합니다. 공식 내부 관측소 근거와 지자체 대표좌표가 부족하여 관측소 후보를 지정하지 않았습니다.,station_unresolved;distance_unavailable
경기도,화성시,경기도 화성시,경기도,화성시,경기도 화성시,,,,,,,,,,,경기도 화성시,,,OpenStreetMap Nominatim,,unresolved_no_verified_station,review_required,review_required,nearest_asos_by_municipality_coordinate,KMA 관측지점정보에서 검증 가능한 ASOS 후보를 특정하지 못함,https://data.kma.go.kr/tmeta/stn/selectStnList.do,,지자체명 직접 일치 ASOS가 없고 대표좌표 기준 최단거리 후보도 멀거나 좌표 확인이 불충분합니다. 공식 내부 관측소 근거와 지자체 대표좌표가 부족하여 관측소 후보를 지정하지 않았습니다.,station_unresolved;distance_unavailable
경상남도,거제시,경상남도 거제시,경상남도,거제시,경상남도 거제시,294,거제,294,거제,34.8882,128.6046,34.8882,128.6046,1972-01-24,,경상남도 거제시,34.9923506,128.6735317,OpenStreetMap Nominatim,13.18,inside_municipality,validated,high,inside_municipality_name_or_address,KMA 관측지점정보 station_id=294; station_name=거제; lat=34.8882; lon=128.6046; start=1972-01-24; end=nan; period_2021_2024=ok; address=경상남도 거제시 장평동,https://data.kma.go.kr/tmeta/stn/selectStnList.do,,공식 관측소 메타데이터의 지점명 또는 주소가 지자체명과 일치합니다. 경계 기반 내부 판정은 사람 검토가 필요합니다. 공식 관측지점정보의 지점명 또는 주소가 지자체와 일치하여 내부 관측소 후보로 검증했습니다.,
경상남도,거창군,경상남도 거창군,경상남도,거창군,경상남도 거창군,284,거창,284,거창,35.6674,127.9099,35.6674,127.9099,2011-03-04,,경상남도 거창군,35.6756856,127.89654,OpenStreetMap Nominatim,1.52,inside_municipality,validated,high,inside_municipality_name_or_address,KMA 관측지점정보 station_id=284; station_name=거창; lat=35.6674; lon=127.9099; start=2011-03-04; end=nan; period_2021_2024=ok; address=경상남도 거창군 거창읍 정장리,https://data.kma.go.kr/tmeta/stn/selectStnList.do,,공식 관측소 메타데이터의 지점명 또는 주소가 지자체명과 일치합니다. 경계 기반 내부 판정은 사람 검토가 필요합니다. 공식 관측지점정보의 지점명 또는 주소가 지자체와 일치하여 내부 관측소 후보로 검증했습니다.,
경상남도,고성군,경상남도 고성군,경상남도,고성군,경상남도 고성군,155,창원,155,창원,35.1702,128.5728,35.1702,128.5728,2010-07-22,,경상남도 고성군,35.089384,128.377678,OpenStreetMap Nominatim,19.89,nearest_adjacent,validated,medium,nearest_asos_by_municipality_coordinate,KMA 관측지점정보 station_id=155; station_name=창원; lat=35.1702; lon=128.5728; start=2010-07-22; end=nan; period_2021_2024=ok; address=경상남도 창원시 마산합포구 가포동,https://data.kma.go.kr/tmeta/stn/selectStnList.do,"263:의령군(35.3226,128.2881); 162:통영(34.8454,128.4356); 294:거제(34.8882,128.6046); 255:북창원(35.2266,128.6726)","지자체명 직접 일치 ASOS가 없어 대표좌표 기준 최단거리 ASOS를 후보로 제안했습니다. 내부 관측소가 아니므로 검토가 필요합니다. 공식 관측소 정보가 유효하고, 같은 광역 행정권 내 최단거리 ASOS입니다. 내부 관측소가 아니므로 지역 대표성 검토 메모를 유지합니다.",
경상남도,김해시,경상남도 김해시,경상남도,김해시,경상남도 김해시,253,김해시,253,김해시,35.2298,128.8908,35.2298,128.8908,2008-02-13,,경상남도 김해시,35.2353757,128.8810717,OpenStreetMap Nominatim,1.08,inside_municipality,validated,high,inside_municipality_name_or_address,KMA 관측지점정보 station_id=253; station_name=김해시; lat=35.2298; lon=128.8908; start=2008-02-13; end=nan; period_2021_2024=ok; address=경상남도 김해시 부원동,https://data.kma.go.kr/tmeta/stn/selectStnList.do,,공식 관측소 메타데이터의 지점명 또는 주소가 지자체명과 일치합니다. 경계 기반 내부 판정은 사람 검토가 필요합니다. 공식 관측지점정보의 지점명 또는 주소가 지자체와 일치하여 내부 관측소 후보로 검증했습니다.,
경상남도,양산시,경상남도 양산시,경상남도,양산시,경상남도 양산시,257,양산시,257,양산시,35.3074,129.0201,35.3074,129.0201,2008-12-26,,경상남도 양산시,35.324519,129.0228075,OpenStreetMap Nominatim,1.92,inside_municipality,validated,high,inside_municipality_name_or_address,KMA 관측지점정보 station_id=257; station_name=양산시; lat=35.3074; lon=129.0201; start=2008-12-26; end=nan; period_2021_2024=ok; address=경상남도 양산시 동면 금산리,https://data.kma.go.kr/tmeta/stn/selectStnList.do,,공식 관측소 메타데이터의 지점명 또는 주소가 지자체명과 일치합니다. 경계 기반 내부 판정은 사람 검토가 필요합니다. 공식 관측지점정보의 지점명 또는 주소가 지자체와 일치하여 내부 관측소 후보로 검증했습니다.,
경상남도,의령군,경상남도 의령군,경상남도,의령군,경상남도 의령군,263,의령군,263,의령군,35.3226,128.2881,35.3226,128.2881,2010-06-21,,경상남도 의령군,,,OpenStreetMap Nominatim,,inside_municipality,validated,high,inside_municipality_name_or_address,KMA 관측지점정보 station_id=263; station_name=의령군; lat=35.3226; lon=128.2881; start=2010-06-21; end=nan; period_2021_2024=ok; address=경상남도 의령군 의령읍 무전리,https://data.kma.go.kr/tmeta/stn/selectStnList.do,,공식 관측소 메타데이터의 지점명 또는 주소가 지자체명과 일치합니다. 경계 기반 내부 판정은 사람 검토가 필요합니다. 공식 관측지점정보의 지점명 또는 주소가 지자체와 일치하여 내부 관측소 후보로 검증했습니다.,distance_unavailable
경상남도,진주시,경상남도 진주시,경상남도,진주시,경상남도 진주시,192,진주,192,진주,35.1638,128.04,35.1638,128.04,2005-11-23,,경상남도 진주시,35.161592,128.295513,OpenStreetMap Nominatim,23.23,inside_municipality,validated,high,inside_municipality_name_or_address,KMA 관측지점정보 station_id=192; station_name=진주; lat=35.1638; lon=128.04; start=2005-11-23; end=nan; period_2021_2024=ok; address=경상남도 진주시 평거동,https://data.kma.go.kr/tmeta/stn/selectStnList.do,,공식 관측소 메타데이터의 지점명 또는 주소가 지자체명과 일치합니다. 경계 기반 내부 판정은 사람 검토가 필요합니다. 공식 관측지점정보의 지점명 또는 주소가 지자체와 일치하여 내부 관측소 후보로 검증했습니다.,
경상남도,창녕군,경상남도 창녕군,경상남도,창녕군,경상남도 창녕군,288,밀양,288,밀양,35.4915,128.7441,35.4915,128.7441,1973-01-01,,경상남도 창녕군,35.534291,128.502011,OpenStreetMap Nominatim,22.42,nearest_adjacent,review_required,review_required,nearest_asos_by_municipality_coordinate,KMA 관측지점정보 station_id=288; station_name=밀양; lat=35.4915; lon=128.7441; start=1973-01-01; end=nan; period_2021_2024=ok; address=경상남도 밀양시 내이동,https://data.kma.go.kr/tmeta/stn/selectStnList.do,"285:합천(35.5651,128.1699); 263:의령군(35.3226,128.2881); 255:북창원(35.2266,128.6726); 143:대구(35.878,128.653)","지자체명 직접 일치 ASOS가 없어 대표좌표 기준 최단거리 ASOS를 후보로 제안했습니다. 내부 관측소가 아니므로 검토가 필요합니다. 내부 ASOS가 아니며 거리, 행정권, 지역 대표성 중 일부 근거가 충분하지 않아 사람이 검토해야 합니다.",
경상남도,창원시,경상남도 창원시,경상남도,창원시,경상남도 창원시,255,북창원,255,북창원,35.2266,128.6726,35.2266,128.6726,2010-07-22,,경상남도 창원시,35.2307828,128.6823156,OpenStreetMap Nominatim,1.0,inside_municipality,validated,high,inside_municipality_name_or_address,KMA 관측지점정보 station_id=255; station_name=북창원; lat=35.2266; lon=128.6726; start=2010-07-22; end=nan; period_2021_2024=ok; address=경상남도 창원시 성산구 내동,https://data.kma.go.kr/tmeta/stn/selectStnList.do,"155:창원(35.1702,128.5728)",공식 관측소 메타데이터의 지점명 또는 주소가 지자체명과 일치합니다. 경계 기반 내부 판정은 사람 검토가 필요합니다. 공식 관측지점정보의 지점명 또는 주소가 지자체와 일치하여 내부 관측소 후보로 검증했습니다.,
경상남도,통영시,경상남도 통영시,경상남도,통영시,경상남도 통영시,162,통영,162,통영,34.8454,128.4356,34.8454,128.4356,1968-01-01,,경상남도 통영시,34.6258232,128.5500128,OpenStreetMap Nominatim,26.56,inside_municipality,validated,high,inside_municipality_name_or_address,KMA 관측지점정보 station_id=162; station_name=통영; lat=34.8454; lon=128.4356; start=1968-01-01; end=nan; period_2021_2024=ok; address=경상남도 통영시 정량동,https://data.kma.go.kr/tmeta/stn/selectStnList.do,,공식 관측소 메타데이터의 지점명 또는 주소가 지자체명과 일치합니다. 경계 기반 내부 판정은 사람 검토가 필요합니다. 공식 관측지점정보의 지점명 또는 주소가 지자체와 일치하여 내부 관측소 후보로 검증했습니다.,
경상남도,하동군,경상남도 하동군,경상남도,하동군,경상남도 하동군,266,광양시,266,광양시,34.9434,127.6914,34.9434,127.6914,2017-08-25,,경상남도 하동군,34.9508218,127.8030505,OpenStreetMap Nominatim,10.21,nearest_adjacent,review_required,review_required,nearest_asos_by_municipality_coordinate,KMA 관측지점정보 station_id=266; station_name=광양시; lat=34.9434; lon=127.6914; start=2017-08-25; end=nan; period_2021_2024=ok; address=전남광주통합특별시 광양시 중동,https://data.kma.go.kr/tmeta/stn/selectStnList.do,"295:남해(34.8166,127.9264); 168:여수(34.7393,127.7406); 192:진주(35.1638,128.04); 174:순천(35.0204,127.3694)","지자체명 직접 일치 ASOS가 없어 대표좌표 기준 최단거리 ASOS를 후보로 제안했습니다. 내부 관측소가 아니므로 검토가 필요합니다. 내부 ASOS가 아니며 거리, 행정권, 지역 대표성 중 일부 근거가 충분하지 않아 사람이 검토해야 합니다.",
경상남도,합천군,경상남도 합천군,경상남도,합천군,경상남도 합천군,285,합천,285,합천,35.5651,128.1699,35.5651,128.1699,1973-01-01,,경상남도 합천군,35.5540523,128.1150261,OpenStreetMap Nominatim,5.11,inside_municipality,validated,high,inside_municipality_name_or_address,KMA 관측지점정보 station_id=285; station_name=합천; lat=35.5651; lon=128.1699; start=1973-01-01; end=nan; period_2021_2024=ok; address=경상남도 합천군 합천읍 합천리,https://data.kma.go.kr/tmeta/stn/selectStnList.do,,공식 관측소 메타데이터의 지점명 또는 주소가 지자체명과 일치합니다. 경계 기반 내부 판정은 사람 검토가 필요합니다. 공식 관측지점정보의 지점명 또는 주소가 지자체와 일치하여 내부 관측소 후보로 검증했습니다.,
경상북도,경산시,경상북도 경산시,경상북도,경산시,경상북도 경산시,,,,,,,,,,,경상북도 경산시,,,OpenStreetMap Nominatim,,unresolved_no_verified_station,review_required,review_required,nearest_asos_by_municipality_coordinate,KMA 관측지점정보에서 검증 가능한 ASOS 후보를 특정하지 못함,https://data.kma.go.kr/tmeta/stn/selectStnList.do,,지자체명 직접 일치 ASOS가 없고 대표좌표 기준 최단거리 후보도 멀거나 좌표 확인이 불충분합니다. 공식 내부 관측소 근거와 지자체 대표좌표가 부족하여 관측소 후보를 지정하지 않았습니다.,station_unresolved;distance_unavailable
경상북도,구미시,경상북도 구미시,경상북도,구미시,경상북도 구미시,279,구미,279,구미,36.1306,128.3206,36.1306,128.3206,1973-01-01,,경상북도 구미시,36.1192017,128.3095739,OpenStreetMap Nominatim,1.61,inside_municipality,validated,high,inside_municipality_name_or_address,KMA 관측지점정보 station_id=279; station_name=구미; lat=36.1306; lon=128.3206; start=1973-01-01; end=nan; period_2021_2024=ok; address=경상북도 구미시 남통동,https://data.kma.go.kr/tmeta/stn/selectStnList.do,,공식 관측소 메타데이터의 지점명 또는 주소가 지자체명과 일치합니다. 경계 기반 내부 판정은 사람 검토가 필요합니다. 공식 관측지점정보의 지점명 또는 주소가 지자체와 일치하여 내부 관측소 후보로 검증했습니다.,
경상북도,김천시,경상북도 김천시,경상북도,김천시,경상북도 김천시,,,,,,,,,,,경상북도 김천시,,,OpenStreetMap Nominatim,,unresolved_no_verified_station,review_required,review_required,nearest_asos_by_municipality_coordinate,KMA 관측지점정보에서 검증 가능한 ASOS 후보를 특정하지 못함,https://data.kma.go.kr/tmeta/stn/selectStnList.do,,지자체명 직접 일치 ASOS가 없고 대표좌표 기준 최단거리 후보도 멀거나 좌표 확인이 불충분합니다. 공식 내부 관측소 근거와 지자체 대표좌표가 부족하여 관측소 후보를 지정하지 않았습니다.,station_unresolved;distance_unavailable
경상북도,상주시,경상북도 상주시,경상북도,상주시,경상북도 상주시,137,상주,137,상주,36.4084,128.1574,36.4084,128.1574,2002-01-01,,경상북도 상주시,,,OpenStreetMap Nominatim,,inside_municipality,validated,high,inside_municipality_name_or_address,KMA 관측지점정보 station_id=137; station_name=상주; lat=36.4084; lon=128.1574; start=2002-01-01; end=nan; period_2021_2024=ok; address=경상북도 상주시 낙양동,https://data.kma.go.kr/tmeta/stn/selectStnList.do,,공식 관측소 메타데이터의 지점명 또는 주소가 지자체명과 일치합니다. 경계 기반 내부 판정은 사람 검토가 필요합니다. 공식 관측지점정보의 지점명 또는 주소가 지자체와 일치하여 내부 관측소 후보로 검증했습니다.,distance_unavailable
경상북도,성주군,경상북도 성주군,경상북도,성주군,경상북도 성주군,,,,,,,,,,,경상북도 성주군,,,OpenStreetMap Nominatim,,unresolved_no_verified_station,review_required,review_required,nearest_asos_by_municipality_coordinate,KMA 관측지점정보에서 검증 가능한 ASOS 후보를 특정하지 못함,https://data.kma.go.kr/tmeta/stn/selectStnList.do,,지자체명 직접 일치 ASOS가 없고 대표좌표 기준 최단거리 후보도 멀거나 좌표 확인이 불충분합니다. 공식 내부 관측소 근거와 지자체 대표좌표가 부족하여 관측소 후보를 지정하지 않았습니다.,station_unresolved;distance_unavailable
경상북도,안동시,경상북도 안동시,경상북도,안동시,경상북도 안동시,136,안동,136,안동,36.5729,128.7073,36.5729,128.7073,1983-01-01,,경상북도 안동시,36.5759624,128.5073361,OpenStreetMap Nominatim,17.86,inside_municipality,validated,high,inside_municipality_name_or_address,KMA 관측지점정보 station_id=136; station_name=안동; lat=36.5729; lon=128.7073; start=1983-01-01; end=nan; period_2021_2024=ok; address=경상북도 안동시 운안동,https://data.kma.go.kr/tmeta/stn/selectStnList.do,,공식 관측소 메타데이터의 지점명 또는 주소가 지자체명과 일치합니다. 경계 기반 내부 판정은 사람 검토가 필요합니다. 공식 관측지점정보의 지점명 또는 주소가 지자체와 일치하여 내부 관측소 후보로 검증했습니다.,
경상북도,영덕군,경상북도 영덕군,경상북도,영덕군,경상북도 영덕군,277,영덕,277,영덕,36.5334,129.4093,36.5334,129.4093,1972-01-03,,경상북도 영덕군,,,OpenStreetMap Nominatim,,inside_municipality,validated,high,inside_municipality_name_or_address,KMA 관측지점정보 station_id=277; station_name=영덕; lat=36.5334; lon=129.4093; start=1972-01-03; end=nan; period_2021_2024=ok; address=경상북도 영덕군 영해면 성내리,https://data.kma.go.kr/tmeta/stn/selectStnList.do,,공식 관측소 메타데이터의 지점명 또는 주소가 지자체명과 일치합니다. 경계 기반 내부 판정은 사람 검토가 필요합니다. 공식 관측지점정보의 지점명 또는 주소가 지자체와 일치하여 내부 관측소 후보로 검증했습니다.,distance_unavailable
경상북도,영양군,경상북도 영양군,경상북도,영양군,경상북도 영양군,,,,,,,,,,,경상북도 영양군,,,OpenStreetMap Nominatim,,unresolved_no_verified_station,review_required,review_required,nearest_asos_by_municipality_coordinate,KMA 관측지점정보에서 검증 가능한 ASOS 후보를 특정하지 못함,https://data.kma.go.kr/tmeta/stn/selectStnList.do,,지자체명 직접 일치 ASOS가 없고 대표좌표 기준 최단거리 후보도 멀거나 좌표 확인이 불충분합니다. 공식 내부 관측소 근거와 지자체 대표좌표가 부족하여 관측소 후보를 지정하지 않았습니다.,station_unresolved;distance_unavailable
경상북도,영주시,경상북도 영주시,경상북도,영주시,경상북도 영주시,272,영주,272,영주,36.8718,128.5169,36.8718,128.5169,1972-11-28,,경상북도 영주시,,,OpenStreetMap Nominatim,,inside_municipality,validated,high,inside_municipality_name_or_address,KMA 관측지점정보 station_id=272; station_name=영주; lat=36.8718; lon=128.5169; start=1972-11-28; end=nan; period_2021_2024=ok; address=경상북도 영주시 풍기읍 성내리,https://data.kma.go.kr/tmeta/stn/selectStnList.do,,공식 관측소 메타데이터의 지점명 또는 주소가 지자체명과 일치합니다. 경계 기반 내부 판정은 사람 검토가 필요합니다. 공식 관측지점정보의 지점명 또는 주소가 지자체와 일치하여 내부 관측소 후보로 검증했습니다.,distance_unavailable
경상북도,영천시,경상북도 영천시,경상북도,영천시,경상북도 영천시,281,영천,281,영천,35.9774,128.9514,35.9774,128.9514,1972-01-21,,경상북도 영천시,,,OpenStreetMap Nominatim,,inside_municipality,validated,high,inside_municipality_name_or_address,KMA 관측지점정보 station_id=281; station_name=영천; lat=35.9774; lon=128.9514; start=1972-01-21; end=nan; period_2021_2024=ok; address=경상북도 영천시 망정동,https://data.kma.go.kr/tmeta/stn/selectStnList.do,,공식 관측소 메타데이터의 지점명 또는 주소가 지자체명과 일치합니다. 경계 기반 내부 판정은 사람 검토가 필요합니다. 공식 관측지점정보의 지점명 또는 주소가 지자체와 일치하여 내부 관측소 후보로 검증했습니다.,distance_unavailable
경상북도,예천군,경상북도 예천군,경상북도,예천군,경상북도 예천군,136,안동,136,안동,36.5729,128.7073,36.5729,128.7073,1983-01-01,,경상북도 예천군,36.57575,128.4716864,OpenStreetMap Nominatim,21.04,nearest_adjacent,review_required,review_required,nearest_asos_by_municipality_coordinate,KMA 관측지점정보 station_id=136; station_name=안동; lat=36.5729; lon=128.7073; start=1983-01-01; end=nan; period_2021_2024=ok; address=경상북도 안동시 운안동,https://data.kma.go.kr/tmeta/stn/selectStnList.do,"273:문경(36.6273,128.1488); 278:의성(36.3561,128.6886); 272:영주(36.8718,128.5169); 137:상주(36.4084,128.1574)","지자체명 직접 일치 ASOS가 없어 대표좌표 기준 최단거리 ASOS를 후보로 제안했습니다. 내부 관측소가 아니므로 검토가 필요합니다. 내부 ASOS가 아니며 거리, 행정권, 지역 대표성 중 일부 근거가 충분하지 않아 사람이 검토해야 합니다.",
경상북도,울릉군,경상북도 울릉군,경상북도,울릉군,경상북도 울릉군,115,울릉도,115,울릉도,37.4813,130.8986,37.4813,130.8986,1938-08-10,,경상북도 울릉군,,,OpenStreetMap Nominatim,,inside_municipality,validated,high,inside_municipality_name_or_address,KMA 관측지점정보 station_id=115; station_name=울릉도; lat=37.4813; lon=130.8986; start=1938-08-10; end=nan; period_2021_2024=ok; address=경상북도 울릉군 울릉읍 도동리,https://data.kma.go.kr/tmeta/stn/selectStnList.do,,공식 관측소 메타데이터의 지점명 또는 주소가 지자체명과 일치합니다. 경계 기반 내부 판정은 사람 검토가 필요합니다. 공식 관측지점정보의 지점명 또는 주소가 지자체와 일치하여 내부 관측소 후보로 검증했습니다.,distance_unavailable
경상북도,울진군,경상북도 울진군,경상북도,울진군,경상북도 울진군,130,울진,130,울진,36.9918,129.4128,36.9918,129.4128,2020-12-04,,경상북도 울진군,,,OpenStreetMap Nominatim,,inside_municipality,validated,high,inside_municipality_name_or_address,KMA 관측지점정보 station_id=130; station_name=울진; lat=36.9918; lon=129.4128; start=2020-12-04; end=nan; period_2021_2024=ok; address=경상북도 울진군 울진읍 연지리,https://data.kma.go.kr/tmeta/stn/selectStnList.do,,공식 관측소 메타데이터의 지점명 또는 주소가 지자체명과 일치합니다. 경계 기반 내부 판정은 사람 검토가 필요합니다. 공식 관측지점정보의 지점명 또는 주소가 지자체와 일치하여 내부 관측소 후보로 검증했습니다.,distance_unavailable
경상북도,의성군,경상북도 의성군,경상북도,의성군,경상북도 의성군,278,의성,278,의성,36.3561,128.6886,36.3561,128.6886,1973-01-01,,경상북도 의성군,,,OpenStreetMap Nominatim,,inside_municipality,validated,high,inside_municipality_name_or_address,KMA 관측지점정보 station_id=278; station_name=의성; lat=36.3561; lon=128.6886; start=1973-01-01; end=nan; period_2021_2024=ok; address=경상북도 의성군 의성읍 원당리,https://data.kma.go.kr/tmeta/stn/selectStnList.do,,공식 관측소 메타데이터의 지점명 또는 주소가 지자체명과 일치합니다. 경계 기반 내부 판정은 사람 검토가 필요합니다. 공식 관측지점정보의 지점명 또는 주소가 지자체와 일치하여 내부 관측소 후보로 검증했습니다.,distance_unavailable
경상북도,칠곡군,경상북도 칠곡군,경상북도,칠곡군,경상북도 칠곡군,,,,,,,,,,,경상북도 칠곡군,,,OpenStreetMap Nominatim,,unresolved_no_verified_station,review_required,review_required,nearest_asos_by_municipality_coordinate,KMA 관측지점정보에서 검증 가능한 ASOS 후보를 특정하지 못함,https://data.kma.go.kr/tmeta/stn/selectStnList.do,,지자체명 직접 일치 ASOS가 없고 대표좌표 기준 최단거리 후보도 멀거나 좌표 확인이 불충분합니다. 공식 내부 관측소 근거와 지자체 대표좌표가 부족하여 관측소 후보를 지정하지 않았습니다.,station_unresolved;distance_unavailable
경상북도,포항시,경상북도 포항시,경상북도,포항시,경상북도 포항시,138,포항,138,포항,36.032,129.38,36.032,129.38,1943-01-01,,경상북도 포항시,36.0973476,129.3743835,OpenStreetMap Nominatim,7.28,inside_municipality,validated,high,inside_municipality_name_or_address,KMA 관측지점정보 station_id=138; station_name=포항; lat=36.032; lon=129.38; start=1943-01-01; end=nan; period_2021_2024=ok; address=경상북도 포항시남구 송도동,https://data.kma.go.kr/tmeta/stn/selectStnList.do,,공식 관측소 메타데이터의 지점명 또는 주소가 지자체명과 일치합니다. 경계 기반 내부 판정은 사람 검토가 필요합니다. 공식 관측지점정보의 지점명 또는 주소가 지자체와 일치하여 내부 관측소 후보로 검증했습니다.,
광주광역시,광산구,광주광역시 광산구,광주광역시,광산구,광주광역시 광산구,156,광주,156,광주,35.1729,126.8916,35.1729,126.8916,1939-05-01,,광주광역시 광산구,35.1610881,126.7979901,OpenStreetMap Nominatim,8.61,regional_representative,validated,medium,nearest_asos_by_municipality_coordinate,KMA 관측지점정보 station_id=156; station_name=광주; lat=35.1729; lon=126.8916; start=1939-05-01; end=nan; period_2021_2024=ok; address=전남광주통합특별시 북구 운암동,https://data.kma.go.kr/tmeta/stn/selectStnList.do,"172:고창(35.3482,126.599); 252:영광군(35.2837,126.4778); 254:순창군(35.3713,127.1286); 245:정읍(35.5633,126.839)",지자체명 직접 일치 ASOS가 없어 대표좌표 기준 최단거리 ASOS를 후보로 제안했습니다. 내부 관측소가 아니므로 검토가 필요합니다. 광주광역시의 대표 ASOS(광주)를 같은 광역시 내부 기초지자체의 지역 대표 관측소로 사용합니다. 구 단위 내부 ASOS 부재는 검토 기록으로 남깁니다.,
광주광역시,남구,광주광역시 남구,광주광역시,남구,광주광역시 남구,156,광주,156,광주,35.1729,126.8916,35.1729,126.8916,1939-05-01,,광주광역시 남구,35.1413169,126.8999613,OpenStreetMap Nominatim,3.59,regional_representative,validated,medium,nearest_asos_by_municipality_coordinate,KMA 관측지점정보 station_id=156; station_name=광주; lat=35.1729; lon=126.8916; start=1939-05-01; end=nan; period_2021_2024=ok; address=전남광주통합특별시 북구 운암동,https://data.kma.go.kr/tmeta/stn/selectStnList.do,"254:순창군(35.3713,127.1286); 172:고창(35.3482,126.599); 252:영광군(35.2837,126.4778); 174:순천(35.0204,127.3694)",지자체명 직접 일치 ASOS가 없어 대표좌표 기준 최단거리 ASOS를 후보로 제안했습니다. 내부 관측소가 아니므로 검토가 필요합니다. 광주광역시의 대표 ASOS(광주)를 같은 광역시 내부 기초지자체의 지역 대표 관측소로 사용합니다. 구 단위 내부 ASOS 부재는 검토 기록으로 남깁니다.,
광주광역시,동구,광주광역시 동구,광주광역시,동구,광주광역시 동구,,,,,,,,,,,광주광역시 동구,,,OpenStreetMap Nominatim,,unresolved_no_verified_station,review_required,review_required,nearest_asos_by_municipality_coordinate,KMA 관측지점정보에서 검증 가능한 ASOS 후보를 특정하지 못함,https://data.kma.go.kr/tmeta/stn/selectStnList.do,,지자체명 직접 일치 ASOS가 없고 대표좌표 기준 최단거리 후보도 멀거나 좌표 확인이 불충분합니다. 공식 내부 관측소 근거와 지자체 대표좌표가 부족하여 관측소 후보를 지정하지 않았습니다.,station_unresolved;distance_unavailable
광주광역시,북구,광주광역시 북구,광주광역시,북구,광주광역시 북구,156,광주,156,광주,35.1729,126.8916,35.1729,126.8916,1939-05-01,,광주광역시 북구,35.1857085,126.8675028,OpenStreetMap Nominatim,2.61,regional_representative,validated,medium,nearest_asos_by_municipality_coordinate,KMA 관측지점정보 station_id=156; station_name=광주; lat=35.1729; lon=126.8916; start=1939-05-01; end=nan; period_2021_2024=ok; address=전남광주통합특별시 북구 운암동,https://data.kma.go.kr/tmeta/stn/selectStnList.do,"172:고창(35.3482,126.599); 254:순창군(35.3713,127.1286); 252:영광군(35.2837,126.4778); 245:정읍(35.5633,126.839)",지자체명 직접 일치 ASOS가 없어 대표좌표 기준 최단거리 ASOS를 후보로 제안했습니다. 내부 관측소가 아니므로 검토가 필요합니다. 광주광역시의 대표 ASOS(광주)를 같은 광역시 내부 기초지자체의 지역 대표 관측소로 사용합니다. 구 단위 내부 ASOS 부재는 검토 기록으로 남깁니다.,
광주광역시,서구,광주광역시 서구,광주광역시,서구,광주광역시 서구,156,광주,156,광주,35.1729,126.8916,35.1729,126.8916,1939-05-01,,광주광역시 서구,35.1599578,126.8523582,OpenStreetMap Nominatim,3.85,regional_representative,validated,medium,nearest_asos_by_municipality_coordinate,KMA 관측지점정보 station_id=156; station_name=광주; lat=35.1729; lon=126.8916; start=1939-05-01; end=nan; period_2021_2024=ok; address=전남광주통합특별시 북구 운암동,https://data.kma.go.kr/tmeta/stn/selectStnList.do,"172:고창(35.3482,126.599); 254:순창군(35.3713,127.1286); 252:영광군(35.2837,126.4778); 245:정읍(35.5633,126.839)",지자체명 직접 일치 ASOS가 없어 대표좌표 기준 최단거리 ASOS를 후보로 제안했습니다. 내부 관측소가 아니므로 검토가 필요합니다. 광주광역시의 대표 ASOS(광주)를 같은 광역시 내부 기초지자체의 지역 대표 관측소로 사용합니다. 구 단위 내부 ASOS 부재는 검토 기록으로 남깁니다.,
대구광역시,남구,대구광역시 남구,대구광역시,남구,대구광역시 남구,,,,,,,,,,,대구광역시 남구,,,OpenStreetMap Nominatim,,unresolved_no_verified_station,review_required,review_required,nearest_asos_by_municipality_coordinate,KMA 관측지점정보에서 검증 가능한 ASOS 후보를 특정하지 못함,https://data.kma.go.kr/tmeta/stn/selectStnList.do,,지자체명 직접 일치 ASOS가 없고 대표좌표 기준 최단거리 후보도 멀거나 좌표 확인이 불충분합니다. 공식 내부 관측소 근거와 지자체 대표좌표가 부족하여 관측소 후보를 지정하지 않았습니다.,station_unresolved;distance_unavailable
대구광역시,달서구,대구광역시 달서구,대구광역시,달서구,대구광역시 달서구,,,,,,,,,,,대구광역시 달서구,,,OpenStreetMap Nominatim,,unresolved_no_verified_station,review_required,review_required,nearest_asos_by_municipality_coordinate,KMA 관측지점정보에서 검증 가능한 ASOS 후보를 특정하지 못함,https://data.kma.go.kr/tmeta/stn/selectStnList.do,,지자체명 직접 일치 ASOS가 없고 대표좌표 기준 최단거리 후보도 멀거나 좌표 확인이 불충분합니다. 공식 내부 관측소 근거와 지자체 대표좌표가 부족하여 관측소 후보를 지정하지 않았습니다.,station_unresolved;distance_unavailable
대구광역시,달성군,대구광역시 달성군,대구광역시,달성군,대구광역시 달성군,143,대구,143,대구,35.878,128.653,35.878,128.653,2017-08-25,,대구광역시 달성군,35.8757718,128.5128957,OpenStreetMap Nominatim,12.63,regional_representative,validated,medium,nearest_asos_by_municipality_coordinate,KMA 관측지점정보 station_id=143; station_name=대구; lat=35.878; lon=128.653; start=2017-08-25; end=nan; period_2021_2024=ok; address=대구광역시 동구 효목동,https://data.kma.go.kr/tmeta/stn/selectStnList.do,"279:구미(36.1306,128.3206); 281:영천(35.9774,128.9514); 285:합천(35.5651,128.1699); 288:밀양(35.4915,128.7441)",지자체명 직접 일치 ASOS가 없어 대표좌표 기준 최단거리 ASOS를 후보로 제안했습니다. 내부 관측소가 아니므로 검토가 필요합니다. 대구광역시의 대표 ASOS(대구)를 같은 광역시 내부 기초지자체의 지역 대표 관측소로 사용합니다. 구 단위 내부 ASOS 부재는 검토 기록으로 남깁니다.,
대구광역시,동구,대구광역시 동구,대구광역시,동구,대구광역시 동구,143,대구,143,대구,35.878,128.653,35.878,128.653,2017-08-25,,대구광역시 동구,,,OpenStreetMap Nominatim,,inside_municipality,validated,high,inside_municipality_name_or_address,KMA 관측지점정보 station_id=143; station_name=대구; lat=35.878; lon=128.653; start=2017-08-25; end=nan; period_2021_2024=ok; address=대구광역시 동구 효목동,https://data.kma.go.kr/tmeta/stn/selectStnList.do,,공식 관측소 메타데이터의 지점명 또는 주소가 지자체명과 일치합니다. 경계 기반 내부 판정은 사람 검토가 필요합니다. 공식 관측지점정보의 지점명 또는 주소가 지자체와 일치하여 내부 관측소 후보로 검증했습니다.,distance_unavailable
대구광역시,북구,대구광역시 북구,대구광역시,북구,대구광역시 북구,143,대구,143,대구,35.878,128.653,35.878,128.653,2017-08-25,,대구광역시 북구,35.8945722,128.6036401,OpenStreetMap Nominatim,4.81,regional_representative,validated,medium,nearest_asos_by_municipality_coordinate,KMA 관측지점정보 station_id=143; station_name=대구; lat=35.878; lon=128.653; start=2017-08-25; end=nan; period_2021_2024=ok; address=대구광역시 동구 효목동,https://data.kma.go.kr/tmeta/stn/selectStnList.do,"281:영천(35.9774,128.9514); 279:구미(36.1306,128.3206); 288:밀양(35.4915,128.7441); 278:의성(36.3561,128.6886)",지자체명 직접 일치 ASOS가 없어 대표좌표 기준 최단거리 ASOS를 후보로 제안했습니다. 내부 관측소가 아니므로 검토가 필요합니다. 대구광역시의 대표 ASOS(대구)를 같은 광역시 내부 기초지자체의 지역 대표 관측소로 사용합니다. 구 단위 내부 ASOS 부재는 검토 기록으로 남깁니다.,
대구광역시,서구,대구광역시 서구,대구광역시,서구,대구광역시 서구,143,대구,143,대구,35.878,128.653,35.878,128.653,2017-08-25,,대구광역시 서구,35.8663564,128.5670783,OpenStreetMap Nominatim,7.85,regional_representative,validated,medium,nearest_asos_by_municipality_coordinate,KMA 관측지점정보 station_id=143; station_name=대구; lat=35.878; lon=128.653; start=2017-08-25; end=nan; period_2021_2024=ok; address=대구광역시 동구 효목동,https://data.kma.go.kr/tmeta/stn/selectStnList.do,"281:영천(35.9774,128.9514); 279:구미(36.1306,128.3206); 288:밀양(35.4915,128.7441); 285:합천(35.5651,128.1699)",지자체명 직접 일치 ASOS가 없어 대표좌표 기준 최단거리 ASOS를 후보로 제안했습니다. 내부 관측소가 아니므로 검토가 필요합니다. 대구광역시의 대표 ASOS(대구)를 같은 광역시 내부 기초지자체의 지역 대표 관측소로 사용합니다. 구 단위 내부 ASOS 부재는 검토 기록으로 남깁니다.,
대구광역시,수성구,대구광역시 수성구,대구광역시,수성구,대구광역시 수성구,143,대구,143,대구,35.878,128.653,35.878,128.653,2017-08-25,,대구광역시 수성구,35.8580604,128.6152862,OpenStreetMap Nominatim,4.06,regional_representative,validated,medium,nearest_asos_by_municipality_coordinate,KMA 관측지점정보 station_id=143; station_name=대구; lat=35.878; lon=128.653; start=2017-08-25; end=nan; period_2021_2024=ok; address=대구광역시 동구 효목동,https://data.kma.go.kr/tmeta/stn/selectStnList.do,"281:영천(35.9774,128.9514); 279:구미(36.1306,128.3206); 288:밀양(35.4915,128.7441); 285:합천(35.5651,128.1699)",지자체명 직접 일치 ASOS가 없어 대표좌표 기준 최단거리 ASOS를 후보로 제안했습니다. 내부 관측소가 아니므로 검토가 필요합니다. 대구광역시의 대표 ASOS(대구)를 같은 광역시 내부 기초지자체의 지역 대표 관측소로 사용합니다. 구 단위 내부 ASOS 부재는 검토 기록으로 남깁니다.,
대구광역시,중구,대구광역시 중구,대구광역시,중구,대구광역시 중구,143,대구,143,대구,35.878,128.653,35.878,128.653,2017-08-25,,대구광역시 중구,35.877679,128.5833,OpenStreetMap Nominatim,6.28,regional_representative,validated,medium,nearest_asos_by_municipality_coordinate,KMA 관측지점정보 station_id=143; station_name=대구; lat=35.878; lon=128.653; start=2017-08-25; end=nan; period_2021_2024=ok; address=대구광역시 동구 효목동,https://data.kma.go.kr/tmeta/stn/selectStnList.do,"281:영천(35.9774,128.9514); 279:구미(36.1306,128.3206); 288:밀양(35.4915,128.7441); 285:합천(35.5651,128.1699)",지자체명 직접 일치 ASOS가 없어 대표좌표 기준 최단거리 ASOS를 후보로 제안했습니다. 내부 관측소가 아니므로 검토가 필요합니다. 대구광역시의 대표 ASOS(대구)를 같은 광역시 내부 기초지자체의 지역 대표 관측소로 사용합니다. 구 단위 내부 ASOS 부재는 검토 기록으로 남깁니다.,
대전광역시,대덕구,대전광역시 대덕구,대전광역시,대덕구,대전광역시 대덕구,,,,,,,,,,,대전광역시 대덕구,,,OpenStreetMap Nominatim,,unresolved_no_verified_station,review_required,review_required,nearest_asos_by_municipality_coordinate,KMA 관측지점정보에서 검증 가능한 ASOS 후보를 특정하지 못함,https://data.kma.go.kr/tmeta/stn/selectStnList.do,,지자체명 직접 일치 ASOS가 없고 대표좌표 기준 최단거리 후보도 멀거나 좌표 확인이 불충분합니다. 공식 내부 관측소 근거와 지자체 대표좌표가 부족하여 관측소 후보를 지정하지 않았습니다.,station_unresolved;distance_unavailable
대전광역시,동구,대전광역시 동구,대전광역시,동구,대전광역시 동구,133,대전,133,대전,36.372,127.3721,36.372,127.3721,1969-01-01,,대전광역시 동구,36.342722,127.420382,OpenStreetMap Nominatim,5.41,regional_representative,validated,medium,nearest_asos_by_municipality_coordinate,KMA 관측지점정보 station_id=133; station_name=대전; lat=36.372; lon=127.3721; start=1969-01-01; end=nan; period_2021_2024=ok; address=대전광역시 유성구 구성동,https://data.kma.go.kr/tmeta/stn/selectStnList.do,"239:세종(36.4852,127.2444); 238:금산(36.1056,127.4818); 226:보은(36.4876,127.7342); 131:청주(36.6392,127.4407)",지자체명 직접 일치 ASOS가 없어 대표좌표 기준 최단거리 ASOS를 후보로 제안했습니다. 내부 관측소가 아니므로 검토가 필요합니다. 대전광역시의 대표 ASOS(대전)를 같은 광역시 내부 기초지자체의 지역 대표 관측소로 사용합니다. 구 단위 내부 ASOS 부재는 검토 기록으로 남깁니다.,
대전광역시,서구,대전광역시 서구,대전광역시,서구,대전광역시 서구,133,대전,133,대전,36.372,127.3721,36.372,127.3721,1969-01-01,,대전광역시 서구,36.3085554,127.3720479,OpenStreetMap Nominatim,7.05,regional_representative,validated,medium,nearest_asos_by_municipality_coordinate,KMA 관측지점정보 station_id=133; station_name=대전; lat=36.372; lon=127.3721; start=1969-01-01; end=nan; period_2021_2024=ok; address=대전광역시 유성구 구성동,https://data.kma.go.kr/tmeta/stn/selectStnList.do,"239:세종(36.4852,127.2444); 238:금산(36.1056,127.4818); 131:청주(36.6392,127.4407); 226:보은(36.4876,127.7342)",지자체명 직접 일치 ASOS가 없어 대표좌표 기준 최단거리 ASOS를 후보로 제안했습니다. 내부 관측소가 아니므로 검토가 필요합니다. 대전광역시의 대표 ASOS(대전)를 같은 광역시 내부 기초지자체의 지역 대표 관측소로 사용합니다. 구 단위 내부 ASOS 부재는 검토 기록으로 남깁니다.,
대전광역시,유성구,대전광역시 유성구,대전광역시,유성구,대전광역시 유성구,133,대전,133,대전,36.372,127.3721,36.372,127.3721,1969-01-01,,대전광역시 유성구,36.401903,127.3672725,OpenStreetMap Nominatim,3.35,inside_municipality,validated,high,inside_municipality_name_or_address,KMA 관측지점정보 station_id=133; station_name=대전; lat=36.372; lon=127.3721; start=1969-01-01; end=nan; period_2021_2024=ok; address=대전광역시 유성구 구성동,https://data.kma.go.kr/tmeta/stn/selectStnList.do,,공식 관측소 메타데이터의 지점명 또는 주소가 지자체명과 일치합니다. 경계 기반 내부 판정은 사람 검토가 필요합니다. 공식 관측지점정보의 지점명 또는 주소가 지자체와 일치하여 내부 관측소 후보로 검증했습니다.,
대전광역시,중구,대전광역시 중구,대전광역시,중구,대전광역시 중구,133,대전,133,대전,36.372,127.3721,36.372,127.3721,1969-01-01,,대전광역시 중구,36.307922,127.395037,OpenStreetMap Nominatim,7.42,regional_representative,validated,medium,nearest_asos_by_municipality_coordinate,KMA 관측지점정보 station_id=133; station_name=대전; lat=36.372; lon=127.3721; start=1969-01-01; end=nan; period_2021_2024=ok; address=대전광역시 유성구 구성동,https://data.kma.go.kr/tmeta/stn/selectStnList.do,"238:금산(36.1056,127.4818); 239:세종(36.4852,127.2444); 226:보은(36.4876,127.7342); 131:청주(36.6392,127.4407)",지자체명 직접 일치 ASOS가 없어 대표좌표 기준 최단거리 ASOS를 후보로 제안했습니다. 내부 관측소가 아니므로 검토가 필요합니다. 대전광역시의 대표 ASOS(대전)를 같은 광역시 내부 기초지자체의 지역 대표 관측소로 사용합니다. 구 단위 내부 ASOS 부재는 검토 기록으로 남깁니다.,
부산광역시,강서구,부산광역시 강서구,부산광역시,강서구,부산광역시 강서구,,,,,,,,,,,부산광역시 강서구,,,OpenStreetMap Nominatim,,unresolved_no_verified_station,review_required,review_required,nearest_asos_by_municipality_coordinate,KMA 관측지점정보에서 검증 가능한 ASOS 후보를 특정하지 못함,https://data.kma.go.kr/tmeta/stn/selectStnList.do,,지자체명 직접 일치 ASOS가 없고 대표좌표 기준 최단거리 후보도 멀거나 좌표 확인이 불충분합니다. 공식 내부 관측소 근거와 지자체 대표좌표가 부족하여 관측소 후보를 지정하지 않았습니다.,station_unresolved;distance_unavailable
부산광역시,금정구,부산광역시 금정구,부산광역시,금정구,부산광역시 금정구,257,양산시,257,양산시,35.3074,129.0201,35.3074,129.0201,2008-12-26,,부산광역시 금정구,35.2594264,129.0441532,OpenStreetMap Nominatim,5.76,nearest_adjacent,review_required,review_required,nearest_asos_by_municipality_coordinate,KMA 관측지점정보 station_id=257; station_name=양산시; lat=35.3074; lon=129.0201; start=2008-12-26; end=nan; period_2021_2024=ok; address=경상남도 양산시 동면 금산리,https://data.kma.go.kr/tmeta/stn/selectStnList.do,"253:김해시(35.2298,128.8908); 159:부산(35.1047,129.032); 255:북창원(35.2266,128.6726); 288:밀양(35.4915,128.7441)","지자체명 직접 일치 ASOS가 없어 대표좌표 기준 최단거리 ASOS를 후보로 제안했습니다. 내부 관측소가 아니므로 검토가 필요합니다. 내부 ASOS가 아니며 거리, 행정권, 지역 대표성 중 일부 근거가 충분하지 않아 사람이 검토해야 합니다.",
부산광역시,기장군,부산광역시 기장군,부산광역시,기장군,부산광역시 기장군,,,,,,,,,,,부산광역시 기장군,,,OpenStreetMap Nominatim,,unresolved_no_verified_station,review_required,review_required,nearest_asos_by_municipality_coordinate,KMA 관측지점정보에서 검증 가능한 ASOS 후보를 특정하지 못함,https://data.kma.go.kr/tmeta/stn/selectStnList.do,,지자체명 직접 일치 ASOS가 없고 대표좌표 기준 최단거리 후보도 멀거나 좌표 확인이 불충분합니다. 공식 내부 관측소 근거와 지자체 대표좌표가 부족하여 관측소 후보를 지정하지 않았습니다.,station_unresolved;distance_unavailable
부산광역시,남구,부산광역시 남구,부산광역시,남구,부산광역시 남구,159,부산,159,부산,35.1047,129.032,35.1047,129.032,1904-04-09,,부산광역시 남구,35.1376896,129.0945726,OpenStreetMap Nominatim,6.77,regional_representative,validated,medium,nearest_asos_by_municipality_coordinate,KMA 관측지점정보 station_id=159; station_name=부산; lat=35.1047; lon=129.032; start=1904-04-09; end=nan; period_2021_2024=ok; address=부산광역시 중구 대청동1가,https://data.kma.go.kr/tmeta/stn/selectStnList.do,"257:양산시(35.3074,129.0201); 253:김해시(35.2298,128.8908); 255:북창원(35.2266,128.6726); 155:창원(35.1702,128.5728)",지자체명 직접 일치 ASOS가 없어 대표좌표 기준 최단거리 ASOS를 후보로 제안했습니다. 내부 관측소가 아니므로 검토가 필요합니다. 부산광역시의 대표 ASOS(부산)를 같은 광역시 내부 기초지자체의 지역 대표 관측소로 사용합니다. 구 단위 내부 ASOS 부재는 검토 기록으로 남깁니다.,
부산광역시,동구,부산광역시 동구,부산광역시,동구,부산광역시 동구,,,,,,,,,,,부산광역시 동구,,,OpenStreetMap Nominatim,,unresolved_no_verified_station,review_required,review_required,nearest_asos_by_municipality_coordinate,KMA 관측지점정보에서 검증 가능한 ASOS 후보를 특정하지 못함,https://data.kma.go.kr/tmeta/stn/selectStnList.do,,지자체명 직접 일치 ASOS가 없고 대표좌표 기준 최단거리 후보도 멀거나 좌표 확인이 불충분합니다. 공식 내부 관측소 근거와 지자체 대표좌표가 부족하여 관측소 후보를 지정하지 않았습니다.,station_unresolved;distance_unavailable
부산광역시,동래구,부산광역시 동래구,부산광역시,동래구,부산광역시 동래구,257,양산시,257,양산시,35.3074,129.0201,35.3074,129.0201,2008-12-26,,부산광역시 동래구,35.2177673,129.0740459,OpenStreetMap Nominatim,11.11,nearest_adjacent,review_required,review_required,nearest_asos_by_municipality_coordinate,KMA 관측지점정보 station_id=257; station_name=양산시; lat=35.3074; lon=129.0201; start=2008-12-26; end=nan; period_2021_2024=ok; address=경상남도 양산시 동면 금산리,https://data.kma.go.kr/tmeta/stn/selectStnList.do,"159:부산(35.1047,129.032); 253:김해시(35.2298,128.8908); 255:북창원(35.2266,128.6726); 288:밀양(35.4915,128.7441)","지자체명 직접 일치 ASOS가 없어 대표좌표 기준 최단거리 ASOS를 후보로 제안했습니다. 내부 관측소가 아니므로 검토가 필요합니다. 내부 ASOS가 아니며 거리, 행정권, 지역 대표성 중 일부 근거가 충분하지 않아 사람이 검토해야 합니다.",
부산광역시,부산진구,부산광역시 부산진구,부산광역시,부산진구,부산광역시 부산진구,159,부산,159,부산,35.1047,129.032,35.1047,129.032,1904-04-09,,부산광역시 부산진구,35.176255,129.0646173,OpenStreetMap Nominatim,8.49,regional_representative,validated,medium,nearest_asos_by_municipality_coordinate,KMA 관측지점정보 station_id=159; station_name=부산; lat=35.1047; lon=129.032; start=1904-04-09; end=nan; period_2021_2024=ok; address=부산광역시 중구 대청동1가,https://data.kma.go.kr/tmeta/stn/selectStnList.do,"257:양산시(35.3074,129.0201); 253:김해시(35.2298,128.8908); 255:북창원(35.2266,128.6726); 155:창원(35.1702,128.5728)",지자체명 직접 일치 ASOS가 없어 대표좌표 기준 최단거리 ASOS를 후보로 제안했습니다. 내부 관측소가 아니므로 검토가 필요합니다. 부산광역시의 대표 ASOS(부산)를 같은 광역시 내부 기초지자체의 지역 대표 관측소로 사용합니다. 구 단위 내부 ASOS 부재는 검토 기록으로 남깁니다.,
부산광역시,북구,부산광역시 북구,부산광역시,북구,부산광역시 북구,159,부산,159,부산,35.1047,129.032,35.1047,129.032,1904-04-09,,부산광역시 북구,35.2017235,129.0362749,OpenStreetMap Nominatim,10.8,regional_representative,validated,medium,nearest_asos_by_municipality_coordinate,KMA 관측지점정보 station_id=159; station_name=부산; lat=35.1047; lon=129.032; start=1904-04-09; end=nan; period_2021_2024=ok; address=부산광역시 중구 대청동1가,https://data.kma.go.kr/tmeta/stn/selectStnList.do,"257:양산시(35.3074,129.0201); 253:김해시(35.2298,128.8908); 255:북창원(35.2266,128.6726); 288:밀양(35.4915,128.7441)",지자체명 직접 일치 ASOS가 없어 대표좌표 기준 최단거리 ASOS를 후보로 제안했습니다. 내부 관측소가 아니므로 검토가 필요합니다. 부산광역시의 대표 ASOS(부산)를 같은 광역시 내부 기초지자체의 지역 대표 관측소로 사용합니다. 구 단위 내부 ASOS 부재는 검토 기록으로 남깁니다.,
부산광역시,사상구,부산광역시 사상구,부산광역시,사상구,부산광역시 사상구,,,,,,,,,,,부산광역시 사상구,,,OpenStreetMap Nominatim,,unresolved_no_verified_station,review_required,review_required,nearest_asos_by_municipality_coordinate,KMA 관측지점정보에서 검증 가능한 ASOS 후보를 특정하지 못함,https://data.kma.go.kr/tmeta/stn/selectStnList.do,,지자체명 직접 일치 ASOS가 없고 대표좌표 기준 최단거리 후보도 멀거나 좌표 확인이 불충분합니다. 공식 내부 관측소 근거와 지자체 대표좌표가 부족하여 관측소 후보를 지정하지 않았습니다.,station_unresolved;distance_unavailable
부산광역시,사하구,부산광역시 사하구,부산광역시,사하구,부산광역시 사하구,,,,,,,,,,,부산광역시 사하구,,,OpenStreetMap Nominatim,,unresolved_no_verified_station,review_required,review_required,nearest_asos_by_municipality_coordinate,KMA 관측지점정보에서 검증 가능한 ASOS 후보를 특정하지 못함,https://data.kma.go.kr/tmeta/stn/selectStnList.do,,지자체명 직접 일치 ASOS가 없고 대표좌표 기준 최단거리 후보도 멀거나 좌표 확인이 불충분합니다. 공식 내부 관측소 근거와 지자체 대표좌표가 부족하여 관측소 후보를 지정하지 않았습니다.,station_unresolved;distance_unavailable
부산광역시,서구,부산광역시 서구,부산광역시,서구,부산광역시 서구,,,,,,,,,,,부산광역시 서구,,,OpenStreetMap Nominatim,,unresolved_no_verified_station,review_required,review_required,nearest_asos_by_municipality_coordinate,KMA 관측지점정보에서 검증 가능한 ASOS 후보를 특정하지 못함,https://data.kma.go.kr/tmeta/stn/selectStnList.do,,지자체명 직접 일치 ASOS가 없고 대표좌표 기준 최단거리 후보도 멀거나 좌표 확인이 불충분합니다. 공식 내부 관측소 근거와 지자체 대표좌표가 부족하여 관측소 후보를 지정하지 않았습니다.,station_unresolved;distance_unavailable
부산광역시,수영구,부산광역시 수영구,부산광역시,수영구,부산광역시 수영구,,,,,,,,,,,부산광역시 수영구,,,OpenStreetMap Nominatim,,unresolved_no_verified_station,review_required,review_required,nearest_asos_by_municipality_coordinate,KMA 관측지점정보에서 검증 가능한 ASOS 후보를 특정하지 못함,https://data.kma.go.kr/tmeta/stn/selectStnList.do,,지자체명 직접 일치 ASOS가 없고 대표좌표 기준 최단거리 후보도 멀거나 좌표 확인이 불충분합니다. 공식 내부 관측소 근거와 지자체 대표좌표가 부족하여 관측소 후보를 지정하지 않았습니다.,station_unresolved;distance_unavailable
부산광역시,연제구,부산광역시 연제구,부산광역시,연제구,부산광역시 연제구,159,부산,159,부산,35.1047,129.032,35.1047,129.032,1904-04-09,,부산광역시 연제구,35.1905603,129.0815464,OpenStreetMap Nominatim,10.56,regional_representative,validated,medium,nearest_asos_by_municipality_coordinate,KMA 관측지점정보 station_id=159; station_name=부산; lat=35.1047; lon=129.032; start=1904-04-09; end=nan; period_2021_2024=ok; address=부산광역시 중구 대청동1가,https://data.kma.go.kr/tmeta/stn/selectStnList.do,"257:양산시(35.3074,129.0201); 253:김해시(35.2298,128.8908); 255:북창원(35.2266,128.6726); 288:밀양(35.4915,128.7441)",지자체명 직접 일치 ASOS가 없어 대표좌표 기준 최단거리 ASOS를 후보로 제안했습니다. 내부 관측소가 아니므로 검토가 필요합니다. 부산광역시의 대표 ASOS(부산)를 같은 광역시 내부 기초지자체의 지역 대표 관측소로 사용합니다. 구 단위 내부 ASOS 부재는 검토 기록으로 남깁니다.,
부산광역시,영도구,부산광역시 영도구,부산광역시,영도구,부산광역시 영도구,,,,,,,,,,,부산광역시 영도구,,,OpenStreetMap Nominatim,,unresolved_no_verified_station,review_required,review_required,nearest_asos_by_municipality_coordinate,KMA 관측지점정보에서 검증 가능한 ASOS 후보를 특정하지 못함,https://data.kma.go.kr/tmeta/stn/selectStnList.do,,지자체명 직접 일치 ASOS가 없고 대표좌표 기준 최단거리 후보도 멀거나 좌표 확인이 불충분합니다. 공식 내부 관측소 근거와 지자체 대표좌표가 부족하여 관측소 후보를 지정하지 않았습니다.,station_unresolved;distance_unavailable
부산광역시,중구,부산광역시 중구,부산광역시,중구,부산광역시 중구,159,부산,159,부산,35.1047,129.032,35.1047,129.032,1904-04-09,,부산광역시 중구,,,OpenStreetMap Nominatim,,inside_municipality,validated,high,inside_municipality_name_or_address,KMA 관측지점정보 station_id=159; station_name=부산; lat=35.1047; lon=129.032; start=1904-04-09; end=nan; period_2021_2024=ok; address=부산광역시 중구 대청동1가,https://data.kma.go.kr/tmeta/stn/selectStnList.do,,공식 관측소 메타데이터의 지점명 또는 주소가 지자체명과 일치합니다. 경계 기반 내부 판정은 사람 검토가 필요합니다. 공식 관측지점정보의 지점명 또는 주소가 지자체와 일치하여 내부 관측소 후보로 검증했습니다.,distance_unavailable
부산광역시,해운대구,부산광역시 해운대구,부산광역시,해운대구,부산광역시 해운대구,,,,,,,,,,,부산광역시 해운대구,,,OpenStreetMap Nominatim,,unresolved_no_verified_station,review_required,review_required,nearest_asos_by_municipality_coordinate,KMA 관측지점정보에서 검증 가능한 ASOS 후보를 특정하지 못함,https://data.kma.go.kr/tmeta/stn/selectStnList.do,,지자체명 직접 일치 ASOS가 없고 대표좌표 기준 최단거리 후보도 멀거나 좌표 확인이 불충분합니다. 공식 내부 관측소 근거와 지자체 대표좌표가 부족하여 관측소 후보를 지정하지 않았습니다.,station_unresolved;distance_unavailable
서울특별시,강남구,서울특별시 강남구,서울특별시,강남구,서울특별시 강남구,108,서울,108,서울,37.5714,126.9658,37.5714,126.9658,2010-08-16,,서울특별시 강남구,37.5160397,127.0308217,OpenStreetMap Nominatim,8.41,regional_representative,validated,medium,nearest_asos_by_municipality_coordinate,KMA 관측지점정보 station_id=108; station_name=서울; lat=37.5714; lon=126.9658; start=2010-08-16; end=nan; period_2021_2024=ok; address=서울특별시 종로구 송월동,https://data.kma.go.kr/tmeta/stn/selectStnList.do,"119:수원(37.2575,126.983); 112:인천(37.4777,126.6249); 202:양평(37.4886,127.4945); 98:동두천(37.9019,127.0607)",지자체명 직접 일치 ASOS가 없어 대표좌표 기준 최단거리 ASOS를 후보로 제안했습니다. 내부 관측소가 아니므로 검토가 필요합니다. 서울특별시의 대표 ASOS(서울)를 같은 광역시 내부 기초지자체의 지역 대표 관측소로 사용합니다. 구 단위 내부 ASOS 부재는 검토 기록으로 남깁니다.,
서울특별시,강동구,서울특별시 강동구,서울특별시,강동구,서울특별시 강동구,108,서울,108,서울,37.5714,126.9658,37.5714,126.9658,2010-08-16,,서울특별시 강동구,37.556037,127.1455687,OpenStreetMap Nominatim,15.94,regional_representative,validated,medium,nearest_asos_by_municipality_coordinate,KMA 관측지점정보 station_id=108; station_name=서울; lat=37.5714; lon=126.9658; start=2010-08-16; end=nan; period_2021_2024=ok; address=서울특별시 종로구 송월동,https://data.kma.go.kr/tmeta/stn/selectStnList.do,"202:양평(37.4886,127.4945); 119:수원(37.2575,126.983); 98:동두천(37.9019,127.0607); 203:이천(37.264,127.4842)",지자체명 직접 일치 ASOS가 없어 대표좌표 기준 최단거리 ASOS를 후보로 제안했습니다. 내부 관측소가 아니므로 검토가 필요합니다. 서울특별시의 대표 ASOS(서울)를 같은 광역시 내부 기초지자체의 지역 대표 관측소로 사용합니다. 구 단위 내부 ASOS 부재는 검토 기록으로 남깁니다.,
서울특별시,강북구,서울특별시 강북구,서울특별시,강북구,서울특별시 강북구,,,,,,,,,,,서울특별시 강북구,,,OpenStreetMap Nominatim,,unresolved_no_verified_station,review_required,review_required,nearest_asos_by_municipality_coordinate,KMA 관측지점정보에서 검증 가능한 ASOS 후보를 특정하지 못함,https://data.kma.go.kr/tmeta/stn/selectStnList.do,,지자체명 직접 일치 ASOS가 없고 대표좌표 기준 최단거리 후보도 멀거나 좌표 확인이 불충분합니다. 공식 내부 관측소 근거와 지자체 대표좌표가 부족하여 관측소 후보를 지정하지 않았습니다.,station_unresolved;distance_unavailable
서울특별시,강서구,서울특별시 강서구,서울특별시,강서구,서울특별시 강서구,108,서울,108,서울,37.5714,126.9658,37.5714,126.9658,2010-08-16,,서울특별시 강서구,37.5512811,126.8193785,OpenStreetMap Nominatim,13.1,regional_representative,validated,medium,nearest_asos_by_municipality_coordinate,KMA 관측지점정보 station_id=108; station_name=서울; lat=37.5714; lon=126.9658; start=2010-08-16; end=nan; period_2021_2024=ok; address=서울특별시 종로구 송월동,https://data.kma.go.kr/tmeta/stn/selectStnList.do,"112:인천(37.4777,126.6249); 119:수원(37.2575,126.983); 201:강화(37.7074,126.4463); 99:파주(37.8859,126.7665)",지자체명 직접 일치 ASOS가 없어 대표좌표 기준 최단거리 ASOS를 후보로 제안했습니다. 내부 관측소가 아니므로 검토가 필요합니다. 서울특별시의 대표 ASOS(서울)를 같은 광역시 내부 기초지자체의 지역 대표 관측소로 사용합니다. 구 단위 내부 ASOS 부재는 검토 기록으로 남깁니다.,
서울특별시,관악구,서울특별시 관악구,서울특별시,관악구,서울특별시 관악구,,,,,,,,,,,서울특별시 관악구,,,OpenStreetMap Nominatim,,unresolved_no_verified_station,review_required,review_required,nearest_asos_by_municipality_coordinate,KMA 관측지점정보에서 검증 가능한 ASOS 후보를 특정하지 못함,https://data.kma.go.kr/tmeta/stn/selectStnList.do,,지자체명 직접 일치 ASOS가 없고 대표좌표 기준 최단거리 후보도 멀거나 좌표 확인이 불충분합니다. 공식 내부 관측소 근거와 지자체 대표좌표가 부족하여 관측소 후보를 지정하지 않았습니다.,station_unresolved;distance_unavailable
서울특별시,광진구,서울특별시 광진구,서울특별시,광진구,서울특별시 광진구,108,서울,108,서울,37.5714,126.9658,37.5714,126.9658,2010-08-16,,서울특별시 광진구,37.5392956,127.0669524,OpenStreetMap Nominatim,9.6,regional_representative,validated,medium,nearest_asos_by_municipality_coordinate,KMA 관측지점정보 station_id=108; station_name=서울; lat=37.5714; lon=126.9658; start=2010-08-16; end=nan; period_2021_2024=ok; address=서울특별시 종로구 송월동,https://data.kma.go.kr/tmeta/stn/selectStnList.do,"119:수원(37.2575,126.983); 202:양평(37.4886,127.4945); 112:인천(37.4777,126.6249); 98:동두천(37.9019,127.0607)",지자체명 직접 일치 ASOS가 없어 대표좌표 기준 최단거리 ASOS를 후보로 제안했습니다. 내부 관측소가 아니므로 검토가 필요합니다. 서울특별시의 대표 ASOS(서울)를 같은 광역시 내부 기초지자체의 지역 대표 관측소로 사용합니다. 구 단위 내부 ASOS 부재는 검토 기록으로 남깁니다.,
서울특별시,구로구,서울특별시 구로구,서울특별시,구로구,서울특별시 구로구,108,서울,108,서울,37.5714,126.9658,37.5714,126.9658,2010-08-16,,서울특별시 구로구,37.4965405,126.8857391,OpenStreetMap Nominatim,10.91,regional_representative,validated,medium,nearest_asos_by_municipality_coordinate,KMA 관측지점정보 station_id=108; station_name=서울; lat=37.5714; lon=126.9658; start=2010-08-16; end=nan; period_2021_2024=ok; address=서울특별시 종로구 송월동,https://data.kma.go.kr/tmeta/stn/selectStnList.do,"112:인천(37.4777,126.6249); 119:수원(37.2575,126.983); 99:파주(37.8859,126.7665); 201:강화(37.7074,126.4463)",지자체명 직접 일치 ASOS가 없어 대표좌표 기준 최단거리 ASOS를 후보로 제안했습니다. 내부 관측소가 아니므로 검토가 필요합니다. 서울특별시의 대표 ASOS(서울)를 같은 광역시 내부 기초지자체의 지역 대표 관측소로 사용합니다. 구 단위 내부 ASOS 부재는 검토 기록으로 남깁니다.,
서울특별시,금천구,서울특별시 금천구,서울특별시,금천구,서울특별시 금천구,108,서울,108,서울,37.5714,126.9658,37.5714,126.9658,2010-08-16,,서울특별시 금천구,37.4385754,126.9043847,OpenStreetMap Nominatim,15.73,regional_representative,validated,medium,nearest_asos_by_municipality_coordinate,KMA 관측지점정보 station_id=108; station_name=서울; lat=37.5714; lon=126.9658; start=2010-08-16; end=nan; period_2021_2024=ok; address=서울특별시 종로구 송월동,https://data.kma.go.kr/tmeta/stn/selectStnList.do,"119:수원(37.2575,126.983); 112:인천(37.4777,126.6249); 201:강화(37.7074,126.4463); 99:파주(37.8859,126.7665)",지자체명 직접 일치 ASOS가 없어 대표좌표 기준 최단거리 ASOS를 후보로 제안했습니다. 내부 관측소가 아니므로 검토가 필요합니다. 서울특별시의 대표 ASOS(서울)를 같은 광역시 내부 기초지자체의 지역 대표 관측소로 사용합니다. 구 단위 내부 ASOS 부재는 검토 기록으로 남깁니다.,
서울특별시,노원구,서울특별시 노원구,서울특별시,노원구,서울특별시 노원구,,,,,,,,,,,서울특별시 노원구,,,OpenStreetMap Nominatim,,unresolved_no_verified_station,review_required,review_required,nearest_asos_by_municipality_coordinate,KMA 관측지점정보에서 검증 가능한 ASOS 후보를 특정하지 못함,https://data.kma.go.kr/tmeta/stn/selectStnList.do,,지자체명 직접 일치 ASOS가 없고 대표좌표 기준 최단거리 후보도 멀거나 좌표 확인이 불충분합니다. 공식 내부 관측소 근거와 지자체 대표좌표가 부족하여 관측소 후보를 지정하지 않았습니다.,station_unresolved;distance_unavailable
서울특별시,도봉구,서울특별시 도봉구,서울특별시,도봉구,서울특별시 도봉구,,,,,,,,,,,서울특별시 도봉구,,,OpenStreetMap Nominatim,,unresolved_no_verified_station,review_required,review_required,nearest_asos_by_municipality_coordinate,KMA 관측지점정보에서 검증 가능한 ASOS 후보를 특정하지 못함,https://data.kma.go.kr/tmeta/stn/selectStnList.do,,지자체명 직접 일치 ASOS가 없고 대표좌표 기준 최단거리 후보도 멀거나 좌표 확인이 불충분합니다. 공식 내부 관측소 근거와 지자체 대표좌표가 부족하여 관측소 후보를 지정하지 않았습니다.,station_unresolved;distance_unavailable
서울특별시,동대문구,서울특별시 동대문구,서울특별시,동대문구,서울특별시 동대문구,108,서울,108,서울,37.5714,126.9658,37.5714,126.9658,2010-08-16,,서울특별시 동대문구,37.5796018,127.0568251,OpenStreetMap Nominatim,8.07,regional_representative,validated,medium,nearest_asos_by_municipality_coordinate,KMA 관측지점정보 station_id=108; station_name=서울; lat=37.5714; lon=126.9658; start=2010-08-16; end=nan; period_2021_2024=ok; address=서울특별시 종로구 송월동,https://data.kma.go.kr/tmeta/stn/selectStnList.do,"98:동두천(37.9019,127.0607); 119:수원(37.2575,126.983); 112:인천(37.4777,126.6249); 202:양평(37.4886,127.4945)",지자체명 직접 일치 ASOS가 없어 대표좌표 기준 최단거리 ASOS를 후보로 제안했습니다. 내부 관측소가 아니므로 검토가 필요합니다. 서울특별시의 대표 ASOS(서울)를 같은 광역시 내부 기초지자체의 지역 대표 관측소로 사용합니다. 구 단위 내부 ASOS 부재는 검토 기록으로 남깁니다.,
서울특별시,동작구,서울특별시 동작구,서울특별시,동작구,서울특별시 동작구,108,서울,108,서울,37.5714,126.9658,37.5714,126.9658,2010-08-16,,서울특별시 동작구,37.4939063,126.9240874,OpenStreetMap Nominatim,9.37,regional_representative,validated,medium,nearest_asos_by_municipality_coordinate,KMA 관측지점정보 station_id=108; station_name=서울; lat=37.5714; lon=126.9658; start=2010-08-16; end=nan; period_2021_2024=ok; address=서울특별시 종로구 송월동,https://data.kma.go.kr/tmeta/stn/selectStnList.do,"112:인천(37.4777,126.6249); 119:수원(37.2575,126.983); 99:파주(37.8859,126.7665); 98:동두천(37.9019,127.0607)",지자체명 직접 일치 ASOS가 없어 대표좌표 기준 최단거리 ASOS를 후보로 제안했습니다. 내부 관측소가 아니므로 검토가 필요합니다. 서울특별시의 대표 ASOS(서울)를 같은 광역시 내부 기초지자체의 지역 대표 관측소로 사용합니다. 구 단위 내부 ASOS 부재는 검토 기록으로 남깁니다.,
서울특별시,마포구,서울특별시 마포구,서울특별시,마포구,서울특별시 마포구,,,,,,,,,,,서울특별시 마포구,,,OpenStreetMap Nominatim,,unresolved_no_verified_station,review_required,review_required,nearest_asos_by_municipality_coordinate,KMA 관측지점정보에서 검증 가능한 ASOS 후보를 특정하지 못함,https://data.kma.go.kr/tmeta/stn/selectStnList.do,,지자체명 직접 일치 ASOS가 없고 대표좌표 기준 최단거리 후보도 멀거나 좌표 확인이 불충분합니다. 공식 내부 관측소 근거와 지자체 대표좌표가 부족하여 관측소 후보를 지정하지 않았습니다.,station_unresolved;distance_unavailable
서울특별시,서대문구,서울특별시 서대문구,서울특별시,서대문구,서울특별시 서대문구,,,,,,,,,,,서울특별시 서대문구,,,OpenStreetMap Nominatim,,unresolved_no_verified_station,review_required,review_required,nearest_asos_by_municipality_coordinate,KMA 관측지점정보에서 검증 가능한 ASOS 후보를 특정하지 못함,https://data.kma.go.kr/tmeta/stn/selectStnList.do,,지자체명 직접 일치 ASOS가 없고 대표좌표 기준 최단거리 후보도 멀거나 좌표 확인이 불충분합니다. 공식 내부 관측소 근거와 지자체 대표좌표가 부족하여 관측소 후보를 지정하지 않았습니다.,station_unresolved;distance_unavailable
서울특별시,서초구,서울특별시 서초구,서울특별시,서초구,서울특별시 서초구,108,서울,108,서울,37.5714,126.9658,37.5714,126.9658,2010-08-16,,서울특별시 서초구,37.4558022,127.0687838,OpenStreetMap Nominatim,15.74,regional_representative,validated,medium,nearest_asos_by_municipality_coordinate,KMA 관측지점정보 station_id=108; station_name=서울; lat=37.5714; lon=126.9658; start=2010-08-16; end=nan; period_2021_2024=ok; address=서울특별시 종로구 송월동,https://data.kma.go.kr/tmeta/stn/selectStnList.do,"119:수원(37.2575,126.983); 202:양평(37.4886,127.4945); 112:인천(37.4777,126.6249); 203:이천(37.264,127.4842)",지자체명 직접 일치 ASOS가 없어 대표좌표 기준 최단거리 ASOS를 후보로 제안했습니다. 내부 관측소가 아니므로 검토가 필요합니다. 서울특별시의 대표 ASOS(서울)를 같은 광역시 내부 기초지자체의 지역 대표 관측소로 사용합니다. 구 단위 내부 ASOS 부재는 검토 기록으로 남깁니다.,
서울특별시,성동구,서울특별시 성동구,서울특별시,성동구,서울특별시 성동구,108,서울,108,서울,37.5714,126.9658,37.5714,126.9658,2010-08-16,,서울특별시 성동구,37.5358612,127.0117095,OpenStreetMap Nominatim,5.66,regional_representative,validated,medium,nearest_asos_by_municipality_coordinate,KMA 관측지점정보 station_id=108; station_name=서울; lat=37.5714; lon=126.9658; start=2010-08-16; end=nan; period_2021_2024=ok; address=서울특별시 종로구 송월동,https://data.kma.go.kr/tmeta/stn/selectStnList.do,"119:수원(37.2575,126.983); 112:인천(37.4777,126.6249); 98:동두천(37.9019,127.0607); 202:양평(37.4886,127.4945)",지자체명 직접 일치 ASOS가 없어 대표좌표 기준 최단거리 ASOS를 후보로 제안했습니다. 내부 관측소가 아니므로 검토가 필요합니다. 서울특별시의 대표 ASOS(서울)를 같은 광역시 내부 기초지자체의 지역 대표 관측소로 사용합니다. 구 단위 내부 ASOS 부재는 검토 기록으로 남깁니다.,
서울특별시,성북구,서울특별시 성북구,서울특별시,성북구,서울특별시 성북구,,,,,,,,,,,서울특별시 성북구,,,OpenStreetMap Nominatim,,unresolved_no_verified_station,review_required,review_required,nearest_asos_by_municipality_coordinate,KMA 관측지점정보에서 검증 가능한 ASOS 후보를 특정하지 못함,https://data.kma.go.kr/tmeta/stn/selectStnList.do,,지자체명 직접 일치 ASOS가 없고 대표좌표 기준 최단거리 후보도 멀거나 좌표 확인이 불충분합니다. 공식 내부 관측소 근거와 지자체 대표좌표가 부족하여 관측소 후보를 지정하지 않았습니다.,station_unresolved;distance_unavailable
서울특별시,송파구,서울특별시 송파구,서울특별시,송파구,서울특별시 송파구,108,서울,108,서울,37.5714,126.9658,37.5714,126.9658,2010-08-16,,서울특별시 송파구,37.5122257,127.0753176,OpenStreetMap Nominatim,11.68,regional_representative,validated,medium,nearest_asos_by_municipality_coordinate,KMA 관측지점정보 station_id=108; station_name=서울; lat=37.5714; lon=126.9658; start=2010-08-16; end=nan; period_2021_2024=ok; address=서울특별시 종로구 송월동,https://data.kma.go.kr/tmeta/stn/selectStnList.do,"119:수원(37.2575,126.983); 202:양평(37.4886,127.4945); 112:인천(37.4777,126.6249); 98:동두천(37.9019,127.0607)",지자체명 직접 일치 ASOS가 없어 대표좌표 기준 최단거리 ASOS를 후보로 제안했습니다. 내부 관측소가 아니므로 검토가 필요합니다. 서울특별시의 대표 ASOS(서울)를 같은 광역시 내부 기초지자체의 지역 대표 관측소로 사용합니다. 구 단위 내부 ASOS 부재는 검토 기록으로 남깁니다.,
서울특별시,양천구,서울특별시 양천구,서울특별시,양천구,서울특별시 양천구,108,서울,108,서울,37.5714,126.9658,37.5714,126.9658,2010-08-16,,서울특별시 양천구,37.5120211,126.8331694,OpenStreetMap Nominatim,13.43,regional_representative,validated,medium,nearest_asos_by_municipality_coordinate,KMA 관측지점정보 station_id=108; station_name=서울; lat=37.5714; lon=126.9658; start=2010-08-16; end=nan; period_2021_2024=ok; address=서울특별시 종로구 송월동,https://data.kma.go.kr/tmeta/stn/selectStnList.do,"112:인천(37.4777,126.6249); 119:수원(37.2575,126.983); 201:강화(37.7074,126.4463); 99:파주(37.8859,126.7665)",지자체명 직접 일치 ASOS가 없어 대표좌표 기준 최단거리 ASOS를 후보로 제안했습니다. 내부 관측소가 아니므로 검토가 필요합니다. 서울특별시의 대표 ASOS(서울)를 같은 광역시 내부 기초지자체의 지역 대표 관측소로 사용합니다. 구 단위 내부 ASOS 부재는 검토 기록으로 남깁니다.,
서울특별시,영등포구,서울특별시 영등포구,서울특별시,영등포구,서울특별시 영등포구,108,서울,108,서울,37.5714,126.9658,37.5714,126.9658,2010-08-16,,서울특별시 영등포구,37.5194081,126.8955788,OpenStreetMap Nominatim,8.47,regional_representative,validated,medium,nearest_asos_by_municipality_coordinate,KMA 관측지점정보 station_id=108; station_name=서울; lat=37.5714; lon=126.9658; start=2010-08-16; end=nan; period_2021_2024=ok; address=서울특별시 종로구 송월동,https://data.kma.go.kr/tmeta/stn/selectStnList.do,"112:인천(37.4777,126.6249); 119:수원(37.2575,126.983); 99:파주(37.8859,126.7665); 201:강화(37.7074,126.4463)",지자체명 직접 일치 ASOS가 없어 대표좌표 기준 최단거리 ASOS를 후보로 제안했습니다. 내부 관측소가 아니므로 검토가 필요합니다. 서울특별시의 대표 ASOS(서울)를 같은 광역시 내부 기초지자체의 지역 대표 관측소로 사용합니다. 구 단위 내부 ASOS 부재는 검토 기록으로 남깁니다.,
서울특별시,용산구,서울특별시 용산구,서울특별시,용산구,서울특별시 용산구,108,서울,108,서울,37.5714,126.9658,37.5714,126.9658,2010-08-16,,서울특별시 용산구,37.5358612,127.0117095,OpenStreetMap Nominatim,5.66,regional_representative,validated,medium,nearest_asos_by_municipality_coordinate,KMA 관측지점정보 station_id=108; station_name=서울; lat=37.5714; lon=126.9658; start=2010-08-16; end=nan; period_2021_2024=ok; address=서울특별시 종로구 송월동,https://data.kma.go.kr/tmeta/stn/selectStnList.do,"119:수원(37.2575,126.983); 112:인천(37.4777,126.6249); 98:동두천(37.9019,127.0607); 202:양평(37.4886,127.4945)",지자체명 직접 일치 ASOS가 없어 대표좌표 기준 최단거리 ASOS를 후보로 제안했습니다. 내부 관측소가 아니므로 검토가 필요합니다. 서울특별시의 대표 ASOS(서울)를 같은 광역시 내부 기초지자체의 지역 대표 관측소로 사용합니다. 구 단위 내부 ASOS 부재는 검토 기록으로 남깁니다.,
서울특별시,은평구,서울특별시 은평구,서울특별시,은평구,서울특별시 은평구,108,서울,108,서울,37.5714,126.9658,37.5714,126.9658,2010-08-16,,서울특별시 은평구,37.5939767,126.9236807,OpenStreetMap Nominatim,4.48,regional_representative,validated,medium,nearest_asos_by_municipality_coordinate,KMA 관측지점정보 station_id=108; station_name=서울; lat=37.5714; lon=126.9658; start=2010-08-16; end=nan; period_2021_2024=ok; address=서울특별시 종로구 송월동,https://data.kma.go.kr/tmeta/stn/selectStnList.do,"112:인천(37.4777,126.6249); 99:파주(37.8859,126.7665); 98:동두천(37.9019,127.0607); 119:수원(37.2575,126.983)",지자체명 직접 일치 ASOS가 없어 대표좌표 기준 최단거리 ASOS를 후보로 제안했습니다. 내부 관측소가 아니므로 검토가 필요합니다. 서울특별시의 대표 ASOS(서울)를 같은 광역시 내부 기초지자체의 지역 대표 관측소로 사용합니다. 구 단위 내부 ASOS 부재는 검토 기록으로 남깁니다.,
서울특별시,종로구,서울특별시 종로구,서울특별시,종로구,서울특별시 종로구,108,서울,108,서울,37.5714,126.9658,37.5714,126.9658,2010-08-16,,서울특별시 종로구,37.5694143,126.9891127,OpenStreetMap Nominatim,2.07,inside_municipality,validated,high,inside_municipality_name_or_address,KMA 관측지점정보 station_id=108; station_name=서울; lat=37.5714; lon=126.9658; start=2010-08-16; end=nan; period_2021_2024=ok; address=서울특별시 종로구 송월동,https://data.kma.go.kr/tmeta/stn/selectStnList.do,,공식 관측소 메타데이터의 지점명 또는 주소가 지자체명과 일치합니다. 경계 기반 내부 판정은 사람 검토가 필요합니다. 공식 관측지점정보의 지점명 또는 주소가 지자체와 일치하여 내부 관측소 후보로 검증했습니다.,
서울특별시,중구,서울특별시 중구,서울특별시,중구,서울특별시 중구,,,,,,,,,,,서울특별시 중구,,,OpenStreetMap Nominatim,,unresolved_no_verified_station,review_required,review_required,nearest_asos_by_municipality_coordinate,KMA 관측지점정보에서 검증 가능한 ASOS 후보를 특정하지 못함,https://data.kma.go.kr/tmeta/stn/selectStnList.do,,지자체명 직접 일치 ASOS가 없고 대표좌표 기준 최단거리 후보도 멀거나 좌표 확인이 불충분합니다. 공식 내부 관측소 근거와 지자체 대표좌표가 부족하여 관측소 후보를 지정하지 않았습니다.,station_unresolved;distance_unavailable
서울특별시,중랑구,서울특별시 중랑구,서울특별시,중랑구,서울특별시 중랑구,108,서울,108,서울,37.5714,126.9658,37.5714,126.9658,2010-08-16,,서울특별시 중랑구,37.6133422,127.0976149,OpenStreetMap Nominatim,12.52,regional_representative,validated,medium,nearest_asos_by_municipality_coordinate,KMA 관측지점정보 station_id=108; station_name=서울; lat=37.5714; lon=126.9658; start=2010-08-16; end=nan; period_2021_2024=ok; address=서울특별시 종로구 송월동,https://data.kma.go.kr/tmeta/stn/selectStnList.do,"98:동두천(37.9019,127.0607); 202:양평(37.4886,127.4945); 119:수원(37.2575,126.983); 99:파주(37.8859,126.7665)",지자체명 직접 일치 ASOS가 없어 대표좌표 기준 최단거리 ASOS를 후보로 제안했습니다. 내부 관측소가 아니므로 검토가 필요합니다. 서울특별시의 대표 ASOS(서울)를 같은 광역시 내부 기초지자체의 지역 대표 관측소로 사용합니다. 구 단위 내부 ASOS 부재는 검토 기록으로 남깁니다.,
울산광역시,남구,울산광역시 남구,울산광역시,남구,울산광역시 남구,152,울산,152,울산,35.5824,129.3347,35.5824,129.3347,2017-08-25,,울산광역시 남구,35.5397903,129.2706577,OpenStreetMap Nominatim,7.48,regional_representative,validated,medium,nearest_asos_by_municipality_coordinate,KMA 관측지점정보 station_id=152; station_name=울산; lat=35.5824; lon=129.3347; start=2017-08-25; end=nan; period_2021_2024=ok; address=울산광역시 중구 약사동,https://data.kma.go.kr/tmeta/stn/selectStnList.do,"283:경주시(35.8175,129.2012); 257:양산시(35.3074,129.0201); 288:밀양(35.4915,128.7441); 253:김해시(35.2298,128.8908)",지자체명 직접 일치 ASOS가 없어 대표좌표 기준 최단거리 ASOS를 후보로 제안했습니다. 내부 관측소가 아니므로 검토가 필요합니다. 울산광역시의 대표 ASOS(울산)를 같은 광역시 내부 기초지자체의 지역 대표 관측소로 사용합니다. 구 단위 내부 ASOS 부재는 검토 기록으로 남깁니다.,
울산광역시,동구,울산광역시 동구,울산광역시,동구,울산광역시 동구,152,울산,152,울산,35.5824,129.3347,35.5824,129.3347,2017-08-25,,울산광역시 동구,35.5863707,129.4272037,OpenStreetMap Nominatim,8.38,regional_representative,validated,medium,nearest_asos_by_municipality_coordinate,KMA 관측지점정보 station_id=152; station_name=울산; lat=35.5824; lon=129.3347; start=2017-08-25; end=nan; period_2021_2024=ok; address=울산광역시 중구 약사동,https://data.kma.go.kr/tmeta/stn/selectStnList.do,"283:경주시(35.8175,129.2012); 257:양산시(35.3074,129.0201); 138:포항(36.032,129.38); 281:영천(35.9774,128.9514)",지자체명 직접 일치 ASOS가 없어 대표좌표 기준 최단거리 ASOS를 후보로 제안했습니다. 내부 관측소가 아니므로 검토가 필요합니다. 울산광역시의 대표 ASOS(울산)를 같은 광역시 내부 기초지자체의 지역 대표 관측소로 사용합니다. 구 단위 내부 ASOS 부재는 검토 기록으로 남깁니다.,
울산광역시,북구,울산광역시 북구,울산광역시,북구,울산광역시 북구,152,울산,152,울산,35.5824,129.3347,35.5824,129.3347,2017-08-25,,울산광역시 북구,35.5863707,129.4272037,OpenStreetMap Nominatim,8.38,regional_representative,validated,medium,nearest_asos_by_municipality_coordinate,KMA 관측지점정보 station_id=152; station_name=울산; lat=35.5824; lon=129.3347; start=2017-08-25; end=nan; period_2021_2024=ok; address=울산광역시 중구 약사동,https://data.kma.go.kr/tmeta/stn/selectStnList.do,"283:경주시(35.8175,129.2012); 257:양산시(35.3074,129.0201); 138:포항(36.032,129.38); 281:영천(35.9774,128.9514)",지자체명 직접 일치 ASOS가 없어 대표좌표 기준 최단거리 ASOS를 후보로 제안했습니다. 내부 관측소가 아니므로 검토가 필요합니다. 울산광역시의 대표 ASOS(울산)를 같은 광역시 내부 기초지자체의 지역 대표 관측소로 사용합니다. 구 단위 내부 ASOS 부재는 검토 기록으로 남깁니다.,
울산광역시,울주군,울산광역시 울주군,울산광역시,울주군,울산광역시 울주군,,,,,,,,,,,울산광역시 울주군,,,OpenStreetMap Nominatim,,unresolved_no_verified_station,review_required,review_required,nearest_asos_by_municipality_coordinate,KMA 관측지점정보에서 검증 가능한 ASOS 후보를 특정하지 못함,https://data.kma.go.kr/tmeta/stn/selectStnList.do,,지자체명 직접 일치 ASOS가 없고 대표좌표 기준 최단거리 후보도 멀거나 좌표 확인이 불충분합니다. 공식 내부 관측소 근거와 지자체 대표좌표가 부족하여 관측소 후보를 지정하지 않았습니다.,station_unresolved;distance_unavailable
울산광역시,중구,울산광역시 중구,울산광역시,중구,울산광역시 중구,152,울산,152,울산,35.5824,129.3347,35.5824,129.3347,2017-08-25,,울산광역시 중구,35.568224,129.3399789,OpenStreetMap Nominatim,1.65,inside_municipality,validated,high,inside_municipality_name_or_address,KMA 관측지점정보 station_id=152; station_name=울산; lat=35.5824; lon=129.3347; start=2017-08-25; end=nan; period_2021_2024=ok; address=울산광역시 중구 약사동,https://data.kma.go.kr/tmeta/stn/selectStnList.do,,공식 관측소 메타데이터의 지점명 또는 주소가 지자체명과 일치합니다. 경계 기반 내부 판정은 사람 검토가 필요합니다. 공식 관측지점정보의 지점명 또는 주소가 지자체와 일치하여 내부 관측소 후보로 검증했습니다.,
인천광역시,강화군,인천광역시 강화군,인천광역시,강화군,인천광역시 강화군,201,강화,201,강화,37.7074,126.4463,37.7074,126.4463,1972-01-11,,인천광역시 강화군,,,OpenStreetMap Nominatim,,inside_municipality,validated,high,inside_municipality_name_or_address,KMA 관측지점정보 station_id=201; station_name=강화; lat=37.7074; lon=126.4463; start=1972-01-11; end=nan; period_2021_2024=ok; address=인천광역시 강화군 불은면 삼성리,https://data.kma.go.kr/tmeta/stn/selectStnList.do,,공식 관측소 메타데이터의 지점명 또는 주소가 지자체명과 일치합니다. 경계 기반 내부 판정은 사람 검토가 필요합니다. 공식 관측지점정보의 지점명 또는 주소가 지자체와 일치하여 내부 관측소 후보로 검증했습니다.,distance_unavailable
인천광역시,계양구,인천광역시 계양구,인천광역시,계양구,인천광역시 계양구,,,,,,,,,,,인천광역시 계양구,,,OpenStreetMap Nominatim,,unresolved_no_verified_station,review_required,review_required,nearest_asos_by_municipality_coordinate,KMA 관측지점정보에서 검증 가능한 ASOS 후보를 특정하지 못함,https://data.kma.go.kr/tmeta/stn/selectStnList.do,,지자체명 직접 일치 ASOS가 없고 대표좌표 기준 최단거리 후보도 멀거나 좌표 확인이 불충분합니다. 공식 내부 관측소 근거와 지자체 대표좌표가 부족하여 관측소 후보를 지정하지 않았습니다.,station_unresolved;distance_unavailable
인천광역시,남동구,인천광역시 남동구,인천광역시,남동구,인천광역시 남동구,112,인천,112,인천,37.4777,126.6249,37.4777,126.6249,2013-10-22,,인천광역시 남동구,37.4563424,126.7031461,OpenStreetMap Nominatim,7.3,regional_representative,validated,medium,nearest_asos_by_municipality_coordinate,KMA 관측지점정보 station_id=112; station_name=인천; lat=37.4777; lon=126.6249; start=2013-10-22; end=nan; period_2021_2024=ok; address=인천광역시 제물포구 전동,https://data.kma.go.kr/tmeta/stn/selectStnList.do,"108:서울(37.5714,126.9658); 119:수원(37.2575,126.983); 201:강화(37.7074,126.4463); 99:파주(37.8859,126.7665)",지자체명 직접 일치 ASOS가 없어 대표좌표 기준 최단거리 ASOS를 후보로 제안했습니다. 내부 관측소가 아니므로 검토가 필요합니다. 인천광역시의 대표 ASOS(인천)를 같은 광역시 내부 기초지자체의 지역 대표 관측소로 사용합니다. 구 단위 내부 ASOS 부재는 검토 기록으로 남깁니다.,
인천광역시,동구,인천광역시 동구,인천광역시,동구,인천광역시 동구,,,,,,,,,,,인천광역시 동구,,,OpenStreetMap Nominatim,,unresolved_no_verified_station,review_required,review_required,nearest_asos_by_municipality_coordinate,KMA 관측지점정보에서 검증 가능한 ASOS 후보를 특정하지 못함,https://data.kma.go.kr/tmeta/stn/selectStnList.do,,지자체명 직접 일치 ASOS가 없고 대표좌표 기준 최단거리 후보도 멀거나 좌표 확인이 불충분합니다. 공식 내부 관측소 근거와 지자체 대표좌표가 부족하여 관측소 후보를 지정하지 않았습니다.,station_unresolved;distance_unavailable
인천광역시,미추홀구,인천광역시 미추홀구,인천광역시,미추홀구,인천광역시 미추홀구,112,인천,112,인천,37.4777,126.6249,37.4777,126.6249,2013-10-22,,인천광역시 미추홀구,37.4633291,126.648981,OpenStreetMap Nominatim,2.66,regional_representative,validated,medium,nearest_asos_by_municipality_coordinate,KMA 관측지점정보 station_id=112; station_name=인천; lat=37.4777; lon=126.6249; start=2013-10-22; end=nan; period_2021_2024=ok; address=인천광역시 제물포구 전동,https://data.kma.go.kr/tmeta/stn/selectStnList.do,"108:서울(37.5714,126.9658); 201:강화(37.7074,126.4463); 119:수원(37.2575,126.983); 99:파주(37.8859,126.7665)",지자체명 직접 일치 ASOS가 없어 대표좌표 기준 최단거리 ASOS를 후보로 제안했습니다. 내부 관측소가 아니므로 검토가 필요합니다. 인천광역시의 대표 ASOS(인천)를 같은 광역시 내부 기초지자체의 지역 대표 관측소로 사용합니다. 구 단위 내부 ASOS 부재는 검토 기록으로 남깁니다.,
인천광역시,부평구,인천광역시 부평구,인천광역시,부평구,인천광역시 부평구,112,인천,112,인천,37.4777,126.6249,37.4777,126.6249,2013-10-22,,인천광역시 부평구,37.4770145,126.6951656,OpenStreetMap Nominatim,6.2,regional_representative,validated,medium,nearest_asos_by_municipality_coordinate,KMA 관측지점정보 station_id=112; station_name=인천; lat=37.4777; lon=126.6249; start=2013-10-22; end=nan; period_2021_2024=ok; address=인천광역시 제물포구 전동,https://data.kma.go.kr/tmeta/stn/selectStnList.do,"108:서울(37.5714,126.9658); 201:강화(37.7074,126.4463); 119:수원(37.2575,126.983); 99:파주(37.8859,126.7665)",지자체명 직접 일치 ASOS가 없어 대표좌표 기준 최단거리 ASOS를 후보로 제안했습니다. 내부 관측소가 아니므로 검토가 필요합니다. 인천광역시의 대표 ASOS(인천)를 같은 광역시 내부 기초지자체의 지역 대표 관측소로 사용합니다. 구 단위 내부 ASOS 부재는 검토 기록으로 남깁니다.,
인천광역시,서구,인천광역시 서구,인천광역시,서구,인천광역시 서구,112,인천,112,인천,37.4777,126.6249,37.4777,126.6249,2013-10-22,,인천광역시 서구,37.5452311,126.6755963,OpenStreetMap Nominatim,8.74,regional_representative,validated,medium,nearest_asos_by_municipality_coordinate,KMA 관측지점정보 station_id=112; station_name=인천; lat=37.4777; lon=126.6249; start=2013-10-22; end=nan; period_2021_2024=ok; address=인천광역시 제물포구 전동,https://data.kma.go.kr/tmeta/stn/selectStnList.do,"108:서울(37.5714,126.9658); 201:강화(37.7074,126.4463); 99:파주(37.8859,126.7665); 119:수원(37.2575,126.983)",지자체명 직접 일치 ASOS가 없어 대표좌표 기준 최단거리 ASOS를 후보로 제안했습니다. 내부 관측소가 아니므로 검토가 필요합니다. 인천광역시의 대표 ASOS(인천)를 같은 광역시 내부 기초지자체의 지역 대표 관측소로 사용합니다. 구 단위 내부 ASOS 부재는 검토 기록으로 남깁니다.,
인천광역시,연수구,인천광역시 연수구,인천광역시,연수구,인천광역시 연수구,112,인천,112,인천,37.4777,126.6249,37.4777,126.6249,2013-10-22,,인천광역시 연수구,37.3985103,126.6721532,OpenStreetMap Nominatim,9.74,regional_representative,validated,medium,nearest_asos_by_municipality_coordinate,KMA 관측지점정보 station_id=112; station_name=인천; lat=37.4777; lon=126.6249; start=2013-10-22; end=nan; period_2021_2024=ok; address=인천광역시 제물포구 전동,https://data.kma.go.kr/tmeta/stn/selectStnList.do,"119:수원(37.2575,126.983); 108:서울(37.5714,126.9658); 201:강화(37.7074,126.4463); 99:파주(37.8859,126.7665)",지자체명 직접 일치 ASOS가 없어 대표좌표 기준 최단거리 ASOS를 후보로 제안했습니다. 내부 관측소가 아니므로 검토가 필요합니다. 인천광역시의 대표 ASOS(인천)를 같은 광역시 내부 기초지자체의 지역 대표 관측소로 사용합니다. 구 단위 내부 ASOS 부재는 검토 기록으로 남깁니다.,
인천광역시,중구,인천광역시 중구,인천광역시,중구,인천광역시 중구,112,인천,112,인천,37.4777,126.6249,37.4777,126.6249,2013-10-22,,인천광역시 중구,37.468079,126.6350721,OpenStreetMap Nominatim,1.4,regional_representative,validated,medium,nearest_asos_by_municipality_coordinate,KMA 관측지점정보 station_id=112; station_name=인천; lat=37.4777; lon=126.6249; start=2013-10-22; end=nan; period_2021_2024=ok; address=인천광역시 제물포구 전동,https://data.kma.go.kr/tmeta/stn/selectStnList.do,"108:서울(37.5714,126.9658); 201:강화(37.7074,126.4463); 119:수원(37.2575,126.983); 99:파주(37.8859,126.7665)",지자체명 직접 일치 ASOS가 없어 대표좌표 기준 최단거리 ASOS를 후보로 제안했습니다. 내부 관측소가 아니므로 검토가 필요합니다. 인천광역시의 대표 ASOS(인천)를 같은 광역시 내부 기초지자체의 지역 대표 관측소로 사용합니다. 구 단위 내부 ASOS 부재는 검토 기록으로 남깁니다.,
전라남도,광양시,전라남도 광양시,전라남도,광양시,전라남도 광양시,266,광양시,266,광양시,34.9434,127.6914,34.9434,127.6914,2017-08-25,,전라남도 광양시,35.0173969,127.7169472,OpenStreetMap Nominatim,8.55,inside_municipality,validated,high,inside_municipality_name_or_address,KMA 관측지점정보 station_id=266; station_name=광양시; lat=34.9434; lon=127.6914; start=2017-08-25; end=nan; period_2021_2024=ok; address=전남광주통합특별시 광양시 중동,https://data.kma.go.kr/tmeta/stn/selectStnList.do,,공식 관측소 메타데이터의 지점명 또는 주소가 지자체명과 일치합니다. 경계 기반 내부 판정은 사람 검토가 필요합니다. 공식 관측지점정보의 지점명 또는 주소가 지자체와 일치하여 내부 관측소 후보로 검증했습니다.,
전라남도,나주시,전라남도 나주시,전라남도,나주시,전라남도 나주시,156,광주,156,광주,35.1729,126.8916,35.1729,126.8916,1939-05-01,,전라남도 나주시,35.0099961,126.8039044,OpenStreetMap Nominatim,19.79,nearest_adjacent,review_required,review_required,nearest_asos_by_municipality_coordinate,KMA 관측지점정보 station_id=156; station_name=광주; lat=35.1729; lon=126.8916; start=1939-05-01; end=nan; period_2021_2024=ok; address=전남광주통합특별시 북구 운암동,https://data.kma.go.kr/tmeta/stn/selectStnList.do,"260:장흥(34.6889,126.9195); 172:고창(35.3482,126.599); 252:영광군(35.2837,126.4778); 165:목포(34.8173,126.3815)","지자체명 직접 일치 ASOS가 없어 대표좌표 기준 최단거리 ASOS를 후보로 제안했습니다. 내부 관측소가 아니므로 검토가 필요합니다. 내부 ASOS가 아니며 거리, 행정권, 지역 대표성 중 일부 근거가 충분하지 않아 사람이 검토해야 합니다.",
전라남도,목포시,전라남도 목포시,전라남도,목포시,전라남도 목포시,165,목포,165,목포,34.8173,126.3815,34.8173,126.3815,2019-10-31,,전라남도 목포시,34.7939217,126.3863848,OpenStreetMap Nominatim,2.64,nearest_adjacent,review_required,review_required,nearest_asos_by_municipality_coordinate,KMA 관측지점정보 station_id=165; station_name=목포; lat=34.8173; lon=126.3815; start=2019-10-31; end=nan; period_2021_2024=ok; address=전남광주통합특별시 목포시 연산동,https://data.kma.go.kr/tmeta/stn/selectStnList.do,"261:해남(34.5538,126.5691); 268:진도군(34.473,126.2585); 260:장흥(34.6889,126.9195); 170:완도(34.3959,126.7018)","지자체명 직접 일치 ASOS가 없어 대표좌표 기준 최단거리 ASOS를 후보로 제안했습니다. 내부 관측소가 아니므로 검토가 필요합니다. 내부 ASOS가 아니며 거리, 행정권, 지역 대표성 중 일부 근거가 충분하지 않아 사람이 검토해야 합니다.",
전라남도,무안군,전라남도 무안군,전라남도,무안군,전라남도 무안군,165,목포,165,목포,34.8173,126.3815,34.8173,126.3815,2019-10-31,,전라남도 무안군,34.801454,126.4855926,OpenStreetMap Nominatim,9.67,nearest_adjacent,review_required,review_required,nearest_asos_by_municipality_coordinate,KMA 관측지점정보 station_id=165; station_name=목포; lat=34.8173; lon=126.3815; start=2019-10-31; end=nan; period_2021_2024=ok; address=전남광주통합특별시 목포시 연산동,https://data.kma.go.kr/tmeta/stn/selectStnList.do,"261:해남(34.5538,126.5691); 260:장흥(34.6889,126.9195); 268:진도군(34.473,126.2585); 170:완도(34.3959,126.7018)","지자체명 직접 일치 ASOS가 없어 대표좌표 기준 최단거리 ASOS를 후보로 제안했습니다. 내부 관측소가 아니므로 검토가 필요합니다. 내부 ASOS가 아니며 거리, 행정권, 지역 대표성 중 일부 근거가 충분하지 않아 사람이 검토해야 합니다.",
전라남도,순천시,전라남도 순천시,전라남도,순천시,전라남도 순천시,174,순천,174,순천,35.0204,127.3694,35.0204,127.3694,2011-04-01,,전라남도 순천시,34.9473584,127.5123288,OpenStreetMap Nominatim,15.35,nearest_adjacent,review_required,review_required,nearest_asos_by_municipality_coordinate,KMA 관측지점정보 station_id=174; station_name=순천; lat=35.0204; lon=127.3694; start=2011-04-01; end=nan; period_2021_2024=ok; address=전남광주통합특별시 순천시 승주읍 평중리,https://data.kma.go.kr/tmeta/stn/selectStnList.do,"266:광양시(34.9434,127.6914); 168:여수(34.7393,127.7406); 258:보성군(34.7634,127.2123); 295:남해(34.8166,127.9264)","지자체명 직접 일치 ASOS가 없어 대표좌표 기준 최단거리 ASOS를 후보로 제안했습니다. 내부 관측소가 아니므로 검토가 필요합니다. 내부 ASOS가 아니며 거리, 행정권, 지역 대표성 중 일부 근거가 충분하지 않아 사람이 검토해야 합니다.",
전라남도,여수시,전라남도 여수시,전라남도,여수시,전라남도 여수시,168,여수,168,여수,34.7393,127.7406,34.7393,127.7406,1942-03-01,,전라남도 여수시,34.7968802,127.7382235,OpenStreetMap Nominatim,6.41,nearest_adjacent,review_required,review_required,nearest_asos_by_municipality_coordinate,KMA 관측지점정보 station_id=168; station_name=여수; lat=34.7393; lon=127.7406; start=1942-03-01; end=nan; period_2021_2024=ok; address=전남광주통합특별시 여수시 고소동,https://data.kma.go.kr/tmeta/stn/selectStnList.do,"266:광양시(34.9434,127.6914); 295:남해(34.8166,127.9264); 174:순천(35.0204,127.3694); 262:고흥(34.6183,127.2757)","지자체명 직접 일치 ASOS가 없어 대표좌표 기준 최단거리 ASOS를 후보로 제안했습니다. 내부 관측소가 아니므로 검토가 필요합니다. 내부 ASOS가 아니며 거리, 행정권, 지역 대표성 중 일부 근거가 충분하지 않아 사람이 검토해야 합니다.",
전라남도,영광군,전라남도 영광군,전라남도,영광군,전라남도 영광군,252,영광군,252,영광군,35.2837,126.4778,35.2837,126.4778,2007-11-26,,전라남도 영광군,35.2395082,126.449449,OpenStreetMap Nominatim,5.55,inside_municipality,validated,high,inside_municipality_name_or_address,KMA 관측지점정보 station_id=252; station_name=영광군; lat=35.2837; lon=126.4778; start=2007-11-26; end=nan; period_2021_2024=ok; address=전남광주통합특별시 영광군 군서면 만곡리,https://data.kma.go.kr/tmeta/stn/selectStnList.do,,공식 관측소 메타데이터의 지점명 또는 주소가 지자체명과 일치합니다. 경계 기반 내부 판정은 사람 검토가 필요합니다. 공식 관측지점정보의 지점명 또는 주소가 지자체와 일치하여 내부 관측소 후보로 검증했습니다.,
전라남도,영암군,전라남도 영암군,전라남도,영암군,전라남도 영암군,261,해남,261,해남,34.5538,126.5691,34.5538,126.5691,1971-02-03,,전라남도 영암군,34.7324044,126.5857721,OpenStreetMap Nominatim,19.92,nearest_adjacent,review_required,review_required,nearest_asos_by_municipality_coordinate,KMA 관측지점정보 station_id=261; station_name=해남; lat=34.5538; lon=126.5691; start=1971-02-03; end=nan; period_2021_2024=ok; address=전남광주통합특별시 해남군 해남읍 남천리,https://data.kma.go.kr/tmeta/stn/selectStnList.do,"165:목포(34.8173,126.3815); 260:장흥(34.6889,126.9195); 170:완도(34.3959,126.7018); 268:진도군(34.473,126.2585)","지자체명 직접 일치 ASOS가 없어 대표좌표 기준 최단거리 ASOS를 후보로 제안했습니다. 내부 관측소가 아니므로 검토가 필요합니다. 내부 ASOS가 아니며 거리, 행정권, 지역 대표성 중 일부 근거가 충분하지 않아 사람이 검토해야 합니다.",
전라남도,완도군,전라남도 완도군,전라남도,완도군,전라남도 완도군,,,,,,,,,,,전라남도 완도군,,,OpenStreetMap Nominatim,,unresolved_no_verified_station,review_required,review_required,nearest_asos_by_municipality_coordinate,KMA 관측지점정보에서 검증 가능한 ASOS 후보를 특정하지 못함,https://data.kma.go.kr/tmeta/stn/selectStnList.do,,지자체명 직접 일치 ASOS가 없고 대표좌표 기준 최단거리 후보도 멀거나 좌표 확인이 불충분합니다. 공식 내부 관측소 근거와 지자체 대표좌표가 부족하여 관측소 후보를 지정하지 않았습니다.,station_unresolved;distance_unavailable
전라남도,함평군,전라남도 함평군,전라남도,함평군,전라남도 함평군,165,목포,165,목포,34.8173,126.3815,34.8173,126.3815,2019-10-31,,전라남도 함평군,35.013975,126.517662,OpenStreetMap Nominatim,25.15,nearest_adjacent,review_required,review_required,nearest_asos_by_municipality_coordinate,KMA 관측지점정보 station_id=165; station_name=목포; lat=34.8173; lon=126.3815; start=2019-10-31; end=nan; period_2021_2024=ok; address=전남광주통합특별시 목포시 연산동,https://data.kma.go.kr/tmeta/stn/selectStnList.do,"252:영광군(35.2837,126.4778); 172:고창(35.3482,126.599); 156:광주(35.1729,126.8916); 261:해남(34.5538,126.5691)","지자체명 직접 일치 ASOS가 없어 대표좌표 기준 최단거리 ASOS를 후보로 제안했습니다. 내부 관측소가 아니므로 검토가 필요합니다. 내부 ASOS가 아니며 거리, 행정권, 지역 대표성 중 일부 근거가 충분하지 않아 사람이 검토해야 합니다.",
전라남도,해남군,전라남도 해남군,전라남도,해남군,전라남도 해남군,261,해남,261,해남,34.5538,126.5691,34.5538,126.5691,1971-02-03,,전라남도 해남군,34.5708913,126.625078,OpenStreetMap Nominatim,5.47,nearest_adjacent,review_required,review_required,nearest_asos_by_municipality_coordinate,KMA 관측지점정보 station_id=261; station_name=해남; lat=34.5538; lon=126.5691; start=1971-02-03; end=nan; period_2021_2024=ok; address=전남광주통합특별시 해남군 해남읍 남천리,https://data.kma.go.kr/tmeta/stn/selectStnList.do,"170:완도(34.3959,126.7018); 260:장흥(34.6889,126.9195); 268:진도군(34.473,126.2585); 165:목포(34.8173,126.3815)","지자체명 직접 일치 ASOS가 없어 대표좌표 기준 최단거리 ASOS를 후보로 제안했습니다. 내부 관측소가 아니므로 검토가 필요합니다. 내부 ASOS가 아니며 거리, 행정권, 지역 대표성 중 일부 근거가 충분하지 않아 사람이 검토해야 합니다.",
전라남도,화순군,전라남도 화순군,전라남도,화순군,전라남도 화순군,,,,,,,,,,,전라남도 화순군,,,OpenStreetMap Nominatim,,unresolved_no_verified_station,review_required,review_required,nearest_asos_by_municipality_coordinate,KMA 관측지점정보에서 검증 가능한 ASOS 후보를 특정하지 못함,https://data.kma.go.kr/tmeta/stn/selectStnList.do,,지자체명 직접 일치 ASOS가 없고 대표좌표 기준 최단거리 후보도 멀거나 좌표 확인이 불충분합니다. 공식 내부 관측소 근거와 지자체 대표좌표가 부족하여 관측소 후보를 지정하지 않았습니다.,station_unresolved;distance_unavailable
전라북도,고창군,전라북도 고창군,전라북도,고창군,전라북도 고창군,,,,,,,,,,,전라북도 고창군,,,OpenStreetMap Nominatim,,unresolved_no_verified_station,review_required,review_required,nearest_asos_by_municipality_coordinate,KMA 관측지점정보에서 검증 가능한 ASOS 후보를 특정하지 못함,https://data.kma.go.kr/tmeta/stn/selectStnList.do,,지자체명 직접 일치 ASOS가 없고 대표좌표 기준 최단거리 후보도 멀거나 좌표 확인이 불충분합니다. 공식 내부 관측소 근거와 지자체 대표좌표가 부족하여 관측소 후보를 지정하지 않았습니다.,station_unresolved;distance_unavailable
전라북도,군산시,전라북도 군산시,전라북도,군산시,전라북도 군산시,,,,,,,,,,,전라북도 군산시,,,OpenStreetMap Nominatim,,unresolved_no_verified_station,review_required,review_required,nearest_asos_by_municipality_coordinate,KMA 관측지점정보에서 검증 가능한 ASOS 후보를 특정하지 못함,https://data.kma.go.kr/tmeta/stn/selectStnList.do,,지자체명 직접 일치 ASOS가 없고 대표좌표 기준 최단거리 후보도 멀거나 좌표 확인이 불충분합니다. 공식 내부 관측소 근거와 지자체 대표좌표가 부족하여 관측소 후보를 지정하지 않았습니다.,station_unresolved;distance_unavailable
전라북도,부안군,전라북도 부안군,전라북도,부안군,전라북도 부안군,243,부안,243,부안,35.7296,126.7166,35.7296,126.7166,1972-03-01,,전라북도 부안군,35.7169073,126.729791,OpenStreetMap Nominatim,1.85,nearest_adjacent,validated,medium,nearest_asos_by_municipality_coordinate,KMA 관측지점정보 station_id=243; station_name=부안; lat=35.7296; lon=126.7166; start=1972-03-01; end=nan; period_2021_2024=ok; address=전북특별자치도 부안군 행안면 역리,https://data.kma.go.kr/tmeta/stn/selectStnList.do,"245:정읍(35.5633,126.839); 140:군산(36.0053,126.7614); 146:전주(35.8409,127.1172); 172:고창(35.3482,126.599)","지자체명 직접 일치 ASOS가 없어 대표좌표 기준 최단거리 ASOS를 후보로 제안했습니다. 내부 관측소가 아니므로 검토가 필요합니다. 공식 관측소 정보가 유효하고, 같은 광역 행정권 내 최단거리 ASOS입니다. 내부 관측소가 아니므로 지역 대표성 검토 메모를 유지합니다.",
전라북도,순창군,전라북도 순창군,전라북도,순창군,전라북도 순창군,254,순창군,254,순창군,35.3713,127.1286,35.3713,127.1286,2008-07-16,,전라북도 순창군,35.479512,126.9242234,OpenStreetMap Nominatim,22.08,inside_municipality,validated,high,inside_municipality_name_or_address,KMA 관측지점정보 station_id=254; station_name=순창군; lat=35.3713; lon=127.1286; start=2008-07-16; end=nan; period_2021_2024=ok; address=전북특별자치도 순창군 순창읍 교성리,https://data.kma.go.kr/tmeta/stn/selectStnList.do,,공식 관측소 메타데이터의 지점명 또는 주소가 지자체명과 일치합니다. 경계 기반 내부 판정은 사람 검토가 필요합니다. 공식 관측지점정보의 지점명 또는 주소가 지자체와 일치하여 내부 관측소 후보로 검증했습니다.,
전라북도,익산시,전라북도 익산시,전라북도,익산시,전라북도 익산시,146,전주,146,전주,35.8409,127.1172,35.8409,127.1172,2015-07-01,,전라북도 익산시,35.9325022,127.0234321,OpenStreetMap Nominatim,13.23,nearest_adjacent,validated,medium,nearest_asos_by_municipality_coordinate,KMA 관측지점정보 station_id=146; station_name=전주; lat=35.8409; lon=127.1172; start=2015-07-01; end=nan; period_2021_2024=ok; address=전북특별자치도 전주시 덕진구 덕진동2가,https://data.kma.go.kr/tmeta/stn/selectStnList.do,"140:군산(36.0053,126.7614); 243:부안(35.7296,126.7166); 236:부여(36.2724,126.9208); 244:임실(35.612,127.2856)","지자체명 직접 일치 ASOS가 없어 대표좌표 기준 최단거리 ASOS를 후보로 제안했습니다. 내부 관측소가 아니므로 검토가 필요합니다. 공식 관측소 정보가 유효하고, 같은 광역 행정권 내 최단거리 ASOS입니다. 내부 관측소가 아니므로 지역 대표성 검토 메모를 유지합니다.",
전라북도,임실군,전라북도 임실군,전라북도,임실군,전라북도 임실군,,,,,,,,,,,전라북도 임실군,,,OpenStreetMap Nominatim,,unresolved_no_verified_station,review_required,review_required,nearest_asos_by_municipality_coordinate,KMA 관측지점정보에서 검증 가능한 ASOS 후보를 특정하지 못함,https://data.kma.go.kr/tmeta/stn/selectStnList.do,,지자체명 직접 일치 ASOS가 없고 대표좌표 기준 최단거리 후보도 멀거나 좌표 확인이 불충분합니다. 공식 내부 관측소 근거와 지자체 대표좌표가 부족하여 관측소 후보를 지정하지 않았습니다.,station_unresolved;distance_unavailable
전라북도,전주시,전라북도 전주시,전라북도,전주시,전라북도 전주시,146,전주,146,전주,35.8409,127.1172,35.8409,127.1172,2015-07-01,,전라북도 전주시,35.825052,127.1672936,OpenStreetMap Nominatim,4.85,nearest_adjacent,validated,medium,nearest_asos_by_municipality_coordinate,KMA 관측지점정보 station_id=146; station_name=전주; lat=35.8409; lon=127.1172; start=2015-07-01; end=nan; period_2021_2024=ok; address=전북특별자치도 전주시 덕진구 덕진동2가,https://data.kma.go.kr/tmeta/stn/selectStnList.do,"244:임실(35.612,127.2856); 248:장수(35.657,127.5203); 245:정읍(35.5633,126.839); 140:군산(36.0053,126.7614)","지자체명 직접 일치 ASOS가 없어 대표좌표 기준 최단거리 ASOS를 후보로 제안했습니다. 내부 관측소가 아니므로 검토가 필요합니다. 공식 관측소 정보가 유효하고, 같은 광역 행정권 내 최단거리 ASOS입니다. 내부 관측소가 아니므로 지역 대표성 검토 메모를 유지합니다.",
전라북도,정읍시,전라북도 정읍시,전라북도,정읍시,전라북도 정읍시,,,,,,,,,,,전라북도 정읍시,,,OpenStreetMap Nominatim,,unresolved_no_verified_station,review_required,review_required,nearest_asos_by_municipality_coordinate,KMA 관측지점정보에서 검증 가능한 ASOS 후보를 특정하지 못함,https://data.kma.go.kr/tmeta/stn/selectStnList.do,,지자체명 직접 일치 ASOS가 없고 대표좌표 기준 최단거리 후보도 멀거나 좌표 확인이 불충분합니다. 공식 내부 관측소 근거와 지자체 대표좌표가 부족하여 관측소 후보를 지정하지 않았습니다.,station_unresolved;distance_unavailable
전라북도,진안군,전라북도 진안군,전라북도,진안군,전라북도 진안군,,,,,,,,,,,전라북도 진안군,,,OpenStreetMap Nominatim,,unresolved_no_verified_station,review_required,review_required,nearest_asos_by_municipality_coordinate,KMA 관측지점정보에서 검증 가능한 ASOS 후보를 특정하지 못함,https://data.kma.go.kr/tmeta/stn/selectStnList.do,,지자체명 직접 일치 ASOS가 없고 대표좌표 기준 최단거리 후보도 멀거나 좌표 확인이 불충분합니다. 공식 내부 관측소 근거와 지자체 대표좌표가 부족하여 관측소 후보를 지정하지 않았습니다.,station_unresolved;distance_unavailable
제주특별자치도,서귀포시,제주특별자치도 서귀포시,제주특별자치도,서귀포시,제주특별자치도 서귀포시,189,서귀포,189,서귀포,33.2462,126.5653,33.2462,126.5653,2010-11-09,,제주특별자치도 서귀포시,33.2554582,126.5637513,OpenStreetMap Nominatim,1.04,inside_municipality,validated,high,inside_municipality_name_or_address,KMA 관측지점정보 station_id=189; station_name=서귀포; lat=33.2462; lon=126.5653; start=2010-11-09; end=nan; period_2021_2024=ok; address=제주특별자치도 서귀포시 서귀동,https://data.kma.go.kr/tmeta/stn/selectStnList.do,"188:성산(33.3868,126.8802)",공식 관측소 메타데이터의 지점명 또는 주소가 지자체명과 일치합니다. 경계 기반 내부 판정은 사람 검토가 필요합니다. 공식 관측지점정보의 지점명 또는 주소가 지자체와 일치하여 내부 관측소 후보로 검증했습니다.,
제주특별자치도,제주시,제주특별자치도 제주시,제주특별자치도,제주시,제주특별자치도 제주시,184,제주,184,제주,33.5141,126.5297,33.5141,126.5297,1923-05-01,,제주특별자치도 제주시,33.4905592,126.4990185,OpenStreetMap Nominatim,3.87,inside_municipality,validated,high,inside_municipality_name_or_address,KMA 관측지점정보 station_id=184; station_name=제주; lat=33.5141; lon=126.5297; start=1923-05-01; end=nan; period_2021_2024=ok; address=제주특별자치도 제주시 건입동,https://data.kma.go.kr/tmeta/stn/selectStnList.do,"185:고산(33.2938,126.1628)",공식 관측소 메타데이터의 지점명 또는 주소가 지자체명과 일치합니다. 경계 기반 내부 판정은 사람 검토가 필요합니다. 공식 관측지점정보의 지점명 또는 주소가 지자체와 일치하여 내부 관측소 후보로 검증했습니다.,
충청남도,계룡시,충청남도 계룡시,충청남도,계룡시,충청남도 계룡시,,,,,,,,,,,충청남도 계룡시,,,OpenStreetMap Nominatim,,unresolved_no_verified_station,review_required,review_required,nearest_asos_by_municipality_coordinate,KMA 관측지점정보에서 검증 가능한 ASOS 후보를 특정하지 못함,https://data.kma.go.kr/tmeta/stn/selectStnList.do,,지자체명 직접 일치 ASOS가 없고 대표좌표 기준 최단거리 후보도 멀거나 좌표 확인이 불충분합니다. 공식 내부 관측소 근거와 지자체 대표좌표가 부족하여 관측소 후보를 지정하지 않았습니다.,station_unresolved;distance_unavailable
충청남도,당진시,충청남도 당진시,충청남도,당진시,충청남도 당진시,129,서산,129,서산,36.7766,126.4939,36.7766,126.4939,1968-01-01,,충청남도 당진시,36.9445155,126.8067454,OpenStreetMap Nominatim,33.52,nearest_adjacent,review_required,review_required,nearest_asos_by_municipality_coordinate,KMA 관측지점정보 station_id=129; station_name=서산; lat=36.7766; lon=126.4939; start=1968-01-01; end=nan; period_2021_2024=ok; address=충청남도 서산시 수석동,https://data.kma.go.kr/tmeta/stn/selectStnList.do,"177:홍성(36.6576,126.6877); 119:수원(37.2575,126.983); 232:천안(36.7622,127.2928); 112:인천(37.4777,126.6249)","지자체명 직접 일치 ASOS가 없어 대표좌표 기준 최단거리 ASOS를 후보로 제안했습니다. 내부 관측소가 아니므로 검토가 필요합니다. 내부 ASOS가 아니며 거리, 행정권, 지역 대표성 중 일부 근거가 충분하지 않아 사람이 검토해야 합니다.",distance_ge_30km
충청남도,부여군,충청남도 부여군,충청남도,부여군,충청남도 부여군,236,부여,236,부여,36.2724,126.9208,36.2724,126.9208,1972-01-09,,충청남도 부여군,36.3078573,126.8965712,OpenStreetMap Nominatim,4.5,inside_municipality,validated,high,inside_municipality_name_or_address,KMA 관측지점정보 station_id=236; station_name=부여; lat=36.2724; lon=126.9208; start=1972-01-09; end=nan; period_2021_2024=ok; address=충청남도 부여군 부여읍 가탑리,https://data.kma.go.kr/tmeta/stn/selectStnList.do,,공식 관측소 메타데이터의 지점명 또는 주소가 지자체명과 일치합니다. 경계 기반 내부 판정은 사람 검토가 필요합니다. 공식 관측지점정보의 지점명 또는 주소가 지자체와 일치하여 내부 관측소 후보로 검증했습니다.,
충청남도,서산시,충청남도 서산시,충청남도,서산시,충청남도 서산시,129,서산,129,서산,36.7766,126.4939,36.7766,126.4939,1968-01-01,,충청남도 서산시,36.7753731,126.4653802,OpenStreetMap Nominatim,2.54,inside_municipality,validated,high,inside_municipality_name_or_address,KMA 관측지점정보 station_id=129; station_name=서산; lat=36.7766; lon=126.4939; start=1968-01-01; end=nan; period_2021_2024=ok; address=충청남도 서산시 수석동,https://data.kma.go.kr/tmeta/stn/selectStnList.do,,공식 관측소 메타데이터의 지점명 또는 주소가 지자체명과 일치합니다. 경계 기반 내부 판정은 사람 검토가 필요합니다. 공식 관측지점정보의 지점명 또는 주소가 지자체와 일치하여 내부 관측소 후보로 검증했습니다.,
충청남도,아산시,충청남도 아산시,충청남도,아산시,충청남도 아산시,232,천안,232,천안,36.7622,127.2928,36.7622,127.2928,2016-04-01,,충청남도 아산시,36.8000713,127.093544,OpenStreetMap Nominatim,18.24,nearest_adjacent,validated,medium,nearest_asos_by_municipality_coordinate,KMA 관측지점정보 station_id=232; station_name=천안; lat=36.7622; lon=127.2928; start=2016-04-01; end=nan; period_2021_2024=ok; address=충청남도 천안시 동남구 병천면 병천리,https://data.kma.go.kr/tmeta/stn/selectStnList.do,"131:청주(36.6392,127.4407); 239:세종(36.4852,127.2444); 177:홍성(36.6576,126.6877); 119:수원(37.2575,126.983)","지자체명 직접 일치 ASOS가 없어 대표좌표 기준 최단거리 ASOS를 후보로 제안했습니다. 내부 관측소가 아니므로 검토가 필요합니다. 공식 관측소 정보가 유효하고, 같은 광역 행정권 내 최단거리 ASOS입니다. 내부 관측소가 아니므로 지역 대표성 검토 메모를 유지합니다.",
충청북도,음성군,충청북도 음성군,충청북도,음성군,충청북도 음성군,,,,,,,,,,,충청북도 음성군,,,OpenStreetMap Nominatim,,unresolved_no_verified_station,review_required,review_required,nearest_asos_by_municipality_coordinate,KMA 관측지점정보에서 검증 가능한 ASOS 후보를 특정하지 못함,https://data.kma.go.kr/tmeta/stn/selectStnList.do,,지자체명 직접 일치 ASOS가 없고 대표좌표 기준 최단거리 후보도 멀거나 좌표 확인이 불충분합니다. 공식 내부 관측소 근거와 지자체 대표좌표가 부족하여 관측소 후보를 지정하지 않았습니다.,station_unresolved;distance_unavailable
충청북도,진천군,충청북도 진천군,충청북도,진천군,충청북도 진천군,,,,,,,,,,,충청북도 진천군,,,OpenStreetMap Nominatim,,unresolved_no_verified_station,review_required,review_required,nearest_asos_by_municipality_coordinate,KMA 관측지점정보에서 검증 가능한 ASOS 후보를 특정하지 못함,https://data.kma.go.kr/tmeta/stn/selectStnList.do,,지자체명 직접 일치 ASOS가 없고 대표좌표 기준 최단거리 후보도 멀거나 좌표 확인이 불충분합니다. 공식 내부 관측소 근거와 지자체 대표좌표가 부족하여 관측소 후보를 지정하지 않았습니다.,station_unresolved;distance_unavailable
충청북도,청주시,충청북도 청주시,충청북도,청주시,충청북도 청주시,131,청주,131,청주,36.6392,127.4407,36.6392,127.4407,1967-01-01,,충청북도 청주시,36.7251518,127.4646161,OpenStreetMap Nominatim,9.79,inside_municipality,validated,high,inside_municipality_name_or_address,KMA 관측지점정보 station_id=131; station_name=청주; lat=36.6392; lon=127.4407; start=1967-01-01; end=nan; period_2021_2024=ok; address=충청북도 청주시흥덕구 복대동,https://data.kma.go.kr/tmeta/stn/selectStnList.do,,공식 관측소 메타데이터의 지점명 또는 주소가 지자체명과 일치합니다. 경계 기반 내부 판정은 사람 검토가 필요합니다. 공식 관측지점정보의 지점명 또는 주소가 지자체와 일치하여 내부 관측소 후보로 검증했습니다.,
